dataset_id,cell_line,condition_id,fold_id,source_condition_id,target_1,target_2,perturbation_type,hvg_n,n_seeds,n_eval_cells,string_go_pearson_r,gears_pearson_r,scgpt_pearson_r,geneformer_pearson_r,gears_minus_string_go,scgpt_minus_string_go,geneformer_minus_string_go,gears_output_vs_training_mean_r,gears_output_variance,gears_output_norm,gears_gene_order_ok,gears_nondegenerate_output_ok
Adamson_2016,K562,ADAMSON_2016_COND_0001,fold_01,adamson_ATF6,ATF6,,single,200,3,100,0.485228,0.480063,0.484489,0.502401,-0.005165,-0.000739,0.017173,0.135818302,0.848691,1.249263,true,true
Adamson_2016,K562,ADAMSON_2016_COND_0002,fold_02,adamson_XBP1,XBP1,,single,200,3,100,0.3887,0.400786,0.414568,0.422825,0.012086,0.025867,0.034125,0.121767292,0.832946,1.275705,true,true
Adamson_2016,K562,ADAMSON_2016_COND_0003,fold_03,adamson_ERN1,ERN1,,single,200,3,100,0.476509,0.452594,0.462928,0.475688,-0.023915,-0.013581,-0.000821,0.125224605,0.841928,1.249244,true,true
Adamson_2016,K562,ADAMSON_2016_COND_0004,fold_04,adamson_HSPA5,HSPA5,,single,200,3,100,0.477529,0.465041,0.479168,0.491481,-0.012488,0.001639,0.013952,0.127601835,0.846714,1.255116,true,true
Adamson_2016,K562,ADAMSON_2016_COND_0005,fold_05,adamson_DDIT3,DDIT3,,single,200,3,100,0.342783,0.328268,0.341539,0.35182,-0.014515,-0.001244,0.009037,0.110493284,0.835023,1.218975,true,true
Adamson_2016,K562,ADAMSON_2016_COND_0006,fold_06,adamson_MBTPS1,MBTPS1,,single,200,3,100,0.373228,0.358485,0.373042,0.386399,-0.014743,-0.000186,0.013171,0.113889682,0.832764,1.252458,true,true
Adamson_2016,K562,ADAMSON_2016_COND_0007,fold_07,adamson_MBTPS2,MBTPS2,,single,200,3,100,0.363233,0.352447,0.362285,0.374122,-0.010786,-0.000947,0.010889,0.114511943,0.843435,1.238859,true,true
Adamson_2016,K562,ADAMSON_2016_COND_0008,fold_08,adamson_ATF4,ATF4,,single,200,3,100,0.424682,0.443469,0.449234,0.462416,0.018787,0.024552,0.037734,0.124637693,0.836739,1.25748,true,true
Adamson_2016,K562,ADAMSON_2016_COND_0009,fold_09,adamson_EIF2AK3,EIF2AK3,,single,200,3,100,0.464712,0.457102,0.465373,0.474894,-0.00761,0.000661,0.010182,0.126457477,0.840847,1.269044,true,true
Adamson_2016,K562,ADAMSON_2016_COND_0010,fold_10,adamson_MANF,MANF,,single,200,3,100,0.454943,0.468862,0.482331,0.496884,0.013919,0.027388,0.041941,0.133938753,0.844068,1.251858,true,true
Adamson_2016,K562,ADAMSON_2016_COND_0011,fold_11,adamson_EDEM1,EDEM1,,single,200,3,100,0.456995,0.446279,0.453899,0.470242,-0.010716,-0.003095,0.013247,0.126014905,0.854625,1.247737,true,true
Adamson_2016,K562,ADAMSON_2016_COND_0012,fold_12,adamson_EDEM2,EDEM2,,single,200,3,100,0.419328,0.415766,0.42137,0.442743,-0.003561,0.002043,0.023415,0.126844684,0.839795,1.244928,true,true
Adamson_2016,K562,ADAMSON_2016_COND_0013,fold_13,adamson_EDEM3,EDEM3,,single,200,3,100,0.384979,0.352348,0.362407,0.386148,-0.032631,-0.022572,0.001169,0.110253498,0.844239,1.257475,true,true
Adamson_2016,K562,ADAMSON_2016_COND_0014,fold_14,adamson_DNAJC3,DNAJC3,,single,200,3,100,0.434784,0.430586,0.445378,0.460656,-0.004199,0.010594,0.025872,0.119649777,0.832411,1.246134,true,true
Adamson_2016,K562,ADAMSON_2016_COND_0015,fold_15,adamson_HERPUD1,HERPUD1,,single,200,3,100,0.498826,0.497,0.505911,0.521563,-0.001826,0.007085,0.022737,0.122977329,0.845047,1.26812,true,true
Adamson_2016,K562,ADAMSON_2016_COND_0016,fold_16,adamson_SYVN1,SYVN1,,single,200,3,100,0.492646,0.44716,0.46378,0.471222,-0.045485,-0.028866,-0.021423,0.129605427,0.844065,1.254287,true,true
Adamson_2016,K562,ADAMSON_2016_COND_0017,fold_17,adamson_SEL1L,SEL1L,,single,200,3,100,0.432111,0.425261,0.43895,0.446953,-0.00685,0.006839,0.014842,0.124897303,0.850022,1.248494,true,true
Adamson_2016,K562,ADAMSON_2016_COND_0018,fold_18,adamson_DERL1,DERL1,,single,200,3,100,0.40023,0.384063,0.398062,0.409464,-0.016167,-0.002168,0.009235,0.112759110,0.848171,1.242027,true,true
Adamson_2016,K562,ADAMSON_2016_COND_0019,fold_19,adamson_DERL2,DERL2,,single,200,3,100,0.398856,0.392171,0.400772,0.414665,-0.006685,0.001916,0.015809,0.120922779,0.836267,1.238985,true,true
Adamson_2016,K562,ADAMSON_2016_COND_0020,fold_20,adamson_DERL3,DERL3,,single,200,3,100,0.477774,0.483619,0.488252,0.506043,0.005845,0.010478,0.028269,0.121202829,0.846348,1.26185,true,true
Adamson_2016,K562,ADAMSON_2016_COND_0021,fold_21,adamson_VCP,VCP,,single,200,3,100,0.422791,0.414982,0.41924,0.431255,-0.007808,-0.003551,0.008465,0.114524839,0.839981,1.256868,true,true
Adamson_2016,K562,ADAMSON_2016_COND_0022,fold_22,adamson_NPLOC4,NPLOC4,,single,200,3,100,0.415381,0.408473,0.420435,0.433602,-0.006908,0.005054,0.018221,0.116517172,0.837713,1.241259,true,true
Adamson_2016,K562,ADAMSON_2016_COND_0023,fold_23,adamson_UFD1L,UFD1L,,single,200,3,100,0.392612,0.416317,0.432585,0.447215,0.023705,0.039973,0.054603,0.123408314,0.849311,1.244367,true,true
Adamson_2016,K562,ADAMSON_2016_COND_0024,fold_24,adamson_AMFR,AMFR,,single,200,3,100,0.469113,0.464224,0.479535,0.483595,-0.004889,0.010422,0.014482,0.133505968,0.853136,1.253541,true,true
Adamson_2016,K562,ADAMSON_2016_COND_0025,fold_25,adamson_RHBDD4,RHBDD4,,single,200,3,100,0.442675,0.43454,0.445428,0.457055,-0.008135,0.002753,0.01438,0.125470990,0.846956,1.252718,true,true
Adamson_2016,K562,ADAMSON_2016_COND_0026,fold_26,adamson_UBXN4,UBXN4,,single,200,3,100,0.409659,0.394334,0.405793,0.41724,-0.015325,-0.003866,0.007582,0.129255152,0.841759,1.24135,true,true
Adamson_2016,K562,ADAMSON_2016_COND_0027,fold_27,adamson_FAF1,FAF1,,single,200,3,100,0.4044,0.361728,0.371838,0.381651,-0.042672,-0.032562,-0.022749,0.115834551,0.844292,1.232442,true,true
Adamson_2016,K562,ADAMSON_2016_COND_0028,fold_28,adamson_ASNS,ASNS,,single,200,3,100,0.479267,0.488489,0.495003,0.503512,0.009221,0.015735,0.024245,0.137078130,0.842523,1.254578,true,true
Adamson_2016,K562,ADAMSON_2016_COND_0029,fold_29,adamson_TRIB3,TRIB3,,single,200,3,100,0.42699,0.408029,0.4204,0.428873,-0.01896,-0.00659,0.001884,0.120246478,0.846613,1.252625,true,true
Adamson_2016,K562,ADAMSON_2016_COND_0030,fold_30,adamson_CHAC1,CHAC1,,single,200,3,100,0.431141,0.390099,0.403194,0.411834,-0.041042,-0.027947,-0.019306,0.127090788,0.83871,1.246621,true,true
Adamson_2016,K562,ADAMSON_2016_COND_0031,fold_31,adamson_CEBPG,CEBPG,,single,200,3,100,0.324697,0.318167,0.32374,0.332936,-0.00653,-0.000957,0.008239,0.111806560,0.841162,1.238766,true,true
Adamson_2016,K562,ADAMSON_2016_COND_0032,fold_32,adamson_SREBF1,SREBF1,,single,200,3,100,0.339961,0.359079,0.365236,0.381983,0.019118,0.025275,0.042022,0.120241516,0.833056,1.239051,true,true
Adamson_2016,K562,ADAMSON_2016_COND_0033,fold_33,adamson_SREBF2,SREBF2,,single,200,3,100,0.485108,0.470635,0.486583,0.499859,-0.014473,0.001475,0.014752,0.126601282,0.846625,1.247454,true,true
Adamson_2016,K562,ADAMSON_2016_COND_0034,fold_34,adamson_INSIG1,INSIG1,,single,200,3,100,0.456273,0.440245,0.456816,0.461547,-0.016028,0.000543,0.005274,0.124195193,0.847866,1.249956,true,true
Adamson_2016,K562,ADAMSON_2016_COND_0035,fold_35,adamson_INSIG2,INSIG2,,single,200,3,100,0.439644,0.416502,0.430381,0.437072,-0.023142,-0.009263,-0.002572,0.126994209,0.835584,1.25077,true,true
Adamson_2016,K562,ADAMSON_2016_COND_0036,fold_36,adamson_SCAP,SCAP,,single,200,3,100,0.497824,0.49485,0.504591,0.521272,-0.002974,0.006767,0.023449,0.135356162,0.851717,1.26257,true,true
Adamson_2016,K562,ADAMSON_2016_COND_0037,fold_37,adamson_FADS1,FADS1,,single,200,3,100,0.503658,0.48781,0.50614,0.516365,-0.015848,0.002482,0.012707,0.125471603,0.845194,1.262578,true,true
Adamson_2016,K562,ADAMSON_2016_COND_0038,fold_38,adamson_FADS2,FADS2,,single,200,3,100,0.428973,0.438815,0.451197,0.461706,0.009842,0.022224,0.032733,0.124117647,0.839723,1.262709,true,true
Adamson_2016,K562,ADAMSON_2016_COND_0039,fold_39,adamson_SCD,SCD,,single,200,3,100,0.416258,0.440951,0.452293,0.466194,0.024693,0.036035,0.049936,0.130258149,0.838026,1.22964,true,true
Adamson_2016,K562,ADAMSON_2016_COND_0040,fold_40,adamson_HMGCR,HMGCR,,single,200,3,100,0.445437,0.438751,0.449042,0.463426,-0.006687,0.003604,0.017988,0.138602289,0.848982,1.244302,true,true
Adamson_2016,K562,ADAMSON_2016_COND_0041,fold_41,adamson_HMGCS1,HMGCS1,,single,200,3,100,0.461149,0.457708,0.466932,0.478574,-0.003441,0.005783,0.017425,0.127648423,0.84972,1.259885,true,true
Adamson_2016,K562,ADAMSON_2016_COND_0042,fold_42,adamson_MVD,MVD,,single,200,3,100,0.440629,0.4448,0.451376,0.467071,0.004171,0.010747,0.026442,0.132346151,0.847777,1.235008,true,true
Adamson_2016,K562,ADAMSON_2016_COND_0043,fold_43,adamson_IDI1,IDI1,,single,200,3,100,0.441815,0.385069,0.400416,0.416237,-0.056746,-0.041399,-0.025578,0.130543001,0.839111,1.244972,true,true
Adamson_2016,K562,ADAMSON_2016_COND_0044,fold_44,adamson_FDPS,FDPS,,single,200,3,100,0.42902,0.427413,0.439061,0.44833,-0.001607,0.010042,0.01931,0.127980854,0.832375,1.254546,true,true
Adamson_2016,K562,ADAMSON_2016_COND_0045,fold_45,adamson_SQLE,SQLE,,single,200,3,100,0.484473,0.479778,0.492013,0.505487,-0.004695,0.00754,0.021014,0.132159101,0.836024,1.262328,true,true
Adamson_2016,K562,ADAMSON_2016_COND_0046,fold_46,adamson_LSS,LSS,,single,200,3,100,0.463425,0.464898,0.477307,0.485032,0.001473,0.013882,0.021607,0.132213511,0.842618,1.24881,true,true
Adamson_2016,K562,ADAMSON_2016_COND_0047,fold_47,adamson_DHCR7,DHCR7,,single,200,3,100,0.418743,0.405506,0.422474,0.438071,-0.013237,0.003731,0.019329,0.120111708,0.833365,1.242888,true,true
Adamson_2016,K562,ADAMSON_2016_COND_0048,fold_48,adamson_DHCR24,DHCR24,,single,200,3,100,0.487196,0.483985,0.496145,0.511398,-0.003211,0.008949,0.024202,0.126257374,0.845314,1.260117,true,true
Adamson_2016,K562,ADAMSON_2016_COND_0049,fold_49,adamson_EBP,EBP,,single,200,3,100,0.496118,0.490689,0.506562,0.511558,-0.005429,0.010444,0.015441,0.135905802,0.853322,1.254115,true,true
Adamson_2016,K562,ADAMSON_2016_COND_0050,fold_50,adamson_TMEM97,TMEM97,,single,200,3,100,0.459568,0.448262,0.464239,0.478123,-0.011305,0.004671,0.018556,0.120550366,0.842557,1.263483,true,true
Adamson_2016,K562,ADAMSON_2016_COND_0001,fold_01,adamson_ATF6,ATF6,,single,500,3,100,0.472357,0.49561,0.504274,0.480656,0.023253,0.031917,0.008299,0.132911891,0.847791,1.254825,true,true
Adamson_2016,K562,ADAMSON_2016_COND_0002,fold_02,adamson_XBP1,XBP1,,single,500,3,100,0.395736,0.419335,0.429427,0.402782,0.023599,0.033691,0.007046,0.116781272,0.834388,1.243525,true,true
Adamson_2016,K562,ADAMSON_2016_COND_0003,fold_03,adamson_ERN1,ERN1,,single,500,3,100,0.43808,0.477966,0.479014,0.458963,0.039885,0.040934,0.020883,0.123342988,0.847973,1.245328,true,true
Adamson_2016,K562,ADAMSON_2016_COND_0004,fold_04,adamson_HSPA5,HSPA5,,single,500,3,100,0.464615,0.488223,0.499647,0.476939,0.023608,0.035032,0.012324,0.126828734,0.840701,1.258607,true,true
Adamson_2016,K562,ADAMSON_2016_COND_0005,fold_05,adamson_DDIT3,DDIT3,,single,500,3,100,0.326307,0.345459,0.356442,0.335179,0.019152,0.030135,0.008872,0.116017928,0.829838,1.242596,true,true
Adamson_2016,K562,ADAMSON_2016_COND_0006,fold_06,adamson_MBTPS1,MBTPS1,,single,500,3,100,0.361342,0.38773,0.393897,0.367575,0.026388,0.032555,0.006233,0.121717514,0.835446,1.243426,true,true
Adamson_2016,K562,ADAMSON_2016_COND_0007,fold_07,adamson_MBTPS2,MBTPS2,,single,500,3,100,0.355773,0.370139,0.377872,0.359157,0.014366,0.022098,0.003383,0.115214583,0.831545,1.233634,true,true
Adamson_2016,K562,ADAMSON_2016_COND_0008,fold_08,adamson_ATF4,ATF4,,single,500,3,100,0.442885,0.451207,0.468261,0.445539,0.008322,0.025377,0.002654,0.126232796,0.84323,1.242296,true,true
Adamson_2016,K562,ADAMSON_2016_COND_0009,fold_09,adamson_EIF2AK3,EIF2AK3,,single,500,3,100,0.446178,0.467415,0.484919,0.462615,0.021237,0.038741,0.016437,0.132732564,0.838719,1.259098,true,true
Adamson_2016,K562,ADAMSON_2016_COND_0010,fold_10,adamson_MANF,MANF,,single,500,3,100,0.481458,0.487429,0.491756,0.475596,0.005972,0.010299,-0.005862,0.136901836,0.84977,1.243876,true,true
Adamson_2016,K562,ADAMSON_2016_COND_0011,fold_11,adamson_EDEM1,EDEM1,,single,500,3,100,0.438611,0.465657,0.473659,0.449035,0.027046,0.035048,0.010424,0.119969879,0.834965,1.253632,true,true
Adamson_2016,K562,ADAMSON_2016_COND_0012,fold_12,adamson_EDEM2,EDEM2,,single,500,3,100,0.40714,0.433625,0.445553,0.417086,0.026485,0.038413,0.009946,0.125175532,0.83746,1.25841,true,true
Adamson_2016,K562,ADAMSON_2016_COND_0013,fold_13,adamson_EDEM3,EDEM3,,single,500,3,100,0.35235,0.376656,0.382691,0.363826,0.024306,0.030341,0.011476,0.117256046,0.839383,1.235639,true,true
Adamson_2016,K562,ADAMSON_2016_COND_0014,fold_14,adamson_DNAJC3,DNAJC3,,single,500,3,100,0.437232,0.452333,0.461549,0.443758,0.015101,0.024317,0.006526,0.134082289,0.848989,1.254835,true,true
Adamson_2016,K562,ADAMSON_2016_COND_0015,fold_15,adamson_HERPUD1,HERPUD1,,single,500,3,100,0.495788,0.512502,0.527113,0.498286,0.016714,0.031325,0.002498,0.130573501,0.837819,1.255345,true,true
Adamson_2016,K562,ADAMSON_2016_COND_0016,fold_16,adamson_SYVN1,SYVN1,,single,500,3,100,0.444292,0.46133,0.475973,0.456004,0.017038,0.031681,0.011712,0.127627050,0.839337,1.251574,true,true
Adamson_2016,K562,ADAMSON_2016_COND_0017,fold_17,adamson_SEL1L,SEL1L,,single,500,3,100,0.418967,0.439006,0.451007,0.431716,0.020039,0.03204,0.012749,0.123944334,0.839306,1.236483,true,true
Adamson_2016,K562,ADAMSON_2016_COND_0018,fold_18,adamson_DERL1,DERL1,,single,500,3,100,0.376118,0.399041,0.41196,0.393062,0.022923,0.035842,0.016944,0.115563228,0.841441,1.247354,true,true
Adamson_2016,K562,ADAMSON_2016_COND_0019,fold_19,adamson_DERL2,DERL2,,single,500,3,100,0.381307,0.404851,0.420533,0.391754,0.023545,0.039226,0.010448,0.126986200,0.835572,1.246353,true,true
Adamson_2016,K562,ADAMSON_2016_COND_0020,fold_20,adamson_DERL3,DERL3,,single,500,3,100,0.4845,0.496056,0.509439,0.486356,0.011556,0.024938,0.001856,0.132881702,0.840808,1.257037,true,true
Adamson_2016,K562,ADAMSON_2016_COND_0021,fold_21,adamson_VCP,VCP,,single,500,3,100,0.405198,0.436434,0.439417,0.420107,0.031236,0.034219,0.014909,0.126624771,0.834004,1.24971,true,true
Adamson_2016,K562,ADAMSON_2016_COND_0022,fold_22,adamson_NPLOC4,NPLOC4,,single,500,3,100,0.402887,0.428425,0.438516,0.410114,0.025538,0.035629,0.007227,0.122958880,0.852819,1.24719,true,true
Adamson_2016,K562,ADAMSON_2016_COND_0023,fold_23,adamson_UFD1L,UFD1L,,single,500,3,100,0.433694,0.441534,0.451538,0.423633,0.00784,0.017844,-0.010061,0.122182294,0.844451,1.248224,true,true
Adamson_2016,K562,ADAMSON_2016_COND_0024,fold_24,adamson_AMFR,AMFR,,single,500,3,100,0.462384,0.482041,0.498017,0.464274,0.019658,0.035634,0.00189,0.127915325,0.842122,1.247994,true,true
Adamson_2016,K562,ADAMSON_2016_COND_0025,fold_25,adamson_RHBDD4,RHBDD4,,single,500,3,100,0.421257,0.448399,0.459465,0.439319,0.027142,0.038208,0.018062,0.132192229,0.835338,1.252971,true,true
Adamson_2016,K562,ADAMSON_2016_COND_0026,fold_26,adamson_UBXN4,UBXN4,,single,500,3,100,0.37803,0.407217,0.416924,0.39241,0.029187,0.038894,0.01438,0.123685293,0.84052,1.241349,true,true
Adamson_2016,K562,ADAMSON_2016_COND_0027,fold_27,adamson_FAF1,FAF1,,single,500,3,100,0.332762,0.374558,0.387275,0.361971,0.041795,0.054513,0.029209,0.125150760,0.836734,1.230332,true,true
Adamson_2016,K562,ADAMSON_2016_COND_0028,fold_28,adamson_ASNS,ASNS,,single,500,3,100,0.485542,0.500319,0.515986,0.489579,0.014777,0.030445,0.004037,0.134328470,0.844449,1.253887,true,true
Adamson_2016,K562,ADAMSON_2016_COND_0029,fold_29,adamson_TRIB3,TRIB3,,single,500,3,100,0.394539,0.421341,0.438559,0.411025,0.026802,0.04402,0.016487,0.119142824,0.846793,1.244739,true,true
Adamson_2016,K562,ADAMSON_2016_COND_0030,fold_30,adamson_CHAC1,CHAC1,,single,500,3,100,0.376607,0.406086,0.416156,0.398621,0.029479,0.03955,0.022014,0.117199303,0.837355,1.242013,true,true
Adamson_2016,K562,ADAMSON_2016_COND_0031,fold_31,adamson_CEBPG,CEBPG,,single,500,3,100,0.310827,0.326806,0.338488,0.314824,0.015979,0.027661,0.003997,0.119167184,0.843323,1.244167,true,true
Adamson_2016,K562,ADAMSON_2016_COND_0032,fold_32,adamson_SREBF1,SREBF1,,single,500,3,100,0.339905,0.366019,0.380873,0.358064,0.026114,0.040968,0.018159,0.121395092,0.833962,1.244279,true,true
Adamson_2016,K562,ADAMSON_2016_COND_0033,fold_33,adamson_SREBF2,SREBF2,,single,500,3,100,0.464804,0.482793,0.499789,0.471264,0.017989,0.034985,0.006459,0.139462161,0.847555,1.264165,true,true
Adamson_2016,K562,ADAMSON_2016_COND_0034,fold_34,adamson_INSIG1,INSIG1,,single,500,3,100,0.436801,0.458854,0.464248,0.442118,0.022053,0.027447,0.005317,0.117953473,0.842061,1.252073,true,true
Adamson_2016,K562,ADAMSON_2016_COND_0035,fold_35,adamson_INSIG2,INSIG2,,single,500,3,100,0.407761,0.435716,0.44291,0.427732,0.027955,0.035149,0.01997,0.124987433,0.847122,1.249027,true,true
Adamson_2016,K562,ADAMSON_2016_COND_0036,fold_36,adamson_SCAP,SCAP,,single,500,3,100,0.489626,0.511342,0.522095,0.499517,0.021715,0.032468,0.00989,0.137983232,0.84397,1.253038,true,true
Adamson_2016,K562,ADAMSON_2016_COND_0037,fold_37,adamson_FADS1,FADS1,,single,500,3,100,0.488083,0.514003,0.524866,0.500288,0.02592,0.036783,0.012204,0.133304197,0.843344,1.260565,true,true
Adamson_2016,K562,ADAMSON_2016_COND_0038,fold_38,adamson_FADS2,FADS2,,single,500,3,100,0.448529,0.456813,0.470014,0.441649,0.008284,0.021485,-0.00688,0.122792724,0.841345,1.249905,true,true
Adamson_2016,K562,ADAMSON_2016_COND_0039,fold_39,adamson_SCD,SCD,,single,500,3,100,0.448471,0.455499,0.471306,0.445221,0.007028,0.022835,-0.00325,0.122163840,0.839236,1.250261,true,true
Adamson_2016,K562,ADAMSON_2016_COND_0040,fold_40,adamson_HMGCR,HMGCR,,single,500,3,100,0.427232,0.458638,0.466657,0.445295,0.031405,0.039425,0.018063,0.118123832,0.844366,1.248921,true,true
Adamson_2016,K562,ADAMSON_2016_COND_0041,fold_41,adamson_HMGCS1,HMGCS1,,single,500,3,100,0.449086,0.475811,0.479273,0.460774,0.026725,0.030187,0.011688,0.123944704,0.839066,1.249912,true,true
Adamson_2016,K562,ADAMSON_2016_COND_0042,fold_42,adamson_MVD,MVD,,single,500,3,100,0.442179,0.45313,0.469128,0.450186,0.010951,0.026949,0.008007,0.127707697,0.846333,1.254629,true,true
Adamson_2016,K562,ADAMSON_2016_COND_0043,fold_43,adamson_IDI1,IDI1,,single,500,3,100,0.370307,0.407998,0.417785,0.395792,0.037691,0.047478,0.025485,0.123626653,0.837972,1.248893,true,true
Adamson_2016,K562,ADAMSON_2016_COND_0044,fold_44,adamson_FDPS,FDPS,,single,500,3,100,0.431609,0.440816,0.453935,0.433368,0.009207,0.022326,0.001759,0.120035043,0.844293,1.263034,true,true
Adamson_2016,K562,ADAMSON_2016_COND_0045,fold_45,adamson_SQLE,SQLE,,single,500,3,100,0.470126,0.497366,0.503734,0.485419,0.02724,0.033608,0.015294,0.127365642,0.831433,1.252039,true,true
Adamson_2016,K562,ADAMSON_2016_COND_0046,fold_46,adamson_LSS,LSS,,single,500,3,100,0.454449,0.475795,0.487117,0.463922,0.021346,0.032668,0.009473,0.126637117,0.838186,1.250639,true,true
Adamson_2016,K562,ADAMSON_2016_COND_0047,fold_47,adamson_DHCR7,DHCR7,,single,500,3,100,0.406488,0.427128,0.43273,0.417436,0.02064,0.026242,0.010947,0.123821026,0.839491,1.243755,true,true
Adamson_2016,K562,ADAMSON_2016_COND_0048,fold_48,adamson_DHCR24,DHCR24,,single,500,3,100,0.482169,0.502565,0.512131,0.490609,0.020397,0.029962,0.008441,0.135904112,0.838575,1.265225,true,true
Adamson_2016,K562,ADAMSON_2016_COND_0049,fold_49,adamson_EBP,EBP,,single,500,3,100,0.488382,0.505237,0.518527,0.50017,0.016855,0.030145,0.011788,0.133496657,0.843216,1.270741,true,true
Adamson_2016,K562,ADAMSON_2016_COND_0050,fold_50,adamson_TMEM97,TMEM97,,single,500,3,100,0.453748,0.468852,0.481548,0.460402,0.015104,0.0278,0.006654,0.129741985,0.848202,1.262404,true,true
Adamson_2016,K562,ADAMSON_2016_COND_0001,fold_01,adamson_ATF6,ATF6,,single,1000,3,100,0.459162,0.508784,0.484146,0.492025,0.049621,0.024984,0.032863,0.127746936,0.852133,1.258017,true,true
Adamson_2016,K562,ADAMSON_2016_COND_0002,fold_02,adamson_XBP1,XBP1,,single,1000,3,100,0.399674,0.430833,0.408077,0.417009,0.031159,0.008403,0.017335,0.132571837,0.827672,1.256231,true,true
Adamson_2016,K562,ADAMSON_2016_COND_0003,fold_03,adamson_ERN1,ERN1,,single,1000,3,100,0.435173,0.48732,0.46144,0.4774,0.052147,0.026267,0.042227,0.139677551,0.846999,1.260493,true,true
Adamson_2016,K562,ADAMSON_2016_COND_0004,fold_04,adamson_HSPA5,HSPA5,,single,1000,3,100,0.457808,0.49948,0.489786,0.494752,0.041672,0.031978,0.036944,0.125912614,0.851247,1.255866,true,true
Adamson_2016,K562,ADAMSON_2016_COND_0005,fold_05,adamson_DDIT3,DDIT3,,single,1000,3,100,0.314654,0.36774,0.344702,0.349301,0.053086,0.030047,0.034647,0.107924701,0.839251,1.243527,true,true
Adamson_2016,K562,ADAMSON_2016_COND_0006,fold_06,adamson_MBTPS1,MBTPS1,,single,1000,3,100,0.341029,0.393221,0.380289,0.384478,0.052192,0.03926,0.043449,0.123890929,0.849153,1.246501,true,true
Adamson_2016,K562,ADAMSON_2016_COND_0007,fold_07,adamson_MBTPS2,MBTPS2,,single,1000,3,100,0.328964,0.385219,0.370376,0.375224,0.056255,0.041412,0.046259,0.110755573,0.840407,1.240729,true,true
Adamson_2016,K562,ADAMSON_2016_COND_0008,fold_08,adamson_ATF4,ATF4,,single,1000,3,100,0.441922,0.466015,0.455482,0.464542,0.024093,0.013561,0.022621,0.121889141,0.843412,1.25083,true,true
Adamson_2016,K562,ADAMSON_2016_COND_0009,fold_09,adamson_EIF2AK3,EIF2AK3,,single,1000,3,100,0.443529,0.483601,0.467003,0.474108,0.040072,0.023474,0.030579,0.124195001,0.843648,1.252924,true,true
Adamson_2016,K562,ADAMSON_2016_COND_0010,fold_10,adamson_MANF,MANF,,single,1000,3,100,0.469641,0.50248,0.482527,0.487712,0.032839,0.012885,0.018071,0.132880533,0.838703,1.252949,true,true
Adamson_2016,K562,ADAMSON_2016_COND_0011,fold_11,adamson_EDEM1,EDEM1,,single,1000,3,100,0.43602,0.475987,0.45275,0.4619,0.039967,0.01673,0.02588,0.131461691,0.840637,1.257935,true,true
Adamson_2016,K562,ADAMSON_2016_COND_0012,fold_12,adamson_EDEM2,EDEM2,,single,1000,3,100,0.409584,0.441769,0.426802,0.4349,0.032185,0.017218,0.025317,0.127003259,0.827523,1.247047,true,true
Adamson_2016,K562,ADAMSON_2016_COND_0013,fold_13,adamson_EDEM3,EDEM3,,single,1000,3,100,0.331631,0.389528,0.370288,0.382141,0.057897,0.038657,0.050509,0.113676257,0.836069,1.23915,true,true
Adamson_2016,K562,ADAMSON_2016_COND_0014,fold_14,adamson_DNAJC3,DNAJC3,,single,1000,3,100,0.427718,0.469238,0.452018,0.452798,0.04152,0.0243,0.02508,0.124698993,0.844186,1.245841,true,true
Adamson_2016,K562,ADAMSON_2016_COND_0015,fold_15,adamson_HERPUD1,HERPUD1,,single,1000,3,100,0.481842,0.523764,0.508079,0.515055,0.041922,0.026237,0.033213,0.135032893,0.844713,1.25555,true,true
Adamson_2016,K562,ADAMSON_2016_COND_0016,fold_16,adamson_SYVN1,SYVN1,,single,1000,3,100,0.398625,0.481244,0.460544,0.468463,0.082619,0.061918,0.069838,0.129821286,0.849578,1.260258,true,true
Adamson_2016,K562,ADAMSON_2016_COND_0017,fold_17,adamson_SEL1L,SEL1L,,single,1000,3,100,0.41432,0.45833,0.4393,0.44526,0.04401,0.02498,0.03094,0.120986344,0.843121,1.258751,true,true
Adamson_2016,K562,ADAMSON_2016_COND_0018,fold_18,adamson_DERL1,DERL1,,single,1000,3,100,0.371705,0.420245,0.392977,0.404821,0.048541,0.021272,0.033116,0.119719189,0.839084,1.2434,true,true
Adamson_2016,K562,ADAMSON_2016_COND_0019,fold_19,adamson_DERL2,DERL2,,single,1000,3,100,0.383942,0.420116,0.399015,0.413028,0.036174,0.015073,0.029086,0.120349785,0.843534,1.248873,true,true
Adamson_2016,K562,ADAMSON_2016_COND_0020,fold_20,adamson_DERL3,DERL3,,single,1000,3,100,0.465168,0.5161,0.494908,0.499398,0.050932,0.02974,0.034229,0.128428244,0.835336,1.25144,true,true
Adamson_2016,K562,ADAMSON_2016_COND_0021,fold_21,adamson_VCP,VCP,,single,1000,3,100,0.397719,0.442941,0.423791,0.438205,0.045222,0.026072,0.040486,0.121386483,0.836397,1.245049,true,true
Adamson_2016,K562,ADAMSON_2016_COND_0022,fold_22,adamson_NPLOC4,NPLOC4,,single,1000,3,100,0.384556,0.437247,0.416572,0.426015,0.052691,0.032016,0.041459,0.126295977,0.836277,1.248645,true,true
Adamson_2016,K562,ADAMSON_2016_COND_0023,fold_23,adamson_UFD1L,UFD1L,,single,1000,3,100,0.430686,0.453635,0.43121,0.440971,0.022948,0.000524,0.010285,0.127652823,0.838555,1.24476,true,true
Adamson_2016,K562,ADAMSON_2016_COND_0024,fold_24,adamson_AMFR,AMFR,,single,1000,3,100,0.442786,0.49465,0.475487,0.482968,0.051864,0.032701,0.040182,0.129954638,0.83886,1.245261,true,true
Adamson_2016,K562,ADAMSON_2016_COND_0025,fold_25,adamson_RHBDD4,RHBDD4,,single,1000,3,100,0.418309,0.463745,0.445348,0.454397,0.045436,0.027039,0.036088,0.122979260,0.85301,1.255289,true,true
Adamson_2016,K562,ADAMSON_2016_COND_0026,fold_26,adamson_UBXN4,UBXN4,,single,1000,3,100,0.379944,0.425368,0.411086,0.416773,0.045424,0.031142,0.036829,0.116872015,0.843715,1.240362,true,true
Adamson_2016,K562,ADAMSON_2016_COND_0027,fold_27,adamson_FAF1,FAF1,,single,1000,3,100,0.326828,0.387282,0.369162,0.375567,0.060454,0.042334,0.048739,0.110914174,0.830529,1.240956,true,true
Adamson_2016,K562,ADAMSON_2016_COND_0028,fold_28,adamson_ASNS,ASNS,,single,1000,3,100,0.483695,0.51503,0.49409,0.505008,0.031335,0.010396,0.021313,0.138641511,0.847262,1.238389,true,true
Adamson_2016,K562,ADAMSON_2016_COND_0029,fold_29,adamson_TRIB3,TRIB3,,single,1000,3,100,0.394196,0.433224,0.418312,0.427227,0.039028,0.024116,0.033031,0.124366131,0.839164,1.254764,true,true
Adamson_2016,K562,ADAMSON_2016_COND_0030,fold_30,adamson_CHAC1,CHAC1,,single,1000,3,100,0.366027,0.428628,0.408887,0.414555,0.062602,0.04286,0.048528,0.129149446,0.846449,1.247191,true,true
Adamson_2016,K562,ADAMSON_2016_COND_0031,fold_31,adamson_CEBPG,CEBPG,,single,1000,3,100,0.298216,0.344093,0.322925,0.334505,0.045877,0.024709,0.036289,0.123862704,0.8341,1.232616,true,true
Adamson_2016,K562,ADAMSON_2016_COND_0032,fold_32,adamson_SREBF1,SREBF1,,single,1000,3,100,0.371589,0.383285,0.368105,0.376947,0.011696,-0.003483,0.005358,0.122253298,0.840503,1.239268,true,true
Adamson_2016,K562,ADAMSON_2016_COND_0033,fold_33,adamson_SREBF2,SREBF2,,single,1000,3,100,0.457473,0.503343,0.4872,0.486009,0.045869,0.029727,0.028536,0.131719764,0.850144,1.24864,true,true
Adamson_2016,K562,ADAMSON_2016_COND_0034,fold_34,adamson_INSIG1,INSIG1,,single,1000,3,100,0.420217,0.473165,0.450533,0.459286,0.052949,0.030317,0.03907,0.123332042,0.845488,1.246613,true,true
Adamson_2016,K562,ADAMSON_2016_COND_0035,fold_35,adamson_INSIG2,INSIG2,,single,1000,3,100,0.392106,0.448307,0.423072,0.435076,0.056201,0.030966,0.04297,0.113594226,0.834148,1.257269,true,true
Adamson_2016,K562,ADAMSON_2016_COND_0036,fold_36,adamson_SCAP,SCAP,,single,1000,3,100,0.483378,0.528373,0.505595,0.517183,0.044995,0.022217,0.033805,0.129093768,0.844197,1.259587,true,true
Adamson_2016,K562,ADAMSON_2016_COND_0037,fold_37,adamson_FADS1,FADS1,,single,1000,3,100,0.472809,0.519179,0.502379,0.512744,0.04637,0.02957,0.039935,0.124462115,0.848316,1.257137,true,true
Adamson_2016,K562,ADAMSON_2016_COND_0038,fold_38,adamson_FADS2,FADS2,,single,1000,3,100,0.434827,0.468652,0.451054,0.46364,0.033825,0.016227,0.028813,0.128198151,0.847458,1.249282,true,true
Adamson_2016,K562,ADAMSON_2016_COND_0039,fold_39,adamson_SCD,SCD,,single,1000,3,100,0.444502,0.468455,0.448788,0.465744,0.023953,0.004286,0.021242,0.133103357,0.851369,1.247727,true,true
Adamson_2016,K562,ADAMSON_2016_COND_0040,fold_40,adamson_HMGCR,HMGCR,,single,1000,3,100,0.432556,0.472721,0.449362,0.459836,0.040165,0.016806,0.027279,0.133231089,0.841176,1.243241,true,true
Adamson_2016,K562,ADAMSON_2016_COND_0041,fold_41,adamson_HMGCS1,HMGCS1,,single,1000,3,100,0.445525,0.487343,0.458968,0.475884,0.041818,0.013443,0.030359,0.132946546,0.84128,1.261201,true,true
Adamson_2016,K562,ADAMSON_2016_COND_0042,fold_42,adamson_MVD,MVD,,single,1000,3,100,0.425879,0.471521,0.448707,0.46538,0.045641,0.022828,0.039501,0.122807464,0.83994,1.250835,true,true
Adamson_2016,K562,ADAMSON_2016_COND_0043,fold_43,adamson_IDI1,IDI1,,single,1000,3,100,0.349839,0.420106,0.401229,0.41011,0.070267,0.05139,0.060271,0.124432670,0.842107,1.245252,true,true
Adamson_2016,K562,ADAMSON_2016_COND_0044,fold_44,adamson_FDPS,FDPS,,single,1000,3,100,0.413256,0.460121,0.439718,0.452198,0.046865,0.026462,0.038942,0.122803929,0.84831,1.253686,true,true
Adamson_2016,K562,ADAMSON_2016_COND_0045,fold_45,adamson_SQLE,SQLE,,single,1000,3,100,0.479179,0.511237,0.492055,0.502081,0.032058,0.012876,0.022902,0.129498359,0.844484,1.256615,true,true
Adamson_2016,K562,ADAMSON_2016_COND_0046,fold_46,adamson_LSS,LSS,,single,1000,3,100,0.453766,0.491706,0.47457,0.480887,0.03794,0.020804,0.027121,0.129350139,0.843224,1.26337,true,true
Adamson_2016,K562,ADAMSON_2016_COND_0047,fold_47,adamson_DHCR7,DHCR7,,single,1000,3,100,0.398385,0.444794,0.421728,0.427886,0.046409,0.023343,0.029501,0.121740600,0.839607,1.25913,true,true
Adamson_2016,K562,ADAMSON_2016_COND_0048,fold_48,adamson_DHCR24,DHCR24,,single,1000,3,100,0.471797,0.514127,0.497848,0.509359,0.04233,0.026051,0.037562,0.134643856,0.844923,1.255416,true,true
Adamson_2016,K562,ADAMSON_2016_COND_0049,fold_49,adamson_EBP,EBP,,single,1000,3,100,0.479923,0.52113,0.498355,0.512511,0.041207,0.018432,0.032588,0.128282924,0.841268,1.256212,true,true
Adamson_2016,K562,ADAMSON_2016_COND_0050,fold_50,adamson_TMEM97,TMEM97,,single,1000,3,100,0.441881,0.486817,0.467022,0.480018,0.044936,0.025141,0.038137,0.133920813,0.847279,1.246798,true,true
Norman_2019,K562,NORMAN_2019_COND_0001,fold_01,norman_single_CDKN1A,CDKN1A,,single,200,3,120,0.408346,0.437485,0.451489,0.425248,0.029139,0.043143,0.016902,0.128962799,0.833488,1.244666,true,true
Norman_2019,K562,NORMAN_2019_COND_0002,fold_02,norman_single_FOXA1,FOXA1,,single,200,3,120,0.451357,0.465296,0.475234,0.450164,0.01394,0.023877,-0.001193,0.120988157,0.831348,1.242456,true,true
Norman_2019,K562,NORMAN_2019_COND_0003,fold_03,norman_single_CEBPE,CEBPE,,single,200,3,120,0.464888,0.504757,0.512323,0.497564,0.039869,0.047435,0.032676,0.125421310,0.84646,1.249359,true,true
Norman_2019,K562,NORMAN_2019_COND_0004,fold_04,norman_single_ETS2,ETS2,,single,200,3,120,0.524909,0.511677,0.521149,0.50208,-0.013232,-0.00376,-0.022829,0.126332794,0.840763,1.244119,true,true
Norman_2019,K562,NORMAN_2019_COND_0005,fold_05,norman_single_SNAI1,SNAI1,,single,200,3,120,0.438164,0.438052,0.447161,0.424895,-0.000112,0.008997,-0.01327,0.118841532,0.843522,1.246793,true,true
Norman_2019,K562,NORMAN_2019_COND_0006,fold_06,norman_single_DUSP6,DUSP6,,single,200,3,120,0.436148,0.473012,0.4861,0.461772,0.036864,0.049953,0.025625,0.113453763,0.849918,1.248807,true,true
Norman_2019,K562,NORMAN_2019_COND_0007,fold_07,norman_single_KLF4,KLF4,,single,200,3,120,0.478726,0.462579,0.477939,0.458613,-0.016148,-0.000787,-0.020113,0.131248342,0.849074,1.255259,true,true
Norman_2019,K562,NORMAN_2019_COND_0008,fold_08,norman_single_MYOD1,MYOD1,,single,200,3,120,0.491749,0.500518,0.509044,0.484151,0.008769,0.017295,-0.007598,0.130505566,0.851205,1.261805,true,true
Norman_2019,K562,NORMAN_2019_COND_0009,fold_09,norman_single_RUNX1T1,RUNX1T1,,single,200,3,120,0.536865,0.526478,0.53868,0.51016,-0.010387,0.001815,-0.026705,0.120531505,0.852881,1.259091,true,true
Norman_2019,K562,NORMAN_2019_COND_0010,fold_10,norman_single_PTPN12,PTPN12,,single,200,3,120,0.518739,0.500534,0.507854,0.489166,-0.018205,-0.010885,-0.029572,0.127636156,0.842514,1.262238,true,true
Norman_2019,K562,NORMAN_2019_COND_0011,fold_11,norman_single_UBASH3B,UBASH3B,,single,200,3,120,0.446135,0.468952,0.477678,0.453289,0.022817,0.031544,0.007155,0.118560060,0.84361,1.256934,true,true
Norman_2019,K562,NORMAN_2019_COND_0012,fold_12,norman_single_ZBTB10,ZBTB10,,single,200,3,120,0.473035,0.489735,0.500171,0.478543,0.016701,0.027136,0.005508,0.119777441,0.837906,1.260857,true,true
Norman_2019,K562,NORMAN_2019_COND_0013,fold_13,norman_single_IRF1,IRF1,,single,200,3,120,0.528199,0.500357,0.510234,0.488965,-0.027842,-0.017965,-0.039234,0.121944859,0.837851,1.258601,true,true
Norman_2019,K562,NORMAN_2019_COND_0014,fold_14,norman_single_SPI1,SPI1,,single,200,3,120,0.507412,0.516807,0.524169,0.503654,0.009395,0.016757,-0.003758,0.124993975,0.838914,1.257795,true,true
Norman_2019,K562,NORMAN_2019_COND_0015,fold_15,norman_single_VSIR,VSIR,,single,200,3,120,0.453023,0.453136,0.467237,0.442439,0.000114,0.014214,-0.010584,0.125119795,0.843306,1.247464,true,true
Norman_2019,K562,NORMAN_2019_COND_0016,fold_16,norman_single_SETDB1,SETDB1,,single,200,3,120,0.516729,0.535411,0.54234,0.520904,0.018682,0.025611,0.004175,0.128623953,0.845132,1.266694,true,true
Norman_2019,K562,NORMAN_2019_COND_0017,fold_17,norman_single_PRDM1,PRDM1,,single,200,3,120,0.4733,0.482295,0.493957,0.475163,0.008995,0.020656,0.001863,0.121137931,0.845186,1.249133,true,true
Norman_2019,K562,NORMAN_2019_COND_0018,fold_18,norman_single_DLX2,DLX2,,single,200,3,120,0.441247,0.442785,0.44993,0.428244,0.001538,0.008682,-0.013004,0.117418933,0.825843,1.241732,true,true
Norman_2019,K562,NORMAN_2019_COND_0019,fold_19,norman_single_IKZF3,IKZF3,,single,200,3,120,0.366294,0.3749,0.400884,0.370467,0.008606,0.03459,0.004173,0.109768891,0.840971,1.251536,true,true
Norman_2019,K562,NORMAN_2019_COND_0020,fold_20,norman_single_LHX1,LHX1,,single,200,3,120,0.505753,0.453272,0.467601,0.442819,-0.052481,-0.038152,-0.062934,0.126899960,0.838922,1.253921,true,true
Norman_2019,K562,NORMAN_2019_COND_0021,fold_21,norman_single_MAP2K3,MAP2K3,,single,200,3,120,0.531417,0.52675,0.538121,0.518298,-0.004667,0.006703,-0.013119,0.124628413,0.843987,1.257989,true,true
Norman_2019,K562,NORMAN_2019_COND_0022,fold_22,norman_single_MAP2K6,MAP2K6,,single,200,3,120,0.547017,0.528936,0.548904,0.514718,-0.018081,0.001887,-0.032299,0.123090086,0.849147,1.251089,true,true
Norman_2019,K562,NORMAN_2019_COND_0023,fold_23,norman_single_MEIS1,MEIS1,,single,200,3,120,0.493504,0.471171,0.479054,0.460169,-0.022333,-0.01445,-0.033335,0.124985998,0.848042,1.240196,true,true
Norman_2019,K562,NORMAN_2019_COND_0024,fold_24,norman_single_NEUROG2,NEUROG2,,single,200,3,120,0.526396,0.510854,0.519485,0.504276,-0.015541,-0.00691,-0.022119,0.126057650,0.844634,1.244196,true,true
Norman_2019,K562,NORMAN_2019_COND_0025,fold_25,norman_single_POU5F1,POU5F1,,single,200,3,120,0.500831,0.516419,0.529456,0.511318,0.015588,0.028625,0.010487,0.128438811,0.8416,1.245231,true,true
Norman_2019,K562,NORMAN_2019_COND_0026,fold_26,norman_double_CEBPE|SPI1,CEBPE,SPI1,double,200,3,120,0.448282,0.462386,0.471771,0.453629,0.014104,0.023489,0.005347,0.119786503,0.84088,1.247021,true,true
Norman_2019,K562,NORMAN_2019_COND_0027,fold_27,norman_double_CDKN1A|FOXA1,CDKN1A,FOXA1,double,200,3,120,0.509054,0.50225,0.509995,0.494106,-0.006804,0.000942,-0.014948,0.124729847,0.8484,1.249516,true,true
Norman_2019,K562,NORMAN_2019_COND_0028,fold_28,norman_double_ETS2|SNAI1,ETS2,SNAI1,double,200,3,120,0.495652,0.513166,0.524002,0.507642,0.017514,0.02835,0.01199,0.121227435,0.842723,1.250859,true,true
Norman_2019,K562,NORMAN_2019_COND_0029,fold_29,norman_double_DUSP6|KLF4,DUSP6,KLF4,double,200,3,120,0.483475,0.493796,0.507252,0.478309,0.010321,0.023776,-0.005166,0.123777526,0.861953,1.259828,true,true
Norman_2019,K562,NORMAN_2019_COND_0030,fold_30,norman_double_MYOD1|RUNX1T1,MYOD1,RUNX1T1,double,200,3,120,0.487606,0.496527,0.504746,0.483694,0.008922,0.01714,-0.003912,0.124800065,0.835375,1.239639,true,true
Norman_2019,K562,NORMAN_2019_COND_0031,fold_31,norman_double_PTPN12|UBASH3B,PTPN12,UBASH3B,double,200,3,120,0.481562,0.475504,0.493505,0.462188,-0.006058,0.011942,-0.019375,0.124128832,0.847808,1.244695,true,true
Norman_2019,K562,NORMAN_2019_COND_0032,fold_32,norman_double_IRF1|SPI1,IRF1,SPI1,double,200,3,120,0.438001,0.472158,0.470682,0.450799,0.034157,0.03268,0.012798,0.125249540,0.840323,1.255817,true,true
Norman_2019,K562,NORMAN_2019_COND_0033,fold_33,norman_double_SETDB1|PRDM1,SETDB1,PRDM1,double,200,3,120,0.508884,0.508174,0.51822,0.500448,-0.00071,0.009335,-0.008436,0.120852128,0.845833,1.251273,true,true
Norman_2019,K562,NORMAN_2019_COND_0034,fold_34,norman_double_DLX2|IKZF3,DLX2,IKZF3,double,200,3,120,0.520513,0.524968,0.531756,0.514762,0.004455,0.011243,-0.005751,0.128367637,0.850632,1.253099,true,true
Norman_2019,K562,NORMAN_2019_COND_0035,fold_35,norman_double_LHX1|MAP2K3,LHX1,MAP2K3,double,200,3,120,0.523733,0.508652,0.518069,0.490224,-0.015081,-0.005664,-0.033509,0.117689975,0.838305,1.25338,true,true
Norman_2019,K562,NORMAN_2019_COND_0036,fold_36,norman_double_MAP2K6|MEIS1,MAP2K6,MEIS1,double,200,3,120,0.48961,0.507645,0.517357,0.496453,0.018035,0.027747,0.006843,0.129805673,0.839281,1.259045,true,true
Norman_2019,K562,NORMAN_2019_COND_0037,fold_37,norman_double_NEUROG2|POU5F1,NEUROG2,POU5F1,double,200,3,120,0.536836,0.531099,0.547322,0.524882,-0.005737,0.010485,-0.011955,0.128627916,0.839643,1.26516,true,true
Norman_2019,K562,NORMAN_2019_COND_0038,fold_38,norman_double_RELA|STAT1,RELA,STAT1,double,200,3,120,0.505285,0.513781,0.525435,0.504894,0.008496,0.02015,-0.000391,0.127409905,0.83599,1.25624,true,true
Norman_2019,K562,NORMAN_2019_COND_0039,fold_39,norman_double_TGIF1|TP53,TGIF1,TP53,double,200,3,120,0.469898,0.487402,0.503471,0.471285,0.017504,0.033573,0.001387,0.122459192,0.829096,1.258466,true,true
Norman_2019,K562,NORMAN_2019_COND_0040,fold_40,norman_double_ZNF217|FOXO1,ZNF217,FOXO1,double,200,3,120,0.522911,0.506672,0.511598,0.496522,-0.016239,-0.011313,-0.026389,0.127259430,0.838329,1.260454,true,true
Norman_2019,K562,NORMAN_2019_COND_0041,fold_41,norman_double_GATA1|HNF4A,GATA1,HNF4A,double,200,3,120,0.437601,0.453765,0.45834,0.439398,0.016164,0.020739,0.001797,0.118108190,0.845783,1.245738,true,true
Norman_2019,K562,NORMAN_2019_COND_0042,fold_42,norman_double_ISL1|MITF,ISL1,MITF,double,200,3,120,0.520092,0.485287,0.498831,0.477973,-0.034806,-0.021262,-0.042119,0.130097242,0.838684,1.257801,true,true
Norman_2019,K562,NORMAN_2019_COND_0043,fold_43,norman_double_NANOG|PAX5,NANOG,PAX5,double,200,3,120,0.505764,0.516874,0.530229,0.508352,0.01111,0.024465,0.002588,0.123125713,0.842576,1.255854,true,true
Norman_2019,K562,NORMAN_2019_COND_0044,fold_44,norman_double_RUNX1|SOX2,RUNX1,SOX2,double,200,3,120,0.479191,0.491621,0.503597,0.475286,0.01243,0.024405,-0.003906,0.128976098,0.846119,1.260916,true,true
Norman_2019,K562,NORMAN_2019_COND_0045,fold_45,norman_double_SOX9|TAL1,SOX9,TAL1,double,200,3,120,0.509036,0.425096,0.4297,0.402544,-0.08394,-0.079337,-0.106492,0.121281634,0.846849,1.232646,true,true
Norman_2019,K562,NORMAN_2019_COND_0046,fold_46,norman_double_TBX5|GATA2,TBX5,GATA2,double,200,3,120,0.482739,0.474977,0.487931,0.476055,-0.007762,0.005192,-0.006683,0.121625080,0.842608,1.251107,true,true
Norman_2019,K562,NORMAN_2019_COND_0047,fold_47,norman_double_GATA3|FOXO3,GATA3,FOXO3,double,200,3,120,0.421743,0.421585,0.430988,0.407317,-0.000158,0.009245,-0.014426,0.117814944,0.840333,1.247778,true,true
Norman_2019,K562,NORMAN_2019_COND_0048,fold_48,norman_double_CEBPA|E2F1,CEBPA,E2F1,double,200,3,120,0.529423,0.535765,0.546691,0.523756,0.006342,0.017269,-0.005667,0.131383750,0.835386,1.256875,true,true
Norman_2019,K562,NORMAN_2019_COND_0049,fold_49,norman_double_ESR1|HIF1A,ESR1,HIF1A,double,200,3,120,0.481999,0.495395,0.506754,0.483141,0.013396,0.024755,0.001142,0.120110487,0.83749,1.252243,true,true
Norman_2019,K562,NORMAN_2019_COND_0050,fold_50,norman_double_NOTCH1|CDKN1A,NOTCH1,CDKN1A,double,200,3,120,0.471529,0.475589,0.492068,0.467175,0.004061,0.020539,-0.004353,0.122025372,0.846763,1.257298,true,true
Norman_2019,K562,NORMAN_2019_COND_0001,fold_01,norman_single_CDKN1A,CDKN1A,,single,500,3,120,0.438392,0.433268,0.414879,0.424157,-0.005124,-0.023513,-0.014236,0.123280969,0.844086,1.246749,true,true
Norman_2019,K562,NORMAN_2019_COND_0002,fold_02,norman_single_FOXA1,FOXA1,,single,500,3,120,0.429792,0.463355,0.441143,0.448262,0.033564,0.011352,0.01847,0.125892169,0.84572,1.245973,true,true
Norman_2019,K562,NORMAN_2019_COND_0003,fold_03,norman_single_CEBPE,CEBPE,,single,500,3,120,0.498163,0.507681,0.477993,0.489696,0.009518,-0.020171,-0.008468,0.130683985,0.836477,1.247002,true,true
Norman_2019,K562,NORMAN_2019_COND_0004,fold_04,norman_single_ETS2,ETS2,,single,500,3,120,0.505454,0.505816,0.479447,0.495644,0.000362,-0.026007,-0.00981,0.132388781,0.837741,1.261836,true,true
Norman_2019,K562,NORMAN_2019_COND_0005,fold_05,norman_single_SNAI1,SNAI1,,single,500,3,120,0.423182,0.433677,0.407041,0.425231,0.010495,-0.016141,0.002049,0.122896106,0.838746,1.246349,true,true
Norman_2019,K562,NORMAN_2019_COND_0006,fold_06,norman_single_DUSP6,DUSP6,,single,500,3,120,0.43277,0.467214,0.445125,0.455783,0.034444,0.012355,0.023013,0.117191732,0.828157,1.242029,true,true
Norman_2019,K562,NORMAN_2019_COND_0007,fold_07,norman_single_KLF4,KLF4,,single,500,3,120,0.433461,0.466584,0.441342,0.453084,0.033124,0.007881,0.019623,0.127922045,0.835045,1.255142,true,true
Norman_2019,K562,NORMAN_2019_COND_0008,fold_08,norman_single_MYOD1,MYOD1,,single,500,3,120,0.466418,0.49767,0.471005,0.479738,0.031252,0.004588,0.01332,0.129224703,0.837605,1.2433,true,true
Norman_2019,K562,NORMAN_2019_COND_0009,fold_09,norman_single_RUNX1T1,RUNX1T1,,single,500,3,120,0.519389,0.529029,0.495667,0.515803,0.009639,-0.023722,-0.003587,0.132311319,0.84423,1.258729,true,true
Norman_2019,K562,NORMAN_2019_COND_0010,fold_10,norman_single_PTPN12,PTPN12,,single,500,3,120,0.460843,0.498775,0.474557,0.489056,0.037933,0.013715,0.028213,0.123687177,0.850244,1.246632,true,true
Norman_2019,K562,NORMAN_2019_COND_0011,fold_11,norman_single_UBASH3B,UBASH3B,,single,500,3,120,0.447228,0.462632,0.435382,0.452842,0.015404,-0.011847,0.005614,0.124299407,0.847717,1.254752,true,true
Norman_2019,K562,NORMAN_2019_COND_0012,fold_12,norman_single_ZBTB10,ZBTB10,,single,500,3,120,0.45483,0.4845,0.462151,0.476121,0.02967,0.007321,0.021291,0.128183030,0.837178,1.245245,true,true
Norman_2019,K562,NORMAN_2019_COND_0013,fold_13,norman_single_IRF1,IRF1,,single,500,3,120,0.471591,0.499858,0.47545,0.491789,0.028266,0.003859,0.020198,0.136890662,0.850139,1.249238,true,true
Norman_2019,K562,NORMAN_2019_COND_0014,fold_14,norman_single_SPI1,SPI1,,single,500,3,120,0.488641,0.514995,0.487986,0.501525,0.026354,-0.000656,0.012884,0.124094615,0.847375,1.243754,true,true
Norman_2019,K562,NORMAN_2019_COND_0015,fold_15,norman_single_VSIR,VSIR,,single,500,3,120,0.415417,0.457098,0.430713,0.441245,0.041681,0.015296,0.025828,0.113924946,0.836838,1.240453,true,true
Norman_2019,K562,NORMAN_2019_COND_0016,fold_16,norman_single_SETDB1,SETDB1,,single,500,3,120,0.508923,0.531033,0.504784,0.519083,0.02211,-0.004139,0.01016,0.134227185,0.837005,1.245116,true,true
Norman_2019,K562,NORMAN_2019_COND_0017,fold_17,norman_single_PRDM1,PRDM1,,single,500,3,120,0.460863,0.473946,0.45603,0.472581,0.013083,-0.004833,0.011718,0.125426782,0.842069,1.252948,true,true
Norman_2019,K562,NORMAN_2019_COND_0018,fold_18,norman_single_DLX2,DLX2,,single,500,3,120,0.433187,0.442887,0.416342,0.434314,0.0097,-0.016845,0.001127,0.117163703,0.844366,1.244784,true,true
Norman_2019,K562,NORMAN_2019_COND_0019,fold_19,norman_single_IKZF3,IKZF3,,single,500,3,120,0.368738,0.378126,0.354325,0.368295,0.009388,-0.014413,-0.000443,0.111788318,0.83829,1.238688,true,true
Norman_2019,K562,NORMAN_2019_COND_0020,fold_20,norman_single_LHX1,LHX1,,single,500,3,120,0.487832,0.450808,0.428561,0.441557,-0.037024,-0.059271,-0.046275,0.121689236,0.839695,1.250014,true,true
Norman_2019,K562,NORMAN_2019_COND_0021,fold_21,norman_single_MAP2K3,MAP2K3,,single,500,3,120,0.521948,0.529683,0.502991,0.513248,0.007735,-0.018957,-0.0087,0.132479678,0.846763,1.25076,true,true
Norman_2019,K562,NORMAN_2019_COND_0022,fold_22,norman_single_MAP2K6,MAP2K6,,single,500,3,120,0.492858,0.530509,0.501593,0.512055,0.037651,0.008735,0.019197,0.125323360,0.837259,1.26087,true,true
Norman_2019,K562,NORMAN_2019_COND_0023,fold_23,norman_single_MEIS1,MEIS1,,single,500,3,120,0.450976,0.467518,0.44563,0.457927,0.016542,-0.005346,0.006951,0.120021973,0.850158,1.246095,true,true
Norman_2019,K562,NORMAN_2019_COND_0024,fold_24,norman_single_NEUROG2,NEUROG2,,single,500,3,120,0.510826,0.510892,0.484007,0.494032,0.000066,-0.026819,-0.016794,0.128329809,0.849535,1.251851,true,true
Norman_2019,K562,NORMAN_2019_COND_0025,fold_25,norman_single_POU5F1,POU5F1,,single,500,3,120,0.504958,0.517869,0.486766,0.505816,0.012911,-0.018192,0.000858,0.129621864,0.845197,1.25764,true,true
Norman_2019,K562,NORMAN_2019_COND_0026,fold_26,norman_double_CEBPE|SPI1,CEBPE,SPI1,double,500,3,120,0.443986,0.460299,0.434786,0.453223,0.016313,-0.0092,0.009237,0.128773325,0.835808,1.236991,true,true
Norman_2019,K562,NORMAN_2019_COND_0027,fold_27,norman_double_CDKN1A|FOXA1,CDKN1A,FOXA1,double,500,3,120,0.482924,0.49603,0.473032,0.48676,0.013106,-0.009892,0.003836,0.128174379,0.851321,1.251959,true,true
Norman_2019,K562,NORMAN_2019_COND_0028,fold_28,norman_double_ETS2|SNAI1,ETS2,SNAI1,double,500,3,120,0.49676,0.520795,0.490501,0.503265,0.024035,-0.006259,0.006505,0.125465916,0.836302,1.249681,true,true
Norman_2019,K562,NORMAN_2019_COND_0029,fold_29,norman_double_DUSP6|KLF4,DUSP6,KLF4,double,500,3,120,0.47085,0.492504,0.466376,0.481471,0.021654,-0.004474,0.010621,0.126060528,0.854868,1.257028,true,true
Norman_2019,K562,NORMAN_2019_COND_0030,fold_30,norman_double_MYOD1|RUNX1T1,MYOD1,RUNX1T1,double,500,3,120,0.474906,0.494937,0.470621,0.473681,0.020031,-0.004285,-0.001225,0.128851140,0.836292,1.257255,true,true
Norman_2019,K562,NORMAN_2019_COND_0031,fold_31,norman_double_PTPN12|UBASH3B,PTPN12,UBASH3B,double,500,3,120,0.455513,0.481455,0.449236,0.469584,0.025942,-0.006277,0.014071,0.125688574,0.845754,1.248497,true,true
Norman_2019,K562,NORMAN_2019_COND_0032,fold_32,norman_double_IRF1|SPI1,IRF1,SPI1,double,500,3,120,0.439605,0.46584,0.437749,0.450832,0.026235,-0.001856,0.011227,0.122301113,0.841703,1.238223,true,true
Norman_2019,K562,NORMAN_2019_COND_0033,fold_33,norman_double_SETDB1|PRDM1,SETDB1,PRDM1,double,500,3,120,0.485003,0.503868,0.48291,0.491539,0.018865,-0.002093,0.006537,0.119597850,0.845559,1.253614,true,true
Norman_2019,K562,NORMAN_2019_COND_0034,fold_34,norman_double_DLX2|IKZF3,DLX2,IKZF3,double,500,3,120,0.501755,0.519753,0.49821,0.507407,0.017998,-0.003545,0.005652,0.119672804,0.843687,1.25226,true,true
Norman_2019,K562,NORMAN_2019_COND_0035,fold_35,norman_double_LHX1|MAP2K3,LHX1,MAP2K3,double,500,3,120,0.49238,0.504928,0.480976,0.491766,0.012548,-0.011404,-0.000613,0.127731758,0.84462,1.254536,true,true
Norman_2019,K562,NORMAN_2019_COND_0036,fold_36,norman_double_MAP2K6|MEIS1,MAP2K6,MEIS1,double,500,3,120,0.487249,0.502566,0.482977,0.488804,0.015317,-0.004272,0.001555,0.130086864,0.848428,1.243947,true,true
Norman_2019,K562,NORMAN_2019_COND_0037,fold_37,norman_double_NEUROG2|POU5F1,NEUROG2,POU5F1,double,500,3,120,0.521959,0.537084,0.504313,0.523242,0.015125,-0.017646,0.001282,0.130407471,0.854621,1.264167,true,true
Norman_2019,K562,NORMAN_2019_COND_0038,fold_38,norman_double_RELA|STAT1,RELA,STAT1,double,500,3,120,0.491727,0.514678,0.489998,0.495308,0.022951,-0.001729,0.00358,0.128134016,0.838558,1.249066,true,true
Norman_2019,K562,NORMAN_2019_COND_0039,fold_39,norman_double_TGIF1|TP53,TGIF1,TP53,double,500,3,120,0.449744,0.491975,0.45683,0.472793,0.042231,0.007086,0.023049,0.128378977,0.845727,1.245854,true,true
Norman_2019,K562,NORMAN_2019_COND_0040,fold_40,norman_double_ZNF217|FOXO1,ZNF217,FOXO1,double,500,3,120,0.500113,0.501359,0.477554,0.492863,0.001245,-0.022559,-0.00725,0.120678719,0.852357,1.243505,true,true
Norman_2019,K562,NORMAN_2019_COND_0041,fold_41,norman_double_GATA1|HNF4A,GATA1,HNF4A,double,500,3,120,0.429469,0.44956,0.418657,0.438065,0.02009,-0.010812,0.008596,0.119600583,0.829226,1.241883,true,true
Norman_2019,K562,NORMAN_2019_COND_0042,fold_42,norman_double_ISL1|MITF,ISL1,MITF,double,500,3,120,0.435935,0.480903,0.454938,0.472181,0.044968,0.019003,0.036246,0.119159052,0.841691,1.240968,true,true
Norman_2019,K562,NORMAN_2019_COND_0043,fold_43,norman_double_NANOG|PAX5,NANOG,PAX5,double,500,3,120,0.495606,0.520051,0.480706,0.500883,0.024445,-0.0149,0.005277,0.124282736,0.84715,1.241897,true,true
Norman_2019,K562,NORMAN_2019_COND_0044,fold_44,norman_double_RUNX1|SOX2,RUNX1,SOX2,double,500,3,120,0.469966,0.490835,0.461556,0.476129,0.020869,-0.00841,0.006163,0.125712521,0.838234,1.256165,true,true
Norman_2019,K562,NORMAN_2019_COND_0045,fold_45,norman_double_SOX9|TAL1,SOX9,TAL1,double,500,3,120,0.356137,0.420536,0.391572,0.406939,0.064399,0.035435,0.050802,0.120043616,0.83752,1.248227,true,true
Norman_2019,K562,NORMAN_2019_COND_0046,fold_46,norman_double_TBX5|GATA2,TBX5,GATA2,double,500,3,120,0.436592,0.48034,0.458107,0.461956,0.043748,0.021515,0.025363,0.122122239,0.838397,1.251898,true,true
Norman_2019,K562,NORMAN_2019_COND_0047,fold_47,norman_double_GATA3|FOXO3,GATA3,FOXO3,double,500,3,120,0.403397,0.425923,0.393905,0.399973,0.022526,-0.009492,-0.003423,0.126076470,0.843855,1.242625,true,true
Norman_2019,K562,NORMAN_2019_COND_0048,fold_48,norman_double_CEBPA|E2F1,CEBPA,E2F1,double,500,3,120,0.503482,0.532727,0.50484,0.517552,0.029245,0.001358,0.01407,0.132679771,0.8399,1.260614,true,true
Norman_2019,K562,NORMAN_2019_COND_0049,fold_49,norman_double_ESR1|HIF1A,ESR1,HIF1A,double,500,3,120,0.469194,0.500739,0.475167,0.480355,0.031545,0.005973,0.01116,0.131524619,0.835889,1.264016,true,true
Norman_2019,K562,NORMAN_2019_COND_0050,fold_50,norman_double_NOTCH1|CDKN1A,NOTCH1,CDKN1A,double,500,3,120,0.461321,0.482051,0.454885,0.470524,0.02073,-0.006436,0.009203,0.124697878,0.839666,1.239979,true,true
Norman_2019,K562,NORMAN_2019_COND_0001,fold_01,norman_single_CDKN1A,CDKN1A,,single,1000,3,120,0.419024,0.415839,0.430159,0.43908,-0.003185,0.011135,0.020056,0.121653238,0.835422,1.244549,true,true
Norman_2019,K562,NORMAN_2019_COND_0002,fold_02,norman_single_FOXA1,FOXA1,,single,1000,3,120,0.452659,0.439572,0.454114,0.467189,-0.013087,0.001455,0.01453,0.118785229,0.827273,1.250479,true,true
Norman_2019,K562,NORMAN_2019_COND_0003,fold_03,norman_single_CEBPE,CEBPE,,single,1000,3,120,0.504892,0.481813,0.495748,0.511961,-0.023078,-0.009144,0.00707,0.116617125,0.842643,1.251648,true,true
Norman_2019,K562,NORMAN_2019_COND_0004,fold_04,norman_single_ETS2,ETS2,,single,1000,3,120,0.445985,0.488978,0.499811,0.514001,0.042994,0.053826,0.068017,0.124172891,0.840149,1.252408,true,true
Norman_2019,K562,NORMAN_2019_COND_0005,fold_05,norman_single_SNAI1,SNAI1,,single,1000,3,120,0.400321,0.413127,0.429868,0.443985,0.012806,0.029547,0.043664,0.113457490,0.829545,1.242053,true,true
Norman_2019,K562,NORMAN_2019_COND_0006,fold_06,norman_single_DUSP6,DUSP6,,single,1000,3,120,0.486002,0.446181,0.462014,0.474908,-0.039821,-0.023988,-0.011094,0.118586250,0.846996,1.244258,true,true
Norman_2019,K562,NORMAN_2019_COND_0007,fold_07,norman_single_KLF4,KLF4,,single,1000,3,120,0.437778,0.44809,0.458384,0.475686,0.010311,0.020606,0.037908,0.124525771,0.850902,1.255968,true,true
Norman_2019,K562,NORMAN_2019_COND_0008,fold_08,norman_single_MYOD1,MYOD1,,single,1000,3,120,0.48291,0.475742,0.489109,0.504034,-0.007168,0.006199,0.021124,0.125755151,0.843457,1.250208,true,true
Norman_2019,K562,NORMAN_2019_COND_0009,fold_09,norman_single_RUNX1T1,RUNX1T1,,single,1000,3,120,0.478017,0.500781,0.512381,0.531164,0.022764,0.034364,0.053147,0.142560883,0.853954,1.258719,true,true
Norman_2019,K562,NORMAN_2019_COND_0010,fold_10,norman_single_PTPN12,PTPN12,,single,1000,3,120,0.467329,0.472742,0.495481,0.502786,0.005413,0.028153,0.035457,0.120500043,0.856566,1.247465,true,true
Norman_2019,K562,NORMAN_2019_COND_0011,fold_11,norman_single_UBASH3B,UBASH3B,,single,1000,3,120,0.454339,0.440984,0.45734,0.4724,-0.013355,0.003001,0.018061,0.124995363,0.844205,1.25123,true,true
Norman_2019,K562,NORMAN_2019_COND_0012,fold_12,norman_single_ZBTB10,ZBTB10,,single,1000,3,120,0.478027,0.456995,0.475787,0.489827,-0.021032,-0.00224,0.0118,0.126234527,0.844529,1.244895,true,true
Norman_2019,K562,NORMAN_2019_COND_0013,fold_13,norman_single_IRF1,IRF1,,single,1000,3,120,0.452745,0.477666,0.489789,0.503991,0.024922,0.037044,0.051246,0.131227753,0.839829,1.249273,true,true
Norman_2019,K562,NORMAN_2019_COND_0014,fold_14,norman_single_SPI1,SPI1,,single,1000,3,120,0.500371,0.491887,0.508304,0.519697,-0.008484,0.007932,0.019326,0.126411061,0.838114,1.250721,true,true
Norman_2019,K562,NORMAN_2019_COND_0015,fold_15,norman_single_VSIR,VSIR,,single,1000,3,120,0.439939,0.430727,0.439681,0.459475,-0.009212,-0.000258,0.019536,0.116919455,0.834628,1.244872,true,true
Norman_2019,K562,NORMAN_2019_COND_0016,fold_16,norman_single_SETDB1,SETDB1,,single,1000,3,120,0.515423,0.510003,0.518653,0.538285,-0.00542,0.00323,0.022862,0.126557217,0.849862,1.255502,true,true
Norman_2019,K562,NORMAN_2019_COND_0017,fold_17,norman_single_PRDM1,PRDM1,,single,1000,3,120,0.460997,0.459628,0.472305,0.487604,-0.001369,0.011308,0.026607,0.117064956,0.83865,1.2418,true,true
Norman_2019,K562,NORMAN_2019_COND_0018,fold_18,norman_single_DLX2,DLX2,,single,1000,3,120,0.411172,0.422063,0.434116,0.446162,0.010891,0.022944,0.034989,0.114492008,0.83296,1.238809,true,true
Norman_2019,K562,NORMAN_2019_COND_0019,fold_19,norman_single_IKZF3,IKZF3,,single,1000,3,120,0.351617,0.357157,0.371653,0.381154,0.00554,0.020036,0.029537,0.115993931,0.835806,1.23881,true,true
Norman_2019,K562,NORMAN_2019_COND_0020,fold_20,norman_single_LHX1,LHX1,,single,1000,3,120,0.311768,0.42578,0.442548,0.458915,0.114012,0.13078,0.147147,0.124491273,0.848488,1.239283,true,true
Norman_2019,K562,NORMAN_2019_COND_0021,fold_21,norman_single_MAP2K3,MAP2K3,,single,1000,3,120,0.484928,0.508347,0.519918,0.533788,0.023419,0.03499,0.04886,0.130873697,0.833229,1.251768,true,true
Norman_2019,K562,NORMAN_2019_COND_0022,fold_22,norman_single_MAP2K6,MAP2K6,,single,1000,3,120,0.49682,0.507128,0.523199,0.536563,0.010307,0.026378,0.039742,0.135441022,0.838884,1.24885,true,true
Norman_2019,K562,NORMAN_2019_COND_0023,fold_23,norman_single_MEIS1,MEIS1,,single,1000,3,120,0.419356,0.445038,0.461293,0.474294,0.025682,0.041937,0.054938,0.132092119,0.82959,1.251742,true,true
Norman_2019,K562,NORMAN_2019_COND_0024,fold_24,norman_single_NEUROG2,NEUROG2,,single,1000,3,120,0.447739,0.485727,0.501537,0.513649,0.037988,0.053797,0.065909,0.123332005,0.845937,1.257177,true,true
Norman_2019,K562,NORMAN_2019_COND_0025,fold_25,norman_single_POU5F1,POU5F1,,single,1000,3,120,0.498658,0.493588,0.504334,0.527801,-0.00507,0.005676,0.029143,0.120205087,0.854579,1.246846,true,true
Norman_2019,K562,NORMAN_2019_COND_0026,fold_26,norman_double_CEBPE|SPI1,CEBPE,SPI1,double,1000,3,120,0.443591,0.436998,0.451703,0.468893,-0.006593,0.008112,0.025302,0.118225478,0.839255,1.25015,true,true
Norman_2019,K562,NORMAN_2019_COND_0027,fold_27,norman_double_CDKN1A|FOXA1,CDKN1A,FOXA1,double,1000,3,120,0.452496,0.472941,0.492045,0.502578,0.020445,0.039549,0.050082,0.123835035,0.84642,1.259678,true,true
Norman_2019,K562,NORMAN_2019_COND_0028,fold_28,norman_double_ETS2|SNAI1,ETS2,SNAI1,double,1000,3,120,0.504783,0.489915,0.508767,0.521402,-0.014868,0.003985,0.016619,0.126054478,0.831932,1.245132,true,true
Norman_2019,K562,NORMAN_2019_COND_0029,fold_29,norman_double_DUSP6|KLF4,DUSP6,KLF4,double,1000,3,120,0.474854,0.469723,0.482923,0.49888,-0.005131,0.008069,0.024026,0.124006881,0.838992,1.262213,true,true
Norman_2019,K562,NORMAN_2019_COND_0030,fold_30,norman_double_MYOD1|RUNX1T1,MYOD1,RUNX1T1,double,1000,3,120,0.473869,0.471133,0.484437,0.497722,-0.002735,0.010568,0.023853,0.132060068,0.84098,1.252553,true,true
Norman_2019,K562,NORMAN_2019_COND_0031,fold_31,norman_double_PTPN12|UBASH3B,PTPN12,UBASH3B,double,1000,3,120,0.449313,0.453504,0.469059,0.487762,0.004191,0.019746,0.038449,0.131171748,0.839302,1.249713,true,true
Norman_2019,K562,NORMAN_2019_COND_0032,fold_32,norman_double_IRF1|SPI1,IRF1,SPI1,double,1000,3,120,0.460672,0.444074,0.443701,0.473074,-0.016598,-0.016971,0.012402,0.128651575,0.851263,1.264567,true,true
Norman_2019,K562,NORMAN_2019_COND_0033,fold_33,norman_double_SETDB1|PRDM1,SETDB1,PRDM1,double,1000,3,120,0.47975,0.480941,0.495738,0.513473,0.001191,0.015987,0.033723,0.126090475,0.845772,1.252035,true,true
Norman_2019,K562,NORMAN_2019_COND_0034,fold_34,norman_double_DLX2|IKZF3,DLX2,IKZF3,double,1000,3,120,0.502263,0.501659,0.51431,0.526717,-0.000604,0.012046,0.024454,0.131182523,0.839037,1.258709,true,true
Norman_2019,K562,NORMAN_2019_COND_0035,fold_35,norman_double_LHX1|MAP2K3,LHX1,MAP2K3,double,1000,3,120,0.445431,0.48463,0.497297,0.505489,0.039199,0.051866,0.060058,0.124254132,0.83665,1.240744,true,true
Norman_2019,K562,NORMAN_2019_COND_0036,fold_36,norman_double_MAP2K6|MEIS1,MAP2K6,MEIS1,double,1000,3,120,0.486922,0.4767,0.494158,0.511094,-0.010222,0.007236,0.024172,0.125741154,0.844347,1.258704,true,true
Norman_2019,K562,NORMAN_2019_COND_0037,fold_37,norman_double_NEUROG2|POU5F1,NEUROG2,POU5F1,double,1000,3,120,0.492053,0.509397,0.52563,0.542081,0.017344,0.033577,0.050029,0.127366815,0.840906,1.250961,true,true
Norman_2019,K562,NORMAN_2019_COND_0038,fold_38,norman_double_RELA|STAT1,RELA,STAT1,double,1000,3,120,0.487291,0.491924,0.506695,0.514955,0.004633,0.019404,0.027664,0.137573383,0.844314,1.259722,true,true
Norman_2019,K562,NORMAN_2019_COND_0039,fold_39,norman_double_TGIF1|TP53,TGIF1,TP53,double,1000,3,120,0.488823,0.467305,0.480878,0.494847,-0.021518,-0.007945,0.006023,0.125952896,0.85027,1.260799,true,true
Norman_2019,K562,NORMAN_2019_COND_0040,fold_40,norman_double_ZNF217|FOXO1,ZNF217,FOXO1,double,1000,3,120,0.446209,0.485026,0.496942,0.510345,0.038817,0.050733,0.064136,0.126427565,0.848003,1.252777,true,true
Norman_2019,K562,NORMAN_2019_COND_0041,fold_41,norman_double_GATA1|HNF4A,GATA1,HNF4A,double,1000,3,120,0.422726,0.426838,0.437652,0.449341,0.004112,0.014926,0.026614,0.124596912,0.84544,1.255979,true,true
Norman_2019,K562,NORMAN_2019_COND_0042,fold_42,norman_double_ISL1|MITF,ISL1,MITF,double,1000,3,120,0.459704,0.465883,0.473884,0.498304,0.00618,0.014181,0.0386,0.117959326,0.850771,1.26365,true,true
Norman_2019,K562,NORMAN_2019_COND_0043,fold_43,norman_double_NANOG|PAX5,NANOG,PAX5,double,1000,3,120,0.493027,0.496133,0.506698,0.522764,0.003106,0.013671,0.029737,0.133450785,0.84037,1.273756,true,true
Norman_2019,K562,NORMAN_2019_COND_0044,fold_44,norman_double_RUNX1|SOX2,RUNX1,SOX2,double,1000,3,120,0.470319,0.462903,0.482108,0.491695,-0.007415,0.01179,0.021376,0.123281781,0.84366,1.249934,true,true
Norman_2019,K562,NORMAN_2019_COND_0045,fold_45,norman_double_SOX9|TAL1,SOX9,TAL1,double,1000,3,120,0.347214,0.392896,0.406326,0.428256,0.045683,0.059112,0.081043,0.119329939,0.835912,1.234747,true,true
Norman_2019,K562,NORMAN_2019_COND_0046,fold_46,norman_double_TBX5|GATA2,TBX5,GATA2,double,1000,3,120,0.466026,0.456661,0.469031,0.482877,-0.009364,0.003005,0.016852,0.123464330,0.839777,1.258781,true,true
Norman_2019,K562,NORMAN_2019_COND_0047,fold_47,norman_double_GATA3|FOXO3,GATA3,FOXO3,double,1000,3,120,0.380235,0.398528,0.412421,0.429317,0.018293,0.032186,0.049082,0.111896330,0.85315,1.253917,true,true
Norman_2019,K562,NORMAN_2019_COND_0048,fold_48,norman_double_CEBPA|E2F1,CEBPA,E2F1,double,1000,3,120,0.520522,0.508158,0.518346,0.533768,-0.012364,-0.002177,0.013246,0.138518789,0.851317,1.244,true,true
Norman_2019,K562,NORMAN_2019_COND_0049,fold_49,norman_double_ESR1|HIF1A,ESR1,HIF1A,double,1000,3,120,0.483815,0.470277,0.48528,0.497485,-0.013539,0.001465,0.01367,0.120790908,0.839346,1.251253,true,true
Norman_2019,K562,NORMAN_2019_COND_0050,fold_50,norman_double_NOTCH1|CDKN1A,NOTCH1,CDKN1A,double,1000,3,120,0.45483,0.457664,0.471787,0.486319,0.002834,0.016957,0.031489,0.124035298,0.838608,1.247761,true,true
Replogle_K562,K562,REPLOGLE_K562_COND_0001,fold_01,replogle_k562_RPS6,RPS6,,single,200,3,80,0.320755,0.358248,0.335297,0.348024,0.037493,0.014542,0.027269,0.130663152,0.85138,1.259781,true,true
Replogle_K562,K562,REPLOGLE_K562_COND_0002,fold_02,replogle_k562_RPL11,RPL11,,single,200,3,80,0.360171,0.375404,0.353198,0.364882,0.015233,-0.006973,0.004711,0.123530082,0.838608,1.25377,true,true
Replogle_K562,K562,REPLOGLE_K562_COND_0003,fold_03,replogle_k562_POLR2A,POLR2A,,single,200,3,80,0.347703,0.346831,0.3229,0.331829,-0.000872,-0.024802,-0.015874,0.117654089,0.847225,1.25768,true,true
Replogle_K562,K562,REPLOGLE_K562_COND_0004,fold_04,replogle_k562_PSMB1,PSMB1,,single,200,3,80,0.333328,0.35954,0.339573,0.346755,0.026212,0.006245,0.013428,0.125802962,0.847142,1.250304,true,true
Replogle_K562,K562,REPLOGLE_K562_COND_0005,fold_05,replogle_k562_NDUFS1,NDUFS1,,single,200,3,80,0.373405,0.385948,0.369254,0.383474,0.012544,-0.00415,0.01007,0.125547811,0.846464,1.259952,true,true
Replogle_K562,K562,REPLOGLE_K562_COND_0006,fold_06,replogle_k562_COX4I1,COX4I1,,single,200,3,80,0.293456,0.319543,0.299597,0.304207,0.026087,0.006141,0.010751,0.118944467,0.841704,1.252206,true,true
Replogle_K562,K562,REPLOGLE_K562_COND_0007,fold_07,replogle_k562_ACTB,ACTB,,single,200,3,80,0.367265,0.398463,0.379241,0.385111,0.031198,0.011976,0.017846,0.133702503,0.847712,1.264036,true,true
Replogle_K562,K562,REPLOGLE_K562_COND_0008,fold_08,replogle_k562_TUBB,TUBB,,single,200,3,80,0.336834,0.368631,0.341209,0.353582,0.031797,0.004375,0.016748,0.128148926,0.846381,1.252541,true,true
Replogle_K562,K562,REPLOGLE_K562_COND_0009,fold_09,replogle_k562_GAPDH,GAPDH,,single,200,3,80,0.258335,0.282518,0.259857,0.267409,0.024183,0.001522,0.009074,0.117766723,0.82508,1.242209,true,true
Replogle_K562,K562,REPLOGLE_K562_COND_0010,fold_10,replogle_k562_RPS2,RPS2,,single,200,3,80,0.322787,0.337417,0.320678,0.331034,0.01463,-0.002109,0.008247,0.125361561,0.845513,1.243124,true,true
Replogle_K562,K562,REPLOGLE_K562_COND_0011,fold_11,replogle_k562_RPS3,RPS3,,single,200,3,80,0.299825,0.325133,0.299311,0.312081,0.025307,-0.000514,0.012256,0.123999518,0.843386,1.244656,true,true
Replogle_K562,K562,REPLOGLE_K562_COND_0012,fold_12,replogle_k562_RPS5,RPS5,,single,200,3,80,0.26033,0.285687,0.260765,0.273607,0.025357,0.000435,0.013277,0.115105611,0.834867,1.251576,true,true
Replogle_K562,K562,REPLOGLE_K562_COND_0013,fold_13,replogle_k562_RPS18,RPS18,,single,200,3,80,0.392259,0.308137,0.287584,0.299295,-0.084122,-0.104675,-0.092964,0.125849339,0.848948,1.240117,true,true
Replogle_K562,K562,REPLOGLE_K562_COND_0014,fold_14,replogle_k562_RPL3,RPL3,,single,200,3,80,0.348448,0.372499,0.3476,0.354926,0.024051,-0.000848,0.006479,0.128448399,0.84346,1.256276,true,true
Replogle_K562,K562,REPLOGLE_K562_COND_0015,fold_15,replogle_k562_RPL5,RPL5,,single,200,3,80,0.268034,0.292685,0.265695,0.277052,0.024651,-0.002339,0.009018,0.121913019,0.830608,1.248949,true,true
Replogle_K562,K562,REPLOGLE_K562_COND_0016,fold_16,replogle_k562_RPL7,RPL7,,single,200,3,80,0.311024,0.337821,0.313227,0.327514,0.026797,0.002203,0.01649,0.124852144,0.841288,1.248264,true,true
Replogle_K562,K562,REPLOGLE_K562_COND_0017,fold_17,replogle_k562_RPL18,RPL18,,single,200,3,80,0.211153,0.273851,0.251742,0.267627,0.062698,0.040589,0.056474,0.113826165,0.841294,1.252702,true,true
Replogle_K562,K562,REPLOGLE_K562_COND_0018,fold_18,replogle_k562_POLR2B,POLR2B,,single,200,3,80,0.235288,0.302879,0.283166,0.289406,0.067591,0.047878,0.054118,0.130290721,0.845618,1.248861,true,true
Replogle_K562,K562,REPLOGLE_K562_COND_0019,fold_19,replogle_k562_POLR2C,POLR2C,,single,200,3,80,0.228083,0.264193,0.242809,0.252202,0.03611,0.014726,0.024119,0.113680010,0.850351,1.249201,true,true
Replogle_K562,K562,REPLOGLE_K562_COND_0020,fold_20,replogle_k562_POLR2D,POLR2D,,single,200,3,80,0.260216,0.265369,0.242208,0.251029,0.005153,-0.018008,-0.009187,0.121711711,0.831119,1.244237,true,true
Replogle_K562,K562,REPLOGLE_K562_COND_0021,fold_21,replogle_k562_PSMA1,PSMA1,,single,200,3,80,0.261929,0.24081,0.216797,0.235789,-0.021119,-0.045132,-0.02614,0.114132362,0.847302,1.234953,true,true
Replogle_K562,K562,REPLOGLE_K562_COND_0022,fold_22,replogle_k562_PSMA2,PSMA2,,single,200,3,80,0.348779,0.358448,0.336736,0.353102,0.009669,-0.012043,0.004323,0.122536116,0.839361,1.2473,true,true
Replogle_K562,K562,REPLOGLE_K562_COND_0023,fold_23,replogle_k562_PSMA3,PSMA3,,single,200,3,80,0.345387,0.351525,0.34204,0.349068,0.006138,-0.003347,0.003682,0.128436976,0.833252,1.249478,true,true
Replogle_K562,K562,REPLOGLE_K562_COND_0024,fold_24,replogle_k562_PSMB2,PSMB2,,single,200,3,80,0.294211,0.307897,0.285255,0.299585,0.013686,-0.008956,0.005374,0.121819279,0.831138,1.254544,true,true
Replogle_K562,K562,REPLOGLE_K562_COND_0025,fold_25,replogle_k562_PSMB3,PSMB3,,single,200,3,80,0.289284,0.296506,0.271368,0.284605,0.007222,-0.017915,-0.004679,0.117934378,0.84079,1.244304,true,true
Replogle_K562,K562,REPLOGLE_K562_COND_0026,fold_26,replogle_k562_NDUFA1,NDUFA1,,single,200,3,80,0.265462,0.311323,0.292826,0.307419,0.04586,0.027363,0.041956,0.121607167,0.847193,1.250156,true,true
Replogle_K562,K562,REPLOGLE_K562_COND_0027,fold_27,replogle_k562_NDUFA2,NDUFA2,,single,200,3,80,0.284239,0.288106,0.273746,0.287309,0.003867,-0.010493,0.00307,0.125146125,0.842865,1.25295,true,true
Replogle_K562,K562,REPLOGLE_K562_COND_0028,fold_28,replogle_k562_NDUFB1,NDUFB1,,single,200,3,80,0.340286,0.344896,0.328604,0.339735,0.00461,-0.011682,-0.00055,0.131597338,0.853936,1.254365,true,true
Replogle_K562,K562,REPLOGLE_K562_COND_0029,fold_29,replogle_k562_SDHA,SDHA,,single,200,3,80,0.297155,0.320684,0.299551,0.303093,0.023528,0.002396,0.005938,0.130416676,0.837085,1.243406,true,true
Replogle_K562,K562,REPLOGLE_K562_COND_0030,fold_30,replogle_k562_SDHB,SDHB,,single,200,3,80,0.253812,0.276934,0.260434,0.265937,0.023122,0.006622,0.012125,0.124764973,0.840586,1.227131,true,true
Replogle_K562,K562,REPLOGLE_K562_COND_0031,fold_31,replogle_k562_UQCRB,UQCRB,,single,200,3,80,0.274253,0.296038,0.273317,0.286189,0.021785,-0.000936,0.011936,0.123873678,0.831829,1.243212,true,true
Replogle_K562,K562,REPLOGLE_K562_COND_0032,fold_32,replogle_k562_UQCRC1,UQCRC1,,single,200,3,80,0.385192,0.398758,0.378187,0.385506,0.013565,-0.007005,0.000314,0.141336311,0.848624,1.26564,true,true
Replogle_K562,K562,REPLOGLE_K562_COND_0033,fold_33,replogle_k562_COX5A,COX5A,,single,200,3,80,0.260013,0.2753,0.250058,0.261617,0.015287,-0.009954,0.001605,0.114807986,0.834985,1.244375,true,true
Replogle_K562,K562,REPLOGLE_K562_COND_0034,fold_34,replogle_k562_COX5B,COX5B,,single,200,3,80,0.295745,0.308788,0.288526,0.296955,0.013043,-0.00722,0.001209,0.126749330,0.842834,1.251589,true,true
Replogle_K562,K562,REPLOGLE_K562_COND_0035,fold_35,replogle_k562_ATP5F1A,ATP5F1A,,single,200,3,80,0.366056,0.374154,0.351288,0.364832,0.008098,-0.014768,-0.001224,0.124122464,0.843461,1.25433,true,true
Replogle_K562,K562,REPLOGLE_K562_COND_0036,fold_36,replogle_k562_ATP5F1B,ATP5F1B,,single,200,3,80,0.32393,0.340855,0.317673,0.331371,0.016925,-0.006257,0.007441,0.121271276,0.831719,1.249576,true,true
Replogle_K562,K562,REPLOGLE_K562_COND_0037,fold_37,replogle_k562_SF3B1,SF3B1,,single,200,3,80,0.320159,0.336891,0.317956,0.32777,0.016732,-0.002203,0.007611,0.131601130,0.844833,1.250645,true,true
Replogle_K562,K562,REPLOGLE_K562_COND_0038,fold_38,replogle_k562_SRSF1,SRSF1,,single,200,3,80,0.388958,0.356654,0.328104,0.344717,-0.032304,-0.060854,-0.044241,0.126474590,0.839842,1.252833,true,true
Replogle_K562,K562,REPLOGLE_K562_COND_0039,fold_39,replogle_k562_HNRNPA1,HNRNPA1,,single,200,3,80,0.303365,0.330453,0.307374,0.313468,0.027088,0.004009,0.010103,0.126468277,0.842499,1.233361,true,true
Replogle_K562,K562,REPLOGLE_K562_COND_0040,fold_40,replogle_k562_EEF1A1,EEF1A1,,single,200,3,80,0.33323,0.352775,0.333267,0.346359,0.019545,0.000037,0.013129,0.120747828,0.846034,1.258771,true,true
Replogle_K562,K562,REPLOGLE_K562_COND_0041,fold_41,replogle_k562_EEF2,EEF2,,single,200,3,80,0.315132,0.350934,0.327592,0.335286,0.035801,0.01246,0.020154,0.126708340,0.840285,1.249833,true,true
Replogle_K562,K562,REPLOGLE_K562_COND_0042,fold_42,replogle_k562_EIF4A1,EIF4A1,,single,200,3,80,0.325421,0.333954,0.310302,0.32068,0.008533,-0.015119,-0.004741,0.127810878,0.849022,1.241033,true,true
Replogle_K562,K562,REPLOGLE_K562_COND_0043,fold_43,replogle_k562_CCT2,CCT2,,single,200,3,80,0.283248,0.289008,0.260496,0.27109,0.00576,-0.022751,-0.012158,0.114352991,0.841243,1.248882,true,true
Replogle_K562,K562,REPLOGLE_K562_COND_0044,fold_44,replogle_k562_HSPD1,HSPD1,,single,200,3,80,0.236325,0.297579,0.272168,0.286411,0.061254,0.035843,0.050086,0.111850646,0.84724,1.242809,true,true
Replogle_K562,K562,REPLOGLE_K562_COND_0045,fold_45,replogle_k562_HSPE1,HSPE1,,single,200,3,80,0.312595,0.345383,0.31769,0.332236,0.032788,0.005095,0.019641,0.129457285,0.857354,1.257108,true,true
Replogle_K562,K562,REPLOGLE_K562_COND_0046,fold_46,replogle_k562_KANSL1,KANSL1,,single,200,3,80,0.241996,0.249856,0.230903,0.241956,0.00786,-0.011093,-0.00004,0.120935989,0.83724,1.23374,true,true
Replogle_K562,K562,REPLOGLE_K562_COND_0047,fold_47,replogle_k562_KAT8,KAT8,,single,200,3,80,0.328372,0.365587,0.338403,0.346908,0.037214,0.010031,0.018536,0.123275934,0.849973,1.252794,true,true
Replogle_K562,K562,REPLOGLE_K562_COND_0048,fold_48,replogle_k562_WDR5,WDR5,,single,200,3,80,0.291018,0.309999,0.282877,0.296654,0.018981,-0.008141,0.005636,0.126492947,0.841385,1.244011,true,true
Replogle_K562,K562,REPLOGLE_K562_COND_0049,fold_49,replogle_k562_TBP,TBP,,single,200,3,80,0.292996,0.313032,0.29684,0.295596,0.020036,0.003844,0.0026,0.122976642,0.840382,1.257472,true,true
Replogle_K562,K562,REPLOGLE_K562_COND_0050,fold_50,replogle_k562_TAF1,TAF1,,single,200,3,80,0.332014,0.358803,0.341783,0.348536,0.026789,0.009769,0.016522,0.127129262,0.842326,1.251031,true,true
Replogle_K562,K562,REPLOGLE_K562_COND_0001,fold_01,replogle_k562_RPS6,RPS6,,single,500,3,80,0.355776,0.337977,0.337905,0.352763,-0.017799,-0.017871,-0.003012,0.130414390,0.843282,1.249601,true,true
Replogle_K562,K562,REPLOGLE_K562_COND_0002,fold_02,replogle_k562_RPL11,RPL11,,single,500,3,80,0.367598,0.348985,0.359411,0.376814,-0.018613,-0.008188,0.009216,0.136386710,0.846152,1.253243,true,true
Replogle_K562,K562,REPLOGLE_K562_COND_0003,fold_03,replogle_k562_POLR2A,POLR2A,,single,500,3,80,0.318272,0.320094,0.331012,0.341164,0.001822,0.012739,0.022891,0.126894366,0.840643,1.251299,true,true
Replogle_K562,K562,REPLOGLE_K562_COND_0004,fold_04,replogle_k562_PSMB1,PSMB1,,single,500,3,80,0.360977,0.336911,0.344685,0.360449,-0.024066,-0.016292,-0.000527,0.132309113,0.846962,1.261412,true,true
Replogle_K562,K562,REPLOGLE_K562_COND_0005,fold_05,replogle_k562_NDUFS1,NDUFS1,,single,500,3,80,0.387018,0.36479,0.376647,0.388272,-0.022228,-0.010371,0.001254,0.133740094,0.849757,1.251367,true,true
Replogle_K562,K562,REPLOGLE_K562_COND_0006,fold_06,replogle_k562_COX4I1,COX4I1,,single,500,3,80,0.308748,0.291792,0.305029,0.314913,-0.016956,-0.003719,0.006165,0.127263091,0.83342,1.249324,true,true
Replogle_K562,K562,REPLOGLE_K562_COND_0007,fold_07,replogle_k562_ACTB,ACTB,,single,500,3,80,0.387779,0.367124,0.381297,0.385428,-0.020655,-0.006482,-0.002351,0.125567586,0.841087,1.258206,true,true
Replogle_K562,K562,REPLOGLE_K562_COND_0008,fold_08,replogle_k562_TUBB,TUBB,,single,500,3,80,0.357287,0.342044,0.35121,0.357966,-0.015243,-0.006076,0.000679,0.137128015,0.838461,1.252046,true,true
Replogle_K562,K562,REPLOGLE_K562_COND_0009,fold_09,replogle_k562_GAPDH,GAPDH,,single,500,3,80,0.266119,0.25664,0.267159,0.276597,-0.00948,0.001039,0.010478,0.110660124,0.834531,1.242109,true,true
Replogle_K562,K562,REPLOGLE_K562_COND_0010,fold_10,replogle_k562_RPS2,RPS2,,single,500,3,80,0.332279,0.317886,0.324042,0.335368,-0.014393,-0.008237,0.003089,0.129921999,0.839903,1.25033,true,true
Replogle_K562,K562,REPLOGLE_K562_COND_0011,fold_11,replogle_k562_RPS3,RPS3,,single,500,3,80,0.314232,0.294968,0.314136,0.324127,-0.019264,-0.000096,0.009895,0.126502751,0.842818,1.258585,true,true
Replogle_K562,K562,REPLOGLE_K562_COND_0012,fold_12,replogle_k562_RPS5,RPS5,,single,500,3,80,0.281682,0.260598,0.268704,0.279383,-0.021084,-0.012978,-0.0023,0.121237618,0.842127,1.24483,true,true
Replogle_K562,K562,REPLOGLE_K562_COND_0013,fold_13,replogle_k562_RPS18,RPS18,,single,500,3,80,0.240412,0.286442,0.293197,0.303633,0.04603,0.052785,0.063221,0.118047262,0.842713,1.251193,true,true
Replogle_K562,K562,REPLOGLE_K562_COND_0014,fold_14,replogle_k562_RPL3,RPL3,,single,500,3,80,0.359013,0.337223,0.353951,0.360073,-0.02179,-0.005062,0.001059,0.132418496,0.838254,1.244753,true,true
Replogle_K562,K562,REPLOGLE_K562_COND_0015,fold_15,replogle_k562_RPL5,RPL5,,single,500,3,80,0.281919,0.265544,0.280434,0.290727,-0.016375,-0.001485,0.008808,0.122332285,0.838071,1.248386,true,true
Replogle_K562,K562,REPLOGLE_K562_COND_0016,fold_16,replogle_k562_RPL7,RPL7,,single,500,3,80,0.33194,0.308715,0.321115,0.330676,-0.023226,-0.010825,-0.001264,0.131307120,0.836749,1.258204,true,true
Replogle_K562,K562,REPLOGLE_K562_COND_0017,fold_17,replogle_k562_RPL18,RPL18,,single,500,3,80,0.280778,0.242335,0.255256,0.268655,-0.038443,-0.025521,-0.012123,0.122764996,0.838417,1.247677,true,true
Replogle_K562,K562,REPLOGLE_K562_COND_0018,fold_18,replogle_k562_POLR2B,POLR2B,,single,500,3,80,0.298377,0.26809,0.285655,0.293982,-0.030288,-0.012723,-0.004396,0.121170697,0.842449,1.248355,true,true
Replogle_K562,K562,REPLOGLE_K562_COND_0019,fold_19,replogle_k562_POLR2C,POLR2C,,single,500,3,80,0.264768,0.238044,0.247759,0.260078,-0.026724,-0.017009,-0.00469,0.122451971,0.84689,1.243255,true,true
Replogle_K562,K562,REPLOGLE_K562_COND_0020,fold_20,replogle_k562_POLR2D,POLR2D,,single,500,3,80,0.253361,0.240113,0.250001,0.254305,-0.013249,-0.00336,0.000943,0.118499840,0.838366,1.251141,true,true
Replogle_K562,K562,REPLOGLE_K562_COND_0021,fold_21,replogle_k562_PSMA1,PSMA1,,single,500,3,80,0.204741,0.214982,0.225001,0.235411,0.010241,0.020259,0.03067,0.116770236,0.84433,1.247466,true,true
Replogle_K562,K562,REPLOGLE_K562_COND_0022,fold_22,replogle_k562_PSMA2,PSMA2,,single,500,3,80,0.35304,0.334115,0.345887,0.35912,-0.018925,-0.007153,0.00608,0.129506109,0.845145,1.253851,true,true
Replogle_K562,K562,REPLOGLE_K562_COND_0023,fold_23,replogle_k562_PSMA3,PSMA3,,single,500,3,80,0.351485,0.333008,0.343847,0.3522,-0.018478,-0.007638,0.000714,0.132574222,0.844058,1.247076,true,true
Replogle_K562,K562,REPLOGLE_K562_COND_0024,fold_24,replogle_k562_PSMB2,PSMB2,,single,500,3,80,0.294522,0.284446,0.293594,0.301932,-0.010076,-0.000929,0.00741,0.120326224,0.834388,1.252228,true,true
Replogle_K562,K562,REPLOGLE_K562_COND_0025,fold_25,replogle_k562_PSMB3,PSMB3,,single,500,3,80,0.281503,0.271008,0.277019,0.29083,-0.010495,-0.004484,0.009327,0.111858508,0.84056,1.255876,true,true
Replogle_K562,K562,REPLOGLE_K562_COND_0026,fold_26,replogle_k562_NDUFA1,NDUFA1,,single,500,3,80,0.317736,0.28765,0.303069,0.306115,-0.030086,-0.014666,-0.01162,0.125489567,0.83932,1.24285,true,true
Replogle_K562,K562,REPLOGLE_K562_COND_0027,fold_27,replogle_k562_NDUFA2,NDUFA2,,single,500,3,80,0.271562,0.269209,0.281301,0.285211,-0.002352,0.009739,0.01365,0.114763803,0.846553,1.237123,true,true
Replogle_K562,K562,REPLOGLE_K562_COND_0028,fold_28,replogle_k562_NDUFB1,NDUFB1,,single,500,3,80,0.342629,0.321802,0.333855,0.346623,-0.020827,-0.008774,0.003994,0.126229752,0.836533,1.252837,true,true
Replogle_K562,K562,REPLOGLE_K562_COND_0029,fold_29,replogle_k562_SDHA,SDHA,,single,500,3,80,0.310883,0.287344,0.302024,0.313575,-0.023539,-0.008859,0.002692,0.130270074,0.843018,1.244512,true,true
Replogle_K562,K562,REPLOGLE_K562_COND_0030,fold_30,replogle_k562_SDHB,SDHB,,single,500,3,80,0.266899,0.254061,0.270196,0.280407,-0.012838,0.003297,0.013508,0.119427307,0.843904,1.255681,true,true
Replogle_K562,K562,REPLOGLE_K562_COND_0031,fold_31,replogle_k562_UQCRB,UQCRB,,single,500,3,80,0.288648,0.271935,0.277765,0.29366,-0.016713,-0.010883,0.005012,0.122035607,0.835163,1.247548,true,true
Replogle_K562,K562,REPLOGLE_K562_COND_0032,fold_32,replogle_k562_UQCRC1,UQCRC1,,single,500,3,80,0.399654,0.370643,0.378628,0.393255,-0.029011,-0.021026,-0.006399,0.132716353,0.843025,1.259174,true,true
Replogle_K562,K562,REPLOGLE_K562_COND_0033,fold_33,replogle_k562_COX5A,COX5A,,single,500,3,80,0.261964,0.250506,0.261689,0.264855,-0.011458,-0.000275,0.00289,0.121065066,0.830483,1.246991,true,true
Replogle_K562,K562,REPLOGLE_K562_COND_0034,fold_34,replogle_k562_COX5B,COX5B,,single,500,3,80,0.301116,0.284569,0.298193,0.307556,-0.016547,-0.002923,0.00644,0.117413224,0.835303,1.246062,true,true
Replogle_K562,K562,REPLOGLE_K562_COND_0035,fold_35,replogle_k562_ATP5F1A,ATP5F1A,,single,500,3,80,0.341144,0.354417,0.360636,0.371507,0.013273,0.019492,0.030363,0.120523428,0.839196,1.249603,true,true
Replogle_K562,K562,REPLOGLE_K562_COND_0036,fold_36,replogle_k562_ATP5F1B,ATP5F1B,,single,500,3,80,0.331019,0.321042,0.329602,0.332068,-0.009977,-0.001417,0.001049,0.123892090,0.842806,1.248516,true,true
Replogle_K562,K562,REPLOGLE_K562_COND_0037,fold_37,replogle_k562_SF3B1,SF3B1,,single,500,3,80,0.328402,0.317278,0.320617,0.329889,-0.011125,-0.007786,0.001487,0.115626060,0.837129,1.24178,true,true
Replogle_K562,K562,REPLOGLE_K562_COND_0038,fold_38,replogle_k562_SRSF1,SRSF1,,single,500,3,80,0.334566,0.328604,0.330909,0.349568,-0.005962,-0.003657,0.015002,0.120613946,0.839951,1.24458,true,true
Replogle_K562,K562,REPLOGLE_K562_COND_0039,fold_39,replogle_k562_HNRNPA1,HNRNPA1,,single,500,3,80,0.323619,0.299474,0.313428,0.319928,-0.024145,-0.010191,-0.003691,0.130922910,0.836723,1.243496,true,true
Replogle_K562,K562,REPLOGLE_K562_COND_0040,fold_40,replogle_k562_EEF1A1,EEF1A1,,single,500,3,80,0.345723,0.326767,0.338811,0.351731,-0.018956,-0.006912,0.006008,0.127421859,0.846159,1.244289,true,true
Replogle_K562,K562,REPLOGLE_K562_COND_0041,fold_41,replogle_k562_EEF2,EEF2,,single,500,3,80,0.364964,0.323355,0.334144,0.341242,-0.041609,-0.03082,-0.023722,0.124636164,0.838489,1.257222,true,true
Replogle_K562,K562,REPLOGLE_K562_COND_0042,fold_42,replogle_k562_EIF4A1,EIF4A1,,single,500,3,80,0.320405,0.309359,0.314264,0.32566,-0.011046,-0.006141,0.005255,0.120976967,0.844761,1.246721,true,true
Replogle_K562,K562,REPLOGLE_K562_COND_0043,fold_43,replogle_k562_CCT2,CCT2,,single,500,3,80,0.260351,0.259749,0.265861,0.279179,-0.000602,0.00551,0.018828,0.123803926,0.837034,1.245552,true,true
Replogle_K562,K562,REPLOGLE_K562_COND_0044,fold_44,replogle_k562_HSPD1,HSPD1,,single,500,3,80,0.295081,0.265336,0.279446,0.290873,-0.029745,-0.015634,-0.004208,0.120752046,0.831314,1.250729,true,true
Replogle_K562,K562,REPLOGLE_K562_COND_0045,fold_45,replogle_k562_HSPE1,HSPE1,,single,500,3,80,0.327837,0.318098,0.324466,0.339428,-0.00974,-0.003371,0.011591,0.131971461,0.838197,1.252637,true,true
Replogle_K562,K562,REPLOGLE_K562_COND_0046,fold_46,replogle_k562_KANSL1,KANSL1,,single,500,3,80,0.231776,0.226367,0.2351,0.252267,-0.005408,0.003324,0.020492,0.114707560,0.839053,1.2321,true,true
Replogle_K562,K562,REPLOGLE_K562_COND_0047,fold_47,replogle_k562_KAT8,KAT8,,single,500,3,80,0.357945,0.332593,0.345908,0.360851,-0.025352,-0.012037,0.002906,0.131750627,0.851129,1.247464,true,true
Replogle_K562,K562,REPLOGLE_K562_COND_0048,fold_48,replogle_k562_WDR5,WDR5,,single,500,3,80,0.295186,0.280954,0.289729,0.298846,-0.014232,-0.005457,0.00366,0.118473344,0.841319,1.269966,true,true
Replogle_K562,K562,REPLOGLE_K562_COND_0049,fold_49,replogle_k562_TBP,TBP,,single,500,3,80,0.289369,0.289508,0.291163,0.308015,0.000139,0.001794,0.018646,0.125503197,0.848528,1.25726,true,true
Replogle_K562,K562,REPLOGLE_K562_COND_0050,fold_50,replogle_k562_TAF1,TAF1,,single,500,3,80,0.351727,0.334973,0.347587,0.356686,-0.016754,-0.00414,0.004958,0.136626518,0.857099,1.262526,true,true
Replogle_K562,K562,REPLOGLE_K562_COND_0001,fold_01,replogle_k562_RPS6,RPS6,,single,1000,3,80,0.349864,0.344999,0.36036,0.336302,-0.004865,0.010496,-0.013562,0.126602436,0.842208,1.251108,true,true
Replogle_K562,K562,REPLOGLE_K562_COND_0002,fold_02,replogle_k562_RPL11,RPL11,,single,1000,3,80,0.346384,0.361951,0.377268,0.355233,0.015567,0.030884,0.008849,0.131645887,0.853302,1.253392,true,true
Replogle_K562,K562,REPLOGLE_K562_COND_0003,fold_03,replogle_k562_POLR2A,POLR2A,,single,1000,3,80,0.325565,0.334898,0.34385,0.324803,0.009334,0.018285,-0.000762,0.125249182,0.839869,1.236135,true,true
Replogle_K562,K562,REPLOGLE_K562_COND_0004,fold_04,replogle_k562_PSMB1,PSMB1,,single,1000,3,80,0.338786,0.347829,0.358437,0.340015,0.009043,0.01965,0.001229,0.122970828,0.843377,1.254087,true,true
Replogle_K562,K562,REPLOGLE_K562_COND_0005,fold_05,replogle_k562_NDUFS1,NDUFS1,,single,1000,3,80,0.360839,0.379806,0.39396,0.370657,0.018967,0.033121,0.009818,0.127521091,0.8378,1.265812,true,true
Replogle_K562,K562,REPLOGLE_K562_COND_0006,fold_06,replogle_k562_COX4I1,COX4I1,,single,1000,3,80,0.29835,0.303449,0.312441,0.295355,0.005099,0.014091,-0.002995,0.129947395,0.837172,1.246271,true,true
Replogle_K562,K562,REPLOGLE_K562_COND_0007,fold_07,replogle_k562_ACTB,ACTB,,single,1000,3,80,0.379769,0.383147,0.394823,0.367884,0.003379,0.015054,-0.011885,0.129539219,0.840317,1.266942,true,true
Replogle_K562,K562,REPLOGLE_K562_COND_0008,fold_08,replogle_k562_TUBB,TUBB,,single,1000,3,80,0.351675,0.354142,0.364317,0.338635,0.002467,0.012642,-0.013039,0.134254380,0.84011,1.256867,true,true
Replogle_K562,K562,REPLOGLE_K562_COND_0009,fold_09,replogle_k562_GAPDH,GAPDH,,single,1000,3,80,0.258463,0.263886,0.275521,0.256012,0.005423,0.017058,-0.002452,0.123020716,0.846892,1.250279,true,true
Replogle_K562,K562,REPLOGLE_K562_COND_0010,fold_10,replogle_k562_RPS2,RPS2,,single,1000,3,80,0.313295,0.324939,0.334914,0.319733,0.011644,0.021619,0.006437,0.128314463,0.840842,1.261665,true,true
Replogle_K562,K562,REPLOGLE_K562_COND_0011,fold_11,replogle_k562_RPS3,RPS3,,single,1000,3,80,0.30481,0.310199,0.319437,0.29923,0.005389,0.014627,-0.005581,0.123034335,0.83616,1.254569,true,true
Replogle_K562,K562,REPLOGLE_K562_COND_0012,fold_12,replogle_k562_RPS5,RPS5,,single,1000,3,80,0.257169,0.270576,0.286945,0.261915,0.013407,0.029776,0.004747,0.118613124,0.83497,1.24566,true,true
Replogle_K562,K562,REPLOGLE_K562_COND_0013,fold_13,replogle_k562_RPS18,RPS18,,single,1000,3,80,0.245731,0.296836,0.305423,0.290045,0.051105,0.059692,0.044314,0.124876886,0.839457,1.255122,true,true
Replogle_K562,K562,REPLOGLE_K562_COND_0014,fold_14,replogle_k562_RPL3,RPL3,,single,1000,3,80,0.345018,0.359683,0.3692,0.340566,0.014665,0.024182,-0.004452,0.133004791,0.840144,1.245809,true,true
Replogle_K562,K562,REPLOGLE_K562_COND_0015,fold_15,replogle_k562_RPL5,RPL5,,single,1000,3,80,0.256989,0.275812,0.290373,0.271113,0.018823,0.033384,0.014124,0.122820292,0.836043,1.248442,true,true
Replogle_K562,K562,REPLOGLE_K562_COND_0016,fold_16,replogle_k562_RPL7,RPL7,,single,1000,3,80,0.313533,0.32655,0.336512,0.316197,0.013017,0.022979,0.002664,0.124259708,0.837937,1.260945,true,true
Replogle_K562,K562,REPLOGLE_K562_COND_0017,fold_17,replogle_k562_RPL18,RPL18,,single,1000,3,80,0.272729,0.261713,0.271186,0.251749,-0.011016,-0.001543,-0.020981,0.120293875,0.849097,1.232085,true,true
Replogle_K562,K562,REPLOGLE_K562_COND_0018,fold_18,replogle_k562_POLR2B,POLR2B,,single,1000,3,80,0.307795,0.286862,0.297214,0.27701,-0.020933,-0.010581,-0.030786,0.124838752,0.837803,1.247951,true,true
Replogle_K562,K562,REPLOGLE_K562_COND_0019,fold_19,replogle_k562_POLR2C,POLR2C,,single,1000,3,80,0.249344,0.255822,0.26318,0.241395,0.006477,0.013835,-0.00795,0.116790396,0.823576,1.246025,true,true
Replogle_K562,K562,REPLOGLE_K562_COND_0020,fold_20,replogle_k562_POLR2D,POLR2D,,single,1000,3,80,0.23425,0.249266,0.261158,0.240577,0.015016,0.026908,0.006328,0.119276937,0.840848,1.251373,true,true
Replogle_K562,K562,REPLOGLE_K562_COND_0021,fold_21,replogle_k562_PSMA1,PSMA1,,single,1000,3,80,0.202558,0.226567,0.240053,0.219147,0.024009,0.037495,0.016589,0.118728045,0.837938,1.238941,true,true
Replogle_K562,K562,REPLOGLE_K562_COND_0022,fold_22,replogle_k562_PSMA2,PSMA2,,single,1000,3,80,0.333485,0.345568,0.363786,0.336714,0.012083,0.030301,0.003229,0.122945330,0.845519,1.244082,true,true
Replogle_K562,K562,REPLOGLE_K562_COND_0023,fold_23,replogle_k562_PSMA3,PSMA3,,single,1000,3,80,0.3175,0.343086,0.356365,0.336913,0.025586,0.038865,0.019413,0.130353087,0.839628,1.255282,true,true
Replogle_K562,K562,REPLOGLE_K562_COND_0024,fold_24,replogle_k562_PSMB2,PSMB2,,single,1000,3,80,0.275727,0.295387,0.309483,0.279374,0.01966,0.033755,0.003647,0.127702261,0.842947,1.250319,true,true
Replogle_K562,K562,REPLOGLE_K562_COND_0025,fold_25,replogle_k562_PSMB3,PSMB3,,single,1000,3,80,0.261802,0.278726,0.294282,0.274626,0.016924,0.03248,0.012824,0.125147201,0.847871,1.232182,true,true
Replogle_K562,K562,REPLOGLE_K562_COND_0026,fold_26,replogle_k562_NDUFA1,NDUFA1,,single,1000,3,80,0.309166,0.301417,0.309738,0.288447,-0.007749,0.000572,-0.020719,0.125842048,0.840245,1.248159,true,true
Replogle_K562,K562,REPLOGLE_K562_COND_0027,fold_27,replogle_k562_NDUFA2,NDUFA2,,single,1000,3,80,0.262922,0.284791,0.289455,0.269691,0.021869,0.026533,0.006769,0.123578271,0.84036,1.238333,true,true
Replogle_K562,K562,REPLOGLE_K562_COND_0028,fold_28,replogle_k562_NDUFB1,NDUFB1,,single,1000,3,80,0.320925,0.337598,0.3531,0.331068,0.016674,0.032176,0.010144,0.130302260,0.846052,1.258958,true,true
Replogle_K562,K562,REPLOGLE_K562_COND_0029,fold_29,replogle_k562_SDHA,SDHA,,single,1000,3,80,0.299651,0.308856,0.325351,0.296488,0.009204,0.0257,-0.003163,0.116166336,0.844364,1.244878,true,true
Replogle_K562,K562,REPLOGLE_K562_COND_0030,fold_30,replogle_k562_SDHB,SDHB,,single,1000,3,80,0.26747,0.270659,0.280752,0.260107,0.003189,0.013282,-0.007363,0.117427354,0.84136,1.255549,true,true
Replogle_K562,K562,REPLOGLE_K562_COND_0031,fold_31,replogle_k562_UQCRB,UQCRB,,single,1000,3,80,0.273468,0.281442,0.292989,0.274243,0.007974,0.019521,0.000775,0.117615280,0.847336,1.255934,true,true
Replogle_K562,K562,REPLOGLE_K562_COND_0032,fold_32,replogle_k562_UQCRC1,UQCRC1,,single,1000,3,80,0.363207,0.390725,0.395925,0.372405,0.027518,0.032718,0.009198,0.129888417,0.839647,1.261088,true,true
Replogle_K562,K562,REPLOGLE_K562_COND_0033,fold_33,replogle_k562_COX5A,COX5A,,single,1000,3,80,0.241335,0.264284,0.274777,0.252176,0.022949,0.033442,0.01084,0.115681603,0.846539,1.242177,true,true
Replogle_K562,K562,REPLOGLE_K562_COND_0034,fold_34,replogle_k562_COX5B,COX5B,,single,1000,3,80,0.286414,0.304258,0.30909,0.289001,0.017844,0.022676,0.002587,0.120290057,0.840448,1.257631,true,true
Replogle_K562,K562,REPLOGLE_K562_COND_0035,fold_35,replogle_k562_ATP5F1A,ATP5F1A,,single,1000,3,80,0.362875,0.364763,0.370522,0.350552,0.001888,0.007647,-0.012323,0.131811025,0.846592,1.250933,true,true
Replogle_K562,K562,REPLOGLE_K562_COND_0036,fold_36,replogle_k562_ATP5F1B,ATP5F1B,,single,1000,3,80,0.32112,0.330445,0.339793,0.321486,0.009324,0.018672,0.000365,0.129793746,0.847738,1.244254,true,true
Replogle_K562,K562,REPLOGLE_K562_COND_0037,fold_37,replogle_k562_SF3B1,SF3B1,,single,1000,3,80,0.31635,0.330105,0.337556,0.31627,0.013755,0.021206,-0.00008,0.119145385,0.830879,1.245915,true,true
Replogle_K562,K562,REPLOGLE_K562_COND_0038,fold_38,replogle_k562_SRSF1,SRSF1,,single,1000,3,80,0.279558,0.339097,0.352637,0.331329,0.059538,0.073078,0.051771,0.130038430,0.837438,1.243764,true,true
Replogle_K562,K562,REPLOGLE_K562_COND_0039,fold_39,replogle_k562_HNRNPA1,HNRNPA1,,single,1000,3,80,0.299549,0.315284,0.325821,0.297136,0.015735,0.026272,-0.002413,0.129786717,0.841034,1.2651,true,true
Replogle_K562,K562,REPLOGLE_K562_COND_0040,fold_40,replogle_k562_EEF1A1,EEF1A1,,single,1000,3,80,0.328408,0.338357,0.350227,0.329909,0.00995,0.02182,0.001502,0.131048034,0.840968,1.241984,true,true
Replogle_K562,K562,REPLOGLE_K562_COND_0041,fold_41,replogle_k562_EEF2,EEF2,,single,1000,3,80,0.309264,0.336699,0.347241,0.324296,0.027435,0.037977,0.015032,0.126133704,0.848703,1.272643,true,true
Replogle_K562,K562,REPLOGLE_K562_COND_0042,fold_42,replogle_k562_EIF4A1,EIF4A1,,single,1000,3,80,0.304955,0.322004,0.333936,0.313772,0.017049,0.028981,0.008817,0.123770201,0.843973,1.248146,true,true
Replogle_K562,K562,REPLOGLE_K562_COND_0043,fold_43,replogle_k562_CCT2,CCT2,,single,1000,3,80,0.250949,0.276994,0.280544,0.259864,0.026045,0.029595,0.008915,0.114090884,0.835178,1.265917,true,true
Replogle_K562,K562,REPLOGLE_K562_COND_0044,fold_44,replogle_k562_HSPD1,HSPD1,,single,1000,3,80,0.30811,0.28377,0.289984,0.269401,-0.02434,-0.018127,-0.038709,0.121241218,0.835533,1.237295,true,true
Replogle_K562,K562,REPLOGLE_K562_COND_0045,fold_45,replogle_k562_HSPE1,HSPE1,,single,1000,3,80,0.33544,0.325924,0.344,0.313762,-0.009515,0.00856,-0.021678,0.133986050,0.835741,1.256776,true,true
Replogle_K562,K562,REPLOGLE_K562_COND_0046,fold_46,replogle_k562_KANSL1,KANSL1,,single,1000,3,80,0.226933,0.236821,0.249664,0.233334,0.009888,0.022731,0.0064,0.117993626,0.838949,1.23904,true,true
Replogle_K562,K562,REPLOGLE_K562_COND_0047,fold_47,replogle_k562_KAT8,KAT8,,single,1000,3,80,0.34559,0.35096,0.364601,0.335413,0.00537,0.019011,-0.010177,0.123973777,0.845748,1.245757,true,true
Replogle_K562,K562,REPLOGLE_K562_COND_0048,fold_48,replogle_k562_WDR5,WDR5,,single,1000,3,80,0.281337,0.291013,0.298843,0.286781,0.009676,0.017506,0.005443,0.128861690,0.840963,1.251707,true,true
Replogle_K562,K562,REPLOGLE_K562_COND_0049,fold_49,replogle_k562_TBP,TBP,,single,1000,3,80,0.306538,0.302627,0.315278,0.288269,-0.003911,0.00874,-0.018269,0.119699068,0.827865,1.259065,true,true
Replogle_K562,K562,REPLOGLE_K562_COND_0050,fold_50,replogle_k562_TAF1,TAF1,,single,1000,3,80,0.341052,0.354109,0.358198,0.336507,0.013057,0.017145,-0.004545,0.124580559,0.85376,1.251761,true,true
Replogle_RPE1,RPE1,REPLOGLE_RPE1_COND_0001,fold_01,replogle_rpe1_RPS6,RPS6,,single,200,3,80,0.49508,0.376187,0.387972,0.398917,-0.118893,-0.107108,-0.096163,0.121959216,0.840876,1.253335,true,true
Replogle_RPE1,RPE1,REPLOGLE_RPE1_COND_0002,fold_02,replogle_rpe1_RPL11,RPL11,,single,200,3,80,0.343463,0.352685,0.356184,0.376201,0.009222,0.012722,0.032738,0.129862046,0.834052,1.239859,true,true
Replogle_RPE1,RPE1,REPLOGLE_RPE1_COND_0003,fold_03,replogle_rpe1_POLR2A,POLR2A,,single,200,3,80,0.421215,0.413763,0.418592,0.431199,-0.007452,-0.002624,0.009984,0.129083600,0.842211,1.258393,true,true
Replogle_RPE1,RPE1,REPLOGLE_RPE1_COND_0004,fold_04,replogle_rpe1_PSMB1,PSMB1,,single,200,3,80,0.386922,0.398964,0.407628,0.416471,0.012042,0.020706,0.029549,0.129511796,0.836619,1.260602,true,true
Replogle_RPE1,RPE1,REPLOGLE_RPE1_COND_0005,fold_05,replogle_rpe1_NDUFS1,NDUFS1,,single,200,3,80,0.219159,0.30565,0.319246,0.327596,0.086491,0.100087,0.108437,0.118650451,0.840495,1.241362,true,true
Replogle_RPE1,RPE1,REPLOGLE_RPE1_COND_0006,fold_06,replogle_rpe1_COX4I1,COX4I1,,single,200,3,80,0.387526,0.38675,0.400779,0.40859,-0.000777,0.013253,0.021063,0.133224704,0.844316,1.256518,true,true
Replogle_RPE1,RPE1,REPLOGLE_RPE1_COND_0007,fold_07,replogle_rpe1_ACTB,ACTB,,single,200,3,80,0.386704,0.390582,0.401624,0.407774,0.003877,0.014919,0.02107,0.118520769,0.845699,1.264578,true,true
Replogle_RPE1,RPE1,REPLOGLE_RPE1_COND_0008,fold_08,replogle_rpe1_TUBB,TUBB,,single,200,3,80,0.421413,0.429339,0.436416,0.451152,0.007926,0.015003,0.029739,0.123944196,0.850747,1.253655,true,true
Replogle_RPE1,RPE1,REPLOGLE_RPE1_COND_0009,fold_09,replogle_rpe1_GAPDH,GAPDH,,single,200,3,80,0.359576,0.346626,0.357488,0.368342,-0.01295,-0.002088,0.008766,0.118796255,0.849364,1.252242,true,true
Replogle_RPE1,RPE1,REPLOGLE_RPE1_COND_0010,fold_10,replogle_rpe1_RPS2,RPS2,,single,200,3,80,0.337969,0.346639,0.358288,0.364792,0.00867,0.020319,0.026824,0.122261019,0.835633,1.238602,true,true
Replogle_RPE1,RPE1,REPLOGLE_RPE1_COND_0011,fold_11,replogle_rpe1_RPS3,RPS3,,single,200,3,80,0.433303,0.404705,0.420297,0.426186,-0.028598,-0.013007,-0.007118,0.135813808,0.852391,1.241662,true,true
Replogle_RPE1,RPE1,REPLOGLE_RPE1_COND_0012,fold_12,replogle_rpe1_RPS5,RPS5,,single,200,3,80,0.372308,0.396544,0.401782,0.417943,0.024236,0.029474,0.045635,0.128037899,0.834113,1.263857,true,true
Replogle_RPE1,RPE1,REPLOGLE_RPE1_COND_0013,fold_13,replogle_rpe1_RPS18,RPS18,,single,200,3,80,0.254109,0.310842,0.319153,0.331757,0.056733,0.065044,0.077649,0.113564841,0.842553,1.235586,true,true
Replogle_RPE1,RPE1,REPLOGLE_RPE1_COND_0014,fold_14,replogle_rpe1_RPL3,RPL3,,single,200,3,80,0.376434,0.3648,0.379928,0.388232,-0.011634,0.003494,0.011798,0.123971409,0.843137,1.254603,true,true
Replogle_RPE1,RPE1,REPLOGLE_RPE1_COND_0015,fold_15,replogle_rpe1_RPL5,RPL5,,single,200,3,80,0.33275,0.296145,0.307928,0.321269,-0.036605,-0.024822,-0.01148,0.126007739,0.832811,1.242323,true,true
Replogle_RPE1,RPE1,REPLOGLE_RPE1_COND_0016,fold_16,replogle_rpe1_RPL7,RPL7,,single,200,3,80,0.346276,0.327962,0.343482,0.347579,-0.018314,-0.002794,0.001303,0.122373208,0.845376,1.247787,true,true
Replogle_RPE1,RPE1,REPLOGLE_RPE1_COND_0017,fold_17,replogle_rpe1_RPL18,RPL18,,single,200,3,80,0.372144,0.337338,0.351155,0.356917,-0.034806,-0.020989,-0.015227,0.123348267,0.837447,1.240229,true,true
Replogle_RPE1,RPE1,REPLOGLE_RPE1_COND_0018,fold_18,replogle_rpe1_POLR2B,POLR2B,,single,200,3,80,0.374353,0.367094,0.375988,0.38552,-0.00726,0.001634,0.011166,0.132049699,0.836286,1.247477,true,true
Replogle_RPE1,RPE1,REPLOGLE_RPE1_COND_0019,fold_19,replogle_rpe1_POLR2C,POLR2C,,single,200,3,80,0.353194,0.364067,0.372239,0.384507,0.010872,0.019045,0.031313,0.123549320,0.843938,1.242012,true,true
Replogle_RPE1,RPE1,REPLOGLE_RPE1_COND_0020,fold_20,replogle_rpe1_POLR2D,POLR2D,,single,200,3,80,0.246698,0.285956,0.292597,0.305608,0.039258,0.045899,0.058911,0.114201407,0.832055,1.244619,true,true
Replogle_RPE1,RPE1,REPLOGLE_RPE1_COND_0021,fold_21,replogle_rpe1_PSMA1,PSMA1,,single,200,3,80,0.321545,0.354536,0.368374,0.374554,0.032991,0.046829,0.053009,0.129770716,0.831495,1.252199,true,true
Replogle_RPE1,RPE1,REPLOGLE_RPE1_COND_0022,fold_22,replogle_rpe1_PSMA2,PSMA2,,single,200,3,80,0.334457,0.355349,0.366447,0.372261,0.020892,0.031991,0.037805,0.126869273,0.838094,1.239176,true,true
Replogle_RPE1,RPE1,REPLOGLE_RPE1_COND_0023,fold_23,replogle_rpe1_PSMA3,PSMA3,,single,200,3,80,0.352857,0.352145,0.367261,0.38157,-0.000712,0.014404,0.028713,0.122503184,0.846152,1.244946,true,true
Replogle_RPE1,RPE1,REPLOGLE_RPE1_COND_0024,fold_24,replogle_rpe1_PSMB2,PSMB2,,single,200,3,80,0.344384,0.331549,0.347692,0.354821,-0.012835,0.003308,0.010437,0.116745703,0.837225,1.246539,true,true
Replogle_RPE1,RPE1,REPLOGLE_RPE1_COND_0025,fold_25,replogle_rpe1_PSMB3,PSMB3,,single,200,3,80,0.323245,0.35756,0.366973,0.38034,0.034315,0.043728,0.057095,0.119372667,0.841082,1.247156,true,true
Replogle_RPE1,RPE1,REPLOGLE_RPE1_COND_0026,fold_26,replogle_rpe1_NDUFA1,NDUFA1,,single,200,3,80,0.406743,0.386287,0.399861,0.408538,-0.020456,-0.006882,0.001795,0.124015811,0.844867,1.255596,true,true
Replogle_RPE1,RPE1,REPLOGLE_RPE1_COND_0027,fold_27,replogle_rpe1_NDUFA2,NDUFA2,,single,200,3,80,0.360923,0.373876,0.377516,0.393485,0.012953,0.016594,0.032562,0.128147519,0.830456,1.248927,true,true
Replogle_RPE1,RPE1,REPLOGLE_RPE1_COND_0028,fold_28,replogle_rpe1_NDUFB1,NDUFB1,,single,200,3,80,0.397918,0.359562,0.378966,0.385086,-0.038356,-0.018952,-0.012832,0.119323913,0.838286,1.247951,true,true
Replogle_RPE1,RPE1,REPLOGLE_RPE1_COND_0029,fold_29,replogle_rpe1_SDHA,SDHA,,single,200,3,80,0.346712,0.355042,0.368529,0.381581,0.00833,0.021817,0.034869,0.122587299,0.837112,1.257557,true,true
Replogle_RPE1,RPE1,REPLOGLE_RPE1_COND_0030,fold_30,replogle_rpe1_SDHB,SDHB,,single,200,3,80,0.387164,0.355774,0.369201,0.374875,-0.03139,-0.017963,-0.012289,0.125166638,0.842417,1.256259,true,true
Replogle_RPE1,RPE1,REPLOGLE_RPE1_COND_0031,fold_31,replogle_rpe1_UQCRB,UQCRB,,single,200,3,80,0.369695,0.35939,0.374018,0.387015,-0.010305,0.004324,0.017321,0.126067780,0.840071,1.264042,true,true
Replogle_RPE1,RPE1,REPLOGLE_RPE1_COND_0032,fold_32,replogle_rpe1_UQCRC1,UQCRC1,,single,200,3,80,0.342425,0.354665,0.366557,0.380094,0.01224,0.024132,0.037668,0.118196164,0.838527,1.262265,true,true
Replogle_RPE1,RPE1,REPLOGLE_RPE1_COND_0033,fold_33,replogle_rpe1_COX5A,COX5A,,single,200,3,80,0.430895,0.408851,0.430189,0.436507,-0.022043,-0.000706,0.005612,0.132318386,0.853799,1.260626,true,true
Replogle_RPE1,RPE1,REPLOGLE_RPE1_COND_0034,fold_34,replogle_rpe1_COX5B,COX5B,,single,200,3,80,0.429039,0.411126,0.429768,0.437478,-0.017913,0.00073,0.008439,0.120061971,0.844625,1.263352,true,true
Replogle_RPE1,RPE1,REPLOGLE_RPE1_COND_0035,fold_35,replogle_rpe1_ATP5F1A,ATP5F1A,,single,200,3,80,0.377262,0.377061,0.380207,0.395979,-0.000201,0.002945,0.018717,0.125441513,0.850626,1.247834,true,true
Replogle_RPE1,RPE1,REPLOGLE_RPE1_COND_0036,fold_36,replogle_rpe1_ATP5F1B,ATP5F1B,,single,200,3,80,0.328486,0.35444,0.370311,0.377608,0.025954,0.041825,0.049122,0.123272898,0.837596,1.249152,true,true
Replogle_RPE1,RPE1,REPLOGLE_RPE1_COND_0037,fold_37,replogle_rpe1_SF3B1,SF3B1,,single,200,3,80,0.308222,0.282113,0.300105,0.307579,-0.026109,-0.008117,-0.000642,0.115314472,0.834124,1.243342,true,true
Replogle_RPE1,RPE1,REPLOGLE_RPE1_COND_0038,fold_38,replogle_rpe1_SRSF1,SRSF1,,single,200,3,80,0.389306,0.312732,0.322451,0.330491,-0.076574,-0.066855,-0.058815,0.120814457,0.834763,1.253528,true,true
Replogle_RPE1,RPE1,REPLOGLE_RPE1_COND_0039,fold_39,replogle_rpe1_HNRNPA1,HNRNPA1,,single,200,3,80,0.354484,0.3711,0.378227,0.388607,0.016616,0.023743,0.034123,0.130228884,0.851259,1.24858,true,true
Replogle_RPE1,RPE1,REPLOGLE_RPE1_COND_0040,fold_40,replogle_rpe1_EEF1A1,EEF1A1,,single,200,3,80,0.396009,0.403152,0.410058,0.422431,0.007143,0.014049,0.026422,0.125109668,0.836209,1.255013,true,true
Replogle_RPE1,RPE1,REPLOGLE_RPE1_COND_0041,fold_41,replogle_rpe1_EEF2,EEF2,,single,200,3,80,0.396246,0.378844,0.389081,0.399262,-0.017402,-0.007165,0.003016,0.117676965,0.846561,1.247485,true,true
Replogle_RPE1,RPE1,REPLOGLE_RPE1_COND_0042,fold_42,replogle_rpe1_EIF4A1,EIF4A1,,single,200,3,80,0.357106,0.37429,0.386231,0.396764,0.017183,0.029125,0.039658,0.127900158,0.846097,1.262941,true,true
Replogle_RPE1,RPE1,REPLOGLE_RPE1_COND_0043,fold_43,replogle_rpe1_CCT2,CCT2,,single,200,3,80,0.335906,0.375305,0.382197,0.395713,0.0394,0.046291,0.059808,0.128620142,0.843474,1.258175,true,true
Replogle_RPE1,RPE1,REPLOGLE_RPE1_COND_0044,fold_44,replogle_rpe1_HSPD1,HSPD1,,single,200,3,80,0.201298,0.27628,0.295051,0.29735,0.074982,0.093753,0.096052,0.114492675,0.848713,1.243341,true,true
Replogle_RPE1,RPE1,REPLOGLE_RPE1_COND_0045,fold_45,replogle_rpe1_HSPE1,HSPE1,,single,200,3,80,0.297216,0.295202,0.302832,0.316887,-0.002014,0.005615,0.019671,0.117139513,0.840326,1.244066,true,true
Replogle_RPE1,RPE1,REPLOGLE_RPE1_COND_0046,fold_46,replogle_rpe1_KANSL1,KANSL1,,single,200,3,80,0.383656,0.353849,0.371181,0.383668,-0.029807,-0.012476,0.000012,0.114054070,0.839941,1.242677,true,true
Replogle_RPE1,RPE1,REPLOGLE_RPE1_COND_0047,fold_47,replogle_rpe1_KAT8,KAT8,,single,200,3,80,0.340332,0.323382,0.335402,0.342277,-0.01695,-0.00493,0.001945,0.126091960,0.853875,1.242126,true,true
Replogle_RPE1,RPE1,REPLOGLE_RPE1_COND_0048,fold_48,replogle_rpe1_WDR5,WDR5,,single,200,3,80,0.281228,0.321376,0.339605,0.351452,0.040148,0.058378,0.070224,0.121713067,0.830172,1.240423,true,true
Replogle_RPE1,RPE1,REPLOGLE_RPE1_COND_0049,fold_49,replogle_rpe1_TBP,TBP,,single,200,3,80,0.376108,0.366447,0.377575,0.385174,-0.009661,0.001468,0.009067,0.123422414,0.841794,1.263728,true,true
Replogle_RPE1,RPE1,REPLOGLE_RPE1_COND_0050,fold_50,replogle_rpe1_TAF1,TAF1,,single,200,3,80,0.35317,0.343077,0.361014,0.365557,-0.010093,0.007844,0.012387,0.125760058,0.836143,1.232387,true,true
Replogle_RPE1,RPE1,REPLOGLE_RPE1_COND_0001,fold_01,replogle_rpe1_RPS6,RPS6,,single,500,3,80,0.331544,0.371578,0.377084,0.360595,0.040034,0.04554,0.029051,0.127407556,0.842642,1.255675,true,true
Replogle_RPE1,RPE1,REPLOGLE_RPE1_COND_0002,fold_02,replogle_rpe1_RPL11,RPL11,,single,500,3,80,0.331709,0.345543,0.36226,0.330269,0.013834,0.030551,-0.00144,0.119115292,0.846428,1.243647,true,true
Replogle_RPE1,RPE1,REPLOGLE_RPE1_COND_0003,fold_03,replogle_rpe1_POLR2A,POLR2A,,single,500,3,80,0.408672,0.408241,0.416885,0.390388,-0.000431,0.008213,-0.018284,0.129763895,0.843303,1.258748,true,true
Replogle_RPE1,RPE1,REPLOGLE_RPE1_COND_0004,fold_04,replogle_rpe1_PSMB1,PSMB1,,single,500,3,80,0.398016,0.392715,0.403202,0.386972,-0.005301,0.005186,-0.011044,0.125420006,0.834467,1.247276,true,true
Replogle_RPE1,RPE1,REPLOGLE_RPE1_COND_0005,fold_05,replogle_rpe1_NDUFS1,NDUFS1,,single,500,3,80,0.339566,0.307539,0.31954,0.29856,-0.032027,-0.020026,-0.041005,0.122261435,0.847331,1.246477,true,true
Replogle_RPE1,RPE1,REPLOGLE_RPE1_COND_0006,fold_06,replogle_rpe1_COX4I1,COX4I1,,single,500,3,80,0.37253,0.383809,0.397808,0.372789,0.01128,0.025278,0.000259,0.131179875,0.84473,1.251728,true,true
Replogle_RPE1,RPE1,REPLOGLE_RPE1_COND_0007,fold_07,replogle_rpe1_ACTB,ACTB,,single,500,3,80,0.36584,0.382287,0.398225,0.372128,0.016447,0.032385,0.006288,0.134411181,0.826365,1.252916,true,true
Replogle_RPE1,RPE1,REPLOGLE_RPE1_COND_0008,fold_08,replogle_rpe1_TUBB,TUBB,,single,500,3,80,0.416254,0.423643,0.436326,0.410092,0.007389,0.020072,-0.006163,0.131912341,0.836455,1.270825,true,true
Replogle_RPE1,RPE1,REPLOGLE_RPE1_COND_0009,fold_09,replogle_rpe1_GAPDH,GAPDH,,single,500,3,80,0.334196,0.340471,0.355659,0.335431,0.006275,0.021463,0.001235,0.118869087,0.836718,1.252388,true,true
Replogle_RPE1,RPE1,REPLOGLE_RPE1_COND_0010,fold_10,replogle_rpe1_RPS2,RPS2,,single,500,3,80,0.316857,0.342937,0.354074,0.326649,0.02608,0.037217,0.009791,0.125169645,0.83958,1.24441,true,true
Replogle_RPE1,RPE1,REPLOGLE_RPE1_COND_0011,fold_11,replogle_rpe1_RPS3,RPS3,,single,500,3,80,0.400865,0.401711,0.41616,0.389041,0.000845,0.015294,-0.011824,0.134820024,0.849046,1.254069,true,true
Replogle_RPE1,RPE1,REPLOGLE_RPE1_COND_0012,fold_12,replogle_rpe1_RPS5,RPS5,,single,500,3,80,0.391542,0.391149,0.404261,0.381794,-0.000393,0.012719,-0.009748,0.125985926,0.845316,1.253893,true,true
Replogle_RPE1,RPE1,REPLOGLE_RPE1_COND_0013,fold_13,replogle_rpe1_RPS18,RPS18,,single,500,3,80,0.315301,0.311016,0.325477,0.289787,-0.004285,0.010176,-0.025513,0.130680096,0.843475,1.232489,true,true
Replogle_RPE1,RPE1,REPLOGLE_RPE1_COND_0014,fold_14,replogle_rpe1_RPL3,RPL3,,single,500,3,80,0.370143,0.363844,0.375203,0.350777,-0.006299,0.005059,-0.019366,0.127954194,0.845635,1.238259,true,true
Replogle_RPE1,RPE1,REPLOGLE_RPE1_COND_0015,fold_15,replogle_rpe1_RPL5,RPL5,,single,500,3,80,0.293736,0.29148,0.301132,0.280709,-0.002256,0.007395,-0.013027,0.119351111,0.836377,1.247915,true,true
Replogle_RPE1,RPE1,REPLOGLE_RPE1_COND_0016,fold_16,replogle_rpe1_RPL7,RPL7,,single,500,3,80,0.289071,0.326798,0.339417,0.31016,0.037727,0.050346,0.021089,0.133419697,0.84832,1.249453,true,true
Replogle_RPE1,RPE1,REPLOGLE_RPE1_COND_0017,fold_17,replogle_rpe1_RPL18,RPL18,,single,500,3,80,0.310355,0.332386,0.347547,0.323349,0.022031,0.037192,0.012994,0.129576776,0.838617,1.258109,true,true
Replogle_RPE1,RPE1,REPLOGLE_RPE1_COND_0018,fold_18,replogle_rpe1_POLR2B,POLR2B,,single,500,3,80,0.345522,0.363999,0.370517,0.345884,0.018477,0.024995,0.000362,0.129019002,0.841568,1.25116,true,true
Replogle_RPE1,RPE1,REPLOGLE_RPE1_COND_0019,fold_19,replogle_rpe1_POLR2C,POLR2C,,single,500,3,80,0.360403,0.363071,0.37315,0.347327,0.002668,0.012747,-0.013076,0.128514510,0.831652,1.244165,true,true
Replogle_RPE1,RPE1,REPLOGLE_RPE1_COND_0020,fold_20,replogle_rpe1_POLR2D,POLR2D,,single,500,3,80,0.281337,0.281147,0.292473,0.263164,-0.00019,0.011136,-0.018173,0.110324318,0.843898,1.249125,true,true
Replogle_RPE1,RPE1,REPLOGLE_RPE1_COND_0021,fold_21,replogle_rpe1_PSMA1,PSMA1,,single,500,3,80,0.345183,0.353526,0.364503,0.341386,0.008343,0.01932,-0.003798,0.131368675,0.838972,1.253041,true,true
Replogle_RPE1,RPE1,REPLOGLE_RPE1_COND_0022,fold_22,replogle_rpe1_PSMA2,PSMA2,,single,500,3,80,0.335497,0.345507,0.367247,0.338476,0.010009,0.03175,0.002978,0.117516457,0.836545,1.255802,true,true
Replogle_RPE1,RPE1,REPLOGLE_RPE1_COND_0023,fold_23,replogle_rpe1_PSMA3,PSMA3,,single,500,3,80,0.36017,0.348285,0.362386,0.344774,-0.011885,0.002216,-0.015396,0.116206054,0.838235,1.259168,true,true
Replogle_RPE1,RPE1,REPLOGLE_RPE1_COND_0024,fold_24,replogle_rpe1_PSMB2,PSMB2,,single,500,3,80,0.315779,0.337777,0.345724,0.317679,0.021998,0.029945,0.0019,0.118240548,0.851074,1.241914,true,true
Replogle_RPE1,RPE1,REPLOGLE_RPE1_COND_0025,fold_25,replogle_rpe1_PSMB3,PSMB3,,single,500,3,80,0.36528,0.357477,0.364903,0.344487,-0.007803,-0.000377,-0.020793,0.118792602,0.84978,1.257311,true,true
Replogle_RPE1,RPE1,REPLOGLE_RPE1_COND_0026,fold_26,replogle_rpe1_NDUFA1,NDUFA1,,single,500,3,80,0.361913,0.38331,0.396401,0.376116,0.021397,0.034488,0.014203,0.124361504,0.843234,1.253452,true,true
Replogle_RPE1,RPE1,REPLOGLE_RPE1_COND_0027,fold_27,replogle_rpe1_NDUFA2,NDUFA2,,single,500,3,80,0.362106,0.370179,0.375015,0.350826,0.008073,0.012909,-0.01128,0.121818175,0.835193,1.233585,true,true
Replogle_RPE1,RPE1,REPLOGLE_RPE1_COND_0028,fold_28,replogle_rpe1_NDUFB1,NDUFB1,,single,500,3,80,0.309683,0.365172,0.374519,0.349695,0.055489,0.064836,0.040012,0.120574513,0.833522,1.237364,true,true
Replogle_RPE1,RPE1,REPLOGLE_RPE1_COND_0029,fold_29,replogle_rpe1_SDHA,SDHA,,single,500,3,80,0.352107,0.348326,0.363997,0.347676,-0.003782,0.01189,-0.004432,0.129644487,0.842858,1.237685,true,true
Replogle_RPE1,RPE1,REPLOGLE_RPE1_COND_0030,fold_30,replogle_rpe1_SDHB,SDHB,,single,500,3,80,0.338174,0.35243,0.371501,0.340193,0.014256,0.033328,0.002019,0.125948369,0.848744,1.25254,true,true
Replogle_RPE1,RPE1,REPLOGLE_RPE1_COND_0031,fold_31,replogle_rpe1_UQCRB,UQCRB,,single,500,3,80,0.338814,0.357221,0.369969,0.34091,0.018407,0.031155,0.002096,0.131442839,0.846046,1.251763,true,true
Replogle_RPE1,RPE1,REPLOGLE_RPE1_COND_0032,fold_32,replogle_rpe1_UQCRC1,UQCRC1,,single,500,3,80,0.354317,0.356278,0.36587,0.341157,0.001961,0.011553,-0.01316,0.127042488,0.839519,1.253174,true,true
Replogle_RPE1,RPE1,REPLOGLE_RPE1_COND_0033,fold_33,replogle_rpe1_COX5A,COX5A,,single,500,3,80,0.408052,0.409367,0.420057,0.40505,0.001315,0.012005,-0.003003,0.137434629,0.851323,1.246374,true,true
Replogle_RPE1,RPE1,REPLOGLE_RPE1_COND_0034,fold_34,replogle_rpe1_COX5B,COX5B,,single,500,3,80,0.411166,0.413438,0.424794,0.401978,0.002272,0.013628,-0.009188,0.132509220,0.847059,1.25051,true,true
Replogle_RPE1,RPE1,REPLOGLE_RPE1_COND_0035,fold_35,replogle_rpe1_ATP5F1A,ATP5F1A,,single,500,3,80,0.364464,0.37332,0.384521,0.359131,0.008856,0.020057,-0.005333,0.127527155,0.840855,1.25148,true,true
Replogle_RPE1,RPE1,REPLOGLE_RPE1_COND_0036,fold_36,replogle_rpe1_ATP5F1B,ATP5F1B,,single,500,3,80,0.355357,0.3531,0.361873,0.340691,-0.002257,0.006516,-0.014666,0.125114834,0.840577,1.247928,true,true
Replogle_RPE1,RPE1,REPLOGLE_RPE1_COND_0037,fold_37,replogle_rpe1_SF3B1,SF3B1,,single,500,3,80,0.286169,0.287201,0.291382,0.271565,0.001032,0.005213,-0.014604,0.125901993,0.834608,1.241056,true,true
Replogle_RPE1,RPE1,REPLOGLE_RPE1_COND_0038,fold_38,replogle_rpe1_SRSF1,SRSF1,,single,500,3,80,0.289083,0.309191,0.3214,0.29905,0.020108,0.032317,0.009967,0.126183580,0.842404,1.252408,true,true
Replogle_RPE1,RPE1,REPLOGLE_RPE1_COND_0039,fold_39,replogle_rpe1_HNRNPA1,HNRNPA1,,single,500,3,80,0.343795,0.365962,0.374351,0.359949,0.022166,0.030555,0.016154,0.120630706,0.834513,1.244048,true,true
Replogle_RPE1,RPE1,REPLOGLE_RPE1_COND_0040,fold_40,replogle_rpe1_EEF1A1,EEF1A1,,single,500,3,80,0.398508,0.396058,0.412954,0.39016,-0.002451,0.014445,-0.008348,0.135542637,0.849521,1.250867,true,true
Replogle_RPE1,RPE1,REPLOGLE_RPE1_COND_0041,fold_41,replogle_rpe1_EEF2,EEF2,,single,500,3,80,0.359541,0.374075,0.390154,0.365403,0.014534,0.030614,0.005863,0.131367886,0.838966,1.261308,true,true
Replogle_RPE1,RPE1,REPLOGLE_RPE1_COND_0042,fold_42,replogle_rpe1_EIF4A1,EIF4A1,,single,500,3,80,0.370958,0.372724,0.390358,0.362022,0.001766,0.0194,-0.008936,0.121291690,0.847968,1.251492,true,true
Replogle_RPE1,RPE1,REPLOGLE_RPE1_COND_0043,fold_43,replogle_rpe1_CCT2,CCT2,,single,500,3,80,0.385732,0.369402,0.383531,0.360298,-0.01633,-0.002201,-0.025434,0.129914502,0.832498,1.260538,true,true
Replogle_RPE1,RPE1,REPLOGLE_RPE1_COND_0044,fold_44,replogle_rpe1_HSPD1,HSPD1,,single,500,3,80,0.279389,0.281152,0.287785,0.259586,0.001763,0.008396,-0.019803,0.118839676,0.848458,1.239727,true,true
Replogle_RPE1,RPE1,REPLOGLE_RPE1_COND_0045,fold_45,replogle_rpe1_HSPE1,HSPE1,,single,500,3,80,0.309406,0.29127,0.301347,0.274358,-0.018136,-0.00806,-0.035049,0.122049897,0.833984,1.256716,true,true
Replogle_RPE1,RPE1,REPLOGLE_RPE1_COND_0046,fold_46,replogle_rpe1_KANSL1,KANSL1,,single,500,3,80,0.349168,0.355573,0.365676,0.338765,0.006406,0.016508,-0.010402,0.129169306,0.841996,1.245141,true,true
Replogle_RPE1,RPE1,REPLOGLE_RPE1_COND_0047,fold_47,replogle_rpe1_KAT8,KAT8,,single,500,3,80,0.30704,0.324608,0.335818,0.310082,0.017567,0.028778,0.003042,0.120438263,0.8415,1.251372,true,true
Replogle_RPE1,RPE1,REPLOGLE_RPE1_COND_0048,fold_48,replogle_rpe1_WDR5,WDR5,,single,500,3,80,0.287978,0.323157,0.331053,0.306206,0.035179,0.043075,0.018228,0.122165066,0.844801,1.253354,true,true
Replogle_RPE1,RPE1,REPLOGLE_RPE1_COND_0049,fold_49,replogle_rpe1_TBP,TBP,,single,500,3,80,0.354226,0.359309,0.374181,0.349225,0.005083,0.019955,-0.005001,0.120671783,0.846793,1.245847,true,true
Replogle_RPE1,RPE1,REPLOGLE_RPE1_COND_0050,fold_50,replogle_rpe1_TAF1,TAF1,,single,500,3,80,0.338815,0.338315,0.347433,0.326508,-0.0005,0.008618,-0.012307,0.132958260,0.838889,1.254604,true,true
Replogle_RPE1,RPE1,REPLOGLE_RPE1_COND_0001,fold_01,replogle_rpe1_RPS6,RPS6,,single,1000,3,80,0.261328,0.376762,0.345143,0.359887,0.115434,0.083815,0.098559,0.119958631,0.841183,1.25033,true,true
Replogle_RPE1,RPE1,REPLOGLE_RPE1_COND_0002,fold_02,replogle_rpe1_RPL11,RPL11,,single,1000,3,80,0.34298,0.344598,0.321235,0.333421,0.001618,-0.021745,-0.009559,0.126070591,0.844265,1.2478,true,true
Replogle_RPE1,RPE1,REPLOGLE_RPE1_COND_0003,fold_03,replogle_rpe1_POLR2A,POLR2A,,single,1000,3,80,0.364906,0.406822,0.38243,0.388717,0.041917,0.017524,0.023811,0.139130101,0.851524,1.248506,true,true
Replogle_RPE1,RPE1,REPLOGLE_RPE1_COND_0004,fold_04,replogle_rpe1_PSMB1,PSMB1,,single,1000,3,80,0.388898,0.394415,0.363705,0.383429,0.005517,-0.025193,-0.00547,0.129605474,0.846615,1.253828,true,true
Replogle_RPE1,RPE1,REPLOGLE_RPE1_COND_0005,fold_05,replogle_rpe1_NDUFS1,NDUFS1,,single,1000,3,80,0.334208,0.308146,0.278216,0.292445,-0.026061,-0.055992,-0.041762,0.115934840,0.840003,1.242095,true,true
Replogle_RPE1,RPE1,REPLOGLE_RPE1_COND_0006,fold_06,replogle_rpe1_COX4I1,COX4I1,,single,1000,3,80,0.367725,0.384344,0.355985,0.366781,0.016619,-0.01174,-0.000945,0.135017319,0.854626,1.257262,true,true
Replogle_RPE1,RPE1,REPLOGLE_RPE1_COND_0007,fold_07,replogle_rpe1_ACTB,ACTB,,single,1000,3,80,0.368677,0.381622,0.354446,0.372791,0.012945,-0.014231,0.004114,0.125595650,0.852919,1.253921,true,true
Replogle_RPE1,RPE1,REPLOGLE_RPE1_COND_0008,fold_08,replogle_rpe1_TUBB,TUBB,,single,1000,3,80,0.403608,0.42022,0.394844,0.410579,0.016612,-0.008764,0.006971,0.128822604,0.851771,1.261209,true,true
Replogle_RPE1,RPE1,REPLOGLE_RPE1_COND_0009,fold_09,replogle_rpe1_GAPDH,GAPDH,,single,1000,3,80,0.314224,0.338457,0.315092,0.326967,0.024233,0.000868,0.012742,0.120537635,0.847332,1.241284,true,true
Replogle_RPE1,RPE1,REPLOGLE_RPE1_COND_0010,fold_10,replogle_rpe1_RPS2,RPS2,,single,1000,3,80,0.341573,0.338434,0.318715,0.330842,-0.003139,-0.022858,-0.01073,0.133742598,0.835734,1.245271,true,true
Replogle_RPE1,RPE1,REPLOGLE_RPE1_COND_0011,fold_11,replogle_rpe1_RPS3,RPS3,,single,1000,3,80,0.358012,0.401188,0.376762,0.389081,0.043176,0.01875,0.031069,0.135489213,0.850345,1.250451,true,true
Replogle_RPE1,RPE1,REPLOGLE_RPE1_COND_0012,fold_12,replogle_rpe1_RPS5,RPS5,,single,1000,3,80,0.386676,0.391152,0.369257,0.369471,0.004476,-0.017419,-0.017205,0.127719883,0.846687,1.253376,true,true
Replogle_RPE1,RPE1,REPLOGLE_RPE1_COND_0013,fold_13,replogle_rpe1_RPS18,RPS18,,single,1000,3,80,0.329954,0.307156,0.28369,0.29603,-0.022798,-0.046264,-0.033924,0.120159525,0.848633,1.252294,true,true
Replogle_RPE1,RPE1,REPLOGLE_RPE1_COND_0014,fold_14,replogle_rpe1_RPL3,RPL3,,single,1000,3,80,0.314846,0.362243,0.336321,0.353636,0.047397,0.021475,0.03879,0.124525299,0.831029,1.254821,true,true
Replogle_RPE1,RPE1,REPLOGLE_RPE1_COND_0015,fold_15,replogle_rpe1_RPL5,RPL5,,single,1000,3,80,0.22168,0.288114,0.260248,0.286266,0.066433,0.038568,0.064585,0.115918683,0.84486,1.235847,true,true
Replogle_RPE1,RPE1,REPLOGLE_RPE1_COND_0016,fold_16,replogle_rpe1_RPL7,RPL7,,single,1000,3,80,0.31295,0.325972,0.297997,0.310109,0.013021,-0.014953,-0.002841,0.118516975,0.84154,1.261251,true,true
Replogle_RPE1,RPE1,REPLOGLE_RPE1_COND_0017,fold_17,replogle_rpe1_RPL18,RPL18,,single,1000,3,80,0.288242,0.338205,0.306081,0.31994,0.049963,0.017839,0.031698,0.110203864,0.846373,1.23903,true,true
Replogle_RPE1,RPE1,REPLOGLE_RPE1_COND_0018,fold_18,replogle_rpe1_POLR2B,POLR2B,,single,1000,3,80,0.345395,0.363006,0.334342,0.347688,0.017611,-0.011053,0.002293,0.129083464,0.843991,1.259949,true,true
Replogle_RPE1,RPE1,REPLOGLE_RPE1_COND_0019,fold_19,replogle_rpe1_POLR2C,POLR2C,,single,1000,3,80,0.350388,0.354826,0.335705,0.347178,0.004438,-0.014683,-0.00321,0.117530843,0.838367,1.259619,true,true
Replogle_RPE1,RPE1,REPLOGLE_RPE1_COND_0020,fold_20,replogle_rpe1_POLR2D,POLR2D,,single,1000,3,80,0.28829,0.279893,0.252229,0.26309,-0.008396,-0.036061,-0.0252,0.112528526,0.838638,1.248512,true,true
Replogle_RPE1,RPE1,REPLOGLE_RPE1_COND_0021,fold_21,replogle_rpe1_PSMA1,PSMA1,,single,1000,3,80,0.364085,0.349613,0.325997,0.342533,-0.014471,-0.038087,-0.021551,0.119916588,0.848171,1.254541,true,true
Replogle_RPE1,RPE1,REPLOGLE_RPE1_COND_0022,fold_22,replogle_rpe1_PSMA2,PSMA2,,single,1000,3,80,0.353454,0.349575,0.320855,0.337207,-0.003879,-0.032599,-0.016246,0.120561001,0.834884,1.252906,true,true
Replogle_RPE1,RPE1,REPLOGLE_RPE1_COND_0023,fold_23,replogle_rpe1_PSMA3,PSMA3,,single,1000,3,80,0.320993,0.350585,0.324589,0.337785,0.029591,0.003595,0.016792,0.121705424,0.841253,1.254701,true,true
Replogle_RPE1,RPE1,REPLOGLE_RPE1_COND_0024,fold_24,replogle_rpe1_PSMB2,PSMB2,,single,1000,3,80,0.304475,0.327398,0.303557,0.319697,0.022922,-0.000918,0.015221,0.128915437,0.856508,1.249134,true,true
Replogle_RPE1,RPE1,REPLOGLE_RPE1_COND_0025,fold_25,replogle_rpe1_PSMB3,PSMB3,,single,1000,3,80,0.348104,0.353554,0.327657,0.339821,0.00545,-0.020447,-0.008282,0.113507866,0.834067,1.24997,true,true
Replogle_RPE1,RPE1,REPLOGLE_RPE1_COND_0026,fold_26,replogle_rpe1_NDUFA1,NDUFA1,,single,1000,3,80,0.353352,0.38083,0.362532,0.368513,0.027478,0.009179,0.01516,0.130432523,0.833921,1.241652,true,true
Replogle_RPE1,RPE1,REPLOGLE_RPE1_COND_0027,fold_27,replogle_rpe1_NDUFA2,NDUFA2,,single,1000,3,80,0.350486,0.364925,0.334873,0.348244,0.014439,-0.015614,-0.002243,0.124360937,0.838896,1.247524,true,true
Replogle_RPE1,RPE1,REPLOGLE_RPE1_COND_0028,fold_28,replogle_rpe1_NDUFB1,NDUFB1,,single,1000,3,80,0.360194,0.362407,0.341078,0.351138,0.002213,-0.019116,-0.009056,0.113657757,0.844734,1.250539,true,true
Replogle_RPE1,RPE1,REPLOGLE_RPE1_COND_0029,fold_29,replogle_rpe1_SDHA,SDHA,,single,1000,3,80,0.336679,0.348385,0.323345,0.337185,0.011706,-0.013335,0.000506,0.124155771,0.838237,1.252906,true,true
Replogle_RPE1,RPE1,REPLOGLE_RPE1_COND_0030,fold_30,replogle_rpe1_SDHB,SDHB,,single,1000,3,80,0.317402,0.356269,0.328387,0.337654,0.038866,0.010985,0.020252,0.123361268,0.839235,1.251351,true,true
Replogle_RPE1,RPE1,REPLOGLE_RPE1_COND_0031,fold_31,replogle_rpe1_UQCRB,UQCRB,,single,1000,3,80,0.337666,0.356427,0.326923,0.343448,0.018762,-0.010743,0.005782,0.127526350,0.841946,1.235546,true,true
Replogle_RPE1,RPE1,REPLOGLE_RPE1_COND_0032,fold_32,replogle_rpe1_UQCRC1,UQCRC1,,single,1000,3,80,0.331559,0.350235,0.325075,0.333694,0.018677,-0.006483,0.002136,0.123092698,0.843205,1.25159,true,true
Replogle_RPE1,RPE1,REPLOGLE_RPE1_COND_0033,fold_33,replogle_rpe1_COX5A,COX5A,,single,1000,3,80,0.371828,0.410393,0.384779,0.397784,0.038564,0.012951,0.025956,0.131078238,0.844924,1.244027,true,true
Replogle_RPE1,RPE1,REPLOGLE_RPE1_COND_0034,fold_34,replogle_rpe1_COX5B,COX5B,,single,1000,3,80,0.379727,0.407947,0.384444,0.398159,0.02822,0.004718,0.018433,0.130858830,0.840328,1.256224,true,true
Replogle_RPE1,RPE1,REPLOGLE_RPE1_COND_0035,fold_35,replogle_rpe1_ATP5F1A,ATP5F1A,,single,1000,3,80,0.349044,0.37478,0.343656,0.355497,0.025735,-0.005388,0.006453,0.125609278,0.849392,1.262131,true,true
Replogle_RPE1,RPE1,REPLOGLE_RPE1_COND_0036,fold_36,replogle_rpe1_ATP5F1B,ATP5F1B,,single,1000,3,80,0.357599,0.355165,0.3269,0.338276,-0.002433,-0.030698,-0.019323,0.124122988,0.842175,1.250157,true,true
Replogle_RPE1,RPE1,REPLOGLE_RPE1_COND_0037,fold_37,replogle_rpe1_SF3B1,SF3B1,,single,1000,3,80,0.224674,0.278514,0.25824,0.266102,0.05384,0.033566,0.041427,0.113151103,0.829546,1.25346,true,true
Replogle_RPE1,RPE1,REPLOGLE_RPE1_COND_0038,fold_38,replogle_rpe1_SRSF1,SRSF1,,single,1000,3,80,0.22287,0.31064,0.278234,0.292005,0.08777,0.055363,0.069135,0.123407047,0.846634,1.241174,true,true
Replogle_RPE1,RPE1,REPLOGLE_RPE1_COND_0039,fold_39,replogle_rpe1_HNRNPA1,HNRNPA1,,single,1000,3,80,0.369973,0.362498,0.335517,0.347023,-0.007475,-0.034456,-0.022949,0.129362114,0.847572,1.250003,true,true
Replogle_RPE1,RPE1,REPLOGLE_RPE1_COND_0040,fold_40,replogle_rpe1_EEF1A1,EEF1A1,,single,1000,3,80,0.375447,0.394593,0.376823,0.387275,0.019145,0.001375,0.011828,0.132454278,0.846961,1.251242,true,true
Replogle_RPE1,RPE1,REPLOGLE_RPE1_COND_0041,fold_41,replogle_rpe1_EEF2,EEF2,,single,1000,3,80,0.350436,0.378503,0.350762,0.364578,0.028067,0.000326,0.014142,0.130546535,0.845709,1.25532,true,true
Replogle_RPE1,RPE1,REPLOGLE_RPE1_COND_0042,fold_42,replogle_rpe1_EIF4A1,EIF4A1,,single,1000,3,80,0.375174,0.374066,0.346671,0.364776,-0.001107,-0.028502,-0.010398,0.119158585,0.853048,1.253479,true,true
Replogle_RPE1,RPE1,REPLOGLE_RPE1_COND_0043,fold_43,replogle_rpe1_CCT2,CCT2,,single,1000,3,80,0.373605,0.375916,0.347854,0.35742,0.00231,-0.025751,-0.016185,0.118188055,0.852467,1.253055,true,true
Replogle_RPE1,RPE1,REPLOGLE_RPE1_COND_0044,fold_44,replogle_rpe1_HSPD1,HSPD1,,single,1000,3,80,0.327077,0.275447,0.252146,0.263339,-0.05163,-0.074931,-0.063738,0.116330825,0.831089,1.237376,true,true
Replogle_RPE1,RPE1,REPLOGLE_RPE1_COND_0045,fold_45,replogle_rpe1_HSPE1,HSPE1,,single,1000,3,80,0.234975,0.291676,0.266855,0.270851,0.056701,0.031879,0.035876,0.126133713,0.838932,1.2417,true,true
Replogle_RPE1,RPE1,REPLOGLE_RPE1_COND_0046,fold_46,replogle_rpe1_KANSL1,KANSL1,,single,1000,3,80,0.314802,0.359157,0.332381,0.338521,0.044356,0.017579,0.023719,0.126561195,0.841186,1.249546,true,true
Replogle_RPE1,RPE1,REPLOGLE_RPE1_COND_0047,fold_47,replogle_rpe1_KAT8,KAT8,,single,1000,3,80,0.286821,0.320815,0.292199,0.306735,0.033994,0.005378,0.019914,0.119781216,0.840803,1.244543,true,true
Replogle_RPE1,RPE1,REPLOGLE_RPE1_COND_0048,fold_48,replogle_rpe1_WDR5,WDR5,,single,1000,3,80,0.365276,0.320957,0.295487,0.304588,-0.044319,-0.069789,-0.060688,0.118947317,0.85155,1.247382,true,true
Replogle_RPE1,RPE1,REPLOGLE_RPE1_COND_0049,fold_49,replogle_rpe1_TBP,TBP,,single,1000,3,80,0.328666,0.359224,0.332334,0.348193,0.030558,0.003668,0.019527,0.124158723,0.836559,1.240293,true,true
Replogle_RPE1,RPE1,REPLOGLE_RPE1_COND_0050,fold_50,replogle_rpe1_TAF1,TAF1,,single,1000,3,80,0.306712,0.335945,0.31259,0.321547,0.029232,0.005878,0.014835,0.121396798,0.830656,1.258777,true,true
