path,sha256,dataset,hvg,graph,seed,chunk_start,chunk_end,n_rows
results_merged_3seed/hvg1000/adamson__combined__s42f0-10.json,f48b387ae940d96c39f9a6f54b6f6d01ff7d33276f49e11626961880014041c8,adamson,1000,combined,42,0,10,10
results_merged_3seed/hvg1000/adamson__combined__s42f10-20.json,5f7c2b455f448d5220a67cf3b9dc1eb61997033deb010cc49f6461b65cf6fa36,adamson,1000,combined,42,10,20,10
results_merged_3seed/hvg1000/adamson__combined__s42f20-30.json,201a9b884118f2b5f2277149e70e99bb0c53cfe3d634cf871960ec852fbd0319,adamson,1000,combined,42,20,30,10
results_merged_3seed/hvg1000/adamson__combined__s42f30-40.json,166388c123f60bbec32a120dff6f2483c6213af050e47531425771a917d2fe40,adamson,1000,combined,42,30,40,10
results_merged_3seed/hvg1000/adamson__combined__s42f40-50.json,581f9e3bc7a5cb9efee8ec77723f9dd7fec009c2b441a81cb852c24f28661f65,adamson,1000,combined,42,40,50,10
results_merged_3seed/hvg1000/adamson__combined__s43f0-10.json,0080d1279951bb184dbed0316a5b87c2927d7bfb61d58fa99b2ac712b3d7efaa,adamson,1000,combined,43,0,10,10
results_merged_3seed/hvg1000/adamson__combined__s43f10-20.json,3247ef068a4b740649a5a34f64cd7f95cc58c175b4cde521dc180b68d85d18d8,adamson,1000,combined,43,10,20,10
results_merged_3seed/hvg1000/adamson__combined__s43f20-30.json,56df0c01bcdb3632bf6f14cebd1210bdc5129b6af573ee2974f98ba2d044d4cc,adamson,1000,combined,43,20,30,10
results_merged_3seed/hvg1000/adamson__combined__s43f30-40.json,feebc211b59d728773515ea513997b62a145ec827f8175db46844d2e2ac3b225,adamson,1000,combined,43,30,40,10
results_merged_3seed/hvg1000/adamson__combined__s43f40-50.json,93b7067d354d9bf4c508e382babcd5db59476c04066971d7b1ee802728fa5fbb,adamson,1000,combined,43,40,50,10
results_merged_3seed/hvg1000/adamson__combined__s44f0-10.json,ffa3c8f4a3a3949df1e81e63b066cecc69c9e33ae481b577345fe3841c2a1a34,adamson,1000,combined,44,0,10,10
results_merged_3seed/hvg1000/adamson__combined__s44f10-20.json,a1bc90071e164dbcc0aa9dbf31fe546f07704be69d905d521e5e9f8bbcd2b6b0,adamson,1000,combined,44,10,20,10
results_merged_3seed/hvg1000/adamson__combined__s44f20-30.json,11c26aa95cad1cb0ebd5146005746cd83b0c58591aa138b48e2da0b2c095b827,adamson,1000,combined,44,20,30,10
results_merged_3seed/hvg1000/adamson__combined__s44f30-40.json,277872ba21c8a9c3cab7711d01140a2bf8a0f74fa4da6f6191d268f35832bae0,adamson,1000,combined,44,30,40,10
results_merged_3seed/hvg1000/adamson__combined__s44f40-50.json,1f849ec9779affbeb64406c180598760c388e5669dee59fc81c36583de212f98,adamson,1000,combined,44,40,50,10
results_merged_3seed/hvg1000/adamson__gene_ontology__s42f0-10.json,bbedb6a9e1a1e9cae198d5ae1ebabca13ebbeb4861e22128c92a112b2f9067ac,adamson,1000,gene_ontology,42,0,10,10
results_merged_3seed/hvg1000/adamson__gene_ontology__s42f10-20.json,1e1bde0decbc287869ffbe0308f3345c9b795b4bf17705e25b13ec8c4ec64731,adamson,1000,gene_ontology,42,10,20,10
results_merged_3seed/hvg1000/adamson__gene_ontology__s42f20-30.json,a286516f711776d3b9b98d5f83dae5dd97798cea25192fda48fcd6a065007371,adamson,1000,gene_ontology,42,20,30,10
results_merged_3seed/hvg1000/adamson__gene_ontology__s42f30-40.json,1290a3059aa74b216a8e9b2ee8405e8e46858e78e7dcd05e0f3742d030590e49,adamson,1000,gene_ontology,42,30,40,10
results_merged_3seed/hvg1000/adamson__gene_ontology__s42f40-50.json,f4c6abfccf9623f2920b3175c7959dde3d3d8dabe1c232b1d8dd4739620d161f,adamson,1000,gene_ontology,42,40,50,10
results_merged_3seed/hvg1000/adamson__gene_ontology__s44f0-10.json,745d9173d3d0b03658b70f7f1501c3f97f55081ae1338c76fd412eb85d10258a,adamson,1000,gene_ontology,44,0,10,10
results_merged_3seed/hvg1000/adamson__gene_ontology__s44f10-20.json,2f59a387f6a3e16a57ef72bf2fe0a5e89752a11642f7a119cf8789f15e50c9aa,adamson,1000,gene_ontology,44,10,20,10
results_merged_3seed/hvg1000/adamson__gene_ontology__s44f20-30.json,3c34a080f966969fb6e92f22ac6f610636c34f97a3b348462c055bed21f68923,adamson,1000,gene_ontology,44,20,30,10
results_merged_3seed/hvg1000/adamson__gene_ontology__s44f30-40.json,70b78427c41a7a514392ac009d728da231cc18b9306abb2e77a892d09f208cd1,adamson,1000,gene_ontology,44,30,40,10
results_merged_3seed/hvg1000/adamson__gene_ontology__s44f40-50.json,e7f326e2917b30ea7c135a73edd72a8fbcfe2e436109dee39d16b7df4e23a0f1,adamson,1000,gene_ontology,44,40,50,10
results_merged_3seed/hvg1000/adamson__no_graph__s42f0-10.json,4c28691b4a4bbc51e83bd08be759316c22ffbc1e9501ff3d474fdd57e82946e2,adamson,1000,no_graph,42,0,10,10
results_merged_3seed/hvg1000/adamson__no_graph__s42f10-20.json,a13e74914a29fffc986576ad0f02acbd3b071b45bd07f55c38a305844fe6ca6c,adamson,1000,no_graph,42,10,20,10
results_merged_3seed/hvg1000/adamson__no_graph__s42f20-30.json,c0c87e89cdbef14f6c4a85cde4d2f397b7826418d92b233f63c723e0a40fdd9c,adamson,1000,no_graph,42,20,30,10
results_merged_3seed/hvg1000/adamson__no_graph__s42f30-40.json,a4a85d4e2e100a4c28bc980a0521caea1c4b0fd1a3e53e114ab0d244b22d8c53,adamson,1000,no_graph,42,30,40,10
results_merged_3seed/hvg1000/adamson__no_graph__s42f40-50.json,2c163f423e32cc50271a1f64f06c115789049fba9d5c0557d0fa7f89720df898,adamson,1000,no_graph,42,40,50,10
results_merged_3seed/hvg1000/adamson__no_graph__s44f0-10.json,3ef286d826a44a4c80dfdf32838e8f8a9b9fc89ba8e24cdcdb2fce0b4db39a15,adamson,1000,no_graph,44,0,10,10
results_merged_3seed/hvg1000/adamson__no_graph__s44f10-20.json,12de2b32d53d74a8d69537d373ff9eb3f8907bc29038b573af2ace7df9f691aa,adamson,1000,no_graph,44,10,20,10
results_merged_3seed/hvg1000/adamson__no_graph__s44f20-30.json,3a4dcf876e9a618dc4548aba255f02b23d03a07ebe39a38e5d0ff52004fb8e5b,adamson,1000,no_graph,44,20,30,10
results_merged_3seed/hvg1000/adamson__no_graph__s44f30-40.json,9081de1b8bcd850c2fd212ca2a80568ecf400dcf27dd3231ea11bc7b8fcbe143,adamson,1000,no_graph,44,30,40,10
results_merged_3seed/hvg1000/adamson__no_graph__s44f40-50.json,6b60a3ace5b4d9e630193f129a8f930ca2c3b3a762e7ad7de2893929a38eee09,adamson,1000,no_graph,44,40,50,10
results_merged_3seed/hvg1000/adamson__random__s42f0-10.json,0d857cb0ad8e43db41b5fd78e396d23020087388256610d588600510b7e93127,adamson,1000,random,42,0,10,10
results_merged_3seed/hvg1000/adamson__random__s42f10-20.json,403c1231d936630407d39a273788f76cc51505fc087bdbc1bf7ecefaf0c0fc60,adamson,1000,random,42,10,20,10
results_merged_3seed/hvg1000/adamson__random__s42f20-30.json,21428b4b1529b60845df88036bd165a44659076ac4dc6319c0bc33278f310e3a,adamson,1000,random,42,20,30,10
results_merged_3seed/hvg1000/adamson__random__s42f30-40.json,376c5939b7ab04bd1a2bdcd65c2e37075f9086b784a5e0faa807b1214318af60,adamson,1000,random,42,30,40,10
results_merged_3seed/hvg1000/adamson__random__s42f40-50.json,40616ec9030263c69f688e577d8280fb8d5552507dc071e92acd5c22cd41898e,adamson,1000,random,42,40,50,10
results_merged_3seed/hvg1000/adamson__random__s44f0-10.json,b6d61992ddca0af15bc5debd0eb9ae6e44205b2682ceedcf73bff5704ca607bc,adamson,1000,random,44,0,10,10
results_merged_3seed/hvg1000/adamson__random__s44f10-20.json,0f254c67e96e56fcf4e92a94fa3af0a3ea042b3be23f91196706707f58ce5d6f,adamson,1000,random,44,10,20,10
results_merged_3seed/hvg1000/adamson__random__s44f20-30.json,9b9b40c4d52186b36ac7c638286b85d5ee514a9f2a0746fcb99433676add2ac9,adamson,1000,random,44,20,30,10
results_merged_3seed/hvg1000/adamson__random__s44f30-40.json,c73d9e03ceb69c12ed8418f895f909538f9703de94eca221f1b526e8aaf1ab5b,adamson,1000,random,44,30,40,10
results_merged_3seed/hvg1000/adamson__random__s44f40-50.json,33536916bd4c83e95ec3036f16dfaed5d2da2306cefee4f0b87fd96793af0985,adamson,1000,random,44,40,50,10
results_merged_3seed/hvg1000/adamson__string_ppi__s42f0-10.json,231c302161629c06ab9f3d8c93fd593adc061a1764dcb609d5319a97232d33af,adamson,1000,string_ppi,42,0,10,10
results_merged_3seed/hvg1000/adamson__string_ppi__s42f10-20.json,2d3441aff39e2eee6c859fb208c69cc44b35cdb93cde4970f90c082c8c3df0bd,adamson,1000,string_ppi,42,10,20,10
results_merged_3seed/hvg1000/adamson__string_ppi__s42f20-30.json,88bca0d629afc0431a7c02483a144efa9ae362f84ffc9274cbaf66ede6fd1ea0,adamson,1000,string_ppi,42,20,30,10
results_merged_3seed/hvg1000/adamson__string_ppi__s42f30-40.json,a2f59c3c4f1bb499959589061d787df3e093579dd768c79b09e68527b5466913,adamson,1000,string_ppi,42,30,40,10
results_merged_3seed/hvg1000/adamson__string_ppi__s42f40-50.json,256530b5815accb8ecacd3af9a58f452a67cef3470942b61bc43bf90e41788a3,adamson,1000,string_ppi,42,40,50,10
results_merged_3seed/hvg1000/adamson__string_ppi__s43f0-10.json,ab1ad954932321571847c5403bed778cdc3944b02d8f8b91fd97c7fa15b422a1,adamson,1000,string_ppi,43,0,10,10
results_merged_3seed/hvg1000/adamson__string_ppi__s43f10-20.json,92a5bc5e201119f92099aa6d9b2ed6c02dfbb5ab0f505ab0e4a55dc500aba8bf,adamson,1000,string_ppi,43,10,20,10
results_merged_3seed/hvg1000/adamson__string_ppi__s43f20-30.json,8d247629a2439f3eb0068d67ae345e5c79f8dca977db584a8d9d1367196c697a,adamson,1000,string_ppi,43,20,30,10
results_merged_3seed/hvg1000/adamson__string_ppi__s43f30-40.json,5839197c13c4aa6d1f65b5cec80ce4e86a11b8d0f9f48510ae233a2ffeb1c7f0,adamson,1000,string_ppi,43,30,40,10
results_merged_3seed/hvg1000/adamson__string_ppi__s43f40-50.json,3d2686db86da502768d237866ccc3039f685772426713687b1bf7aa76f543c40,adamson,1000,string_ppi,43,40,50,10
results_merged_3seed/hvg1000/norman__combined__s42f0-10.json,963e10004d388ebd7535e6d5b43dcd07db5c869b3c9a27f69b6bf67facdb1af9,norman,1000,combined,42,0,10,10
results_merged_3seed/hvg1000/norman__combined__s42f10-20.json,9c3b49062702bc5e97781d257a5d3d817887e8c4ff11c1d51bf783f257db0092,norman,1000,combined,42,10,20,10
results_merged_3seed/hvg1000/norman__combined__s42f20-30.json,8859adf9a2591d99509c85d4f3d25d310dab51611b0761ae3572b78dcbac6454,norman,1000,combined,42,20,30,10
results_merged_3seed/hvg1000/norman__combined__s42f30-40.json,94f6131f87903e8991d0b80e7c942a2f558a0904c9f48fa837fd9cb5d463eb4b,norman,1000,combined,42,30,40,10
results_merged_3seed/hvg1000/norman__combined__s42f40-50.json,227ed42826ce0c5f1541dd46749f4e660500e203d97bd19aa315775da6a109b8,norman,1000,combined,42,40,50,10
results_merged_3seed/hvg1000/norman__combined__s43f0-10.json,191e2d5bf5900fcc429748149697b47abff30b6a3ec50366c7753f66f3eff9a8,norman,1000,combined,43,0,10,10
results_merged_3seed/hvg1000/norman__combined__s43f10-20.json,81cb6fee4254ea0df5ab501eaa0194feedba68d6903ac250f3b92f3cd66e70e7,norman,1000,combined,43,10,20,10
results_merged_3seed/hvg1000/norman__combined__s43f20-30.json,5d61a015aa7ce13bfcbb8ca02e5ac0c0005b2f872279a2e0d7abfeb974af5574,norman,1000,combined,43,20,30,10
results_merged_3seed/hvg1000/norman__combined__s43f30-40.json,00759bab2ea1190a541cccb29c82198f48c2c804635de6c8cd71e0d67d4260a1,norman,1000,combined,43,30,40,10
results_merged_3seed/hvg1000/norman__combined__s43f40-50.json,fc7c17f4c338a314437f1ca5fcc2dfa773409dfc2c80014b028aacbcf907acb6,norman,1000,combined,43,40,50,10
results_merged_3seed/hvg1000/norman__combined__s44f0-10.json,c9730f8e8e144c0e8809ff623c1bd357650748b0d28bcdac3011577a03731378,norman,1000,combined,44,0,10,10
results_merged_3seed/hvg1000/norman__combined__s44f10-20.json,f69e40bbe16cdaac96d9dabbdc61325bcec8f74a7992312ef7012e6ebf396ada,norman,1000,combined,44,10,20,10
results_merged_3seed/hvg1000/norman__combined__s44f20-30.json,a6f4f70b2c241b6b55125ea626491265a6aaadc0a621af9d941bc1c9d3739e06,norman,1000,combined,44,20,30,10
results_merged_3seed/hvg1000/norman__combined__s44f30-40.json,07d09a2c0407141c4253e0236a3bc3991edbaa1157644bb23f57499f1293169f,norman,1000,combined,44,30,40,10
results_merged_3seed/hvg1000/norman__combined__s44f40-50.json,3f873cfe512985f4448434f4286ade363bde48de786e359aaae5657b0016613e,norman,1000,combined,44,40,50,10
results_merged_3seed/hvg1000/norman__gene_ontology__s42f0-10.json,e995c7ba678421958242679afaaa81f7aff0a5da99d1f1481467d9019db7e823,norman,1000,gene_ontology,42,0,10,10
results_merged_3seed/hvg1000/norman__gene_ontology__s42f10-20.json,45ee74a280f6c92b2faf928b5b44aad563d4c3169cd32b959eaf21e20009b59d,norman,1000,gene_ontology,42,10,20,10
results_merged_3seed/hvg1000/norman__gene_ontology__s42f20-30.json,0eee2e3c87731d9086481db4e4d12ee772123c3386ef5394ffdc3638df3604d9,norman,1000,gene_ontology,42,20,30,10
results_merged_3seed/hvg1000/norman__gene_ontology__s42f30-40.json,05cb1949b7ab813c22f7cde2051e3c84f0bdfd4cc33aae3ee3d38080d27bbbf6,norman,1000,gene_ontology,42,30,40,10
results_merged_3seed/hvg1000/norman__gene_ontology__s42f40-50.json,49f858c1f0f17d9f2dd0539c70c6d947aac9eb0f7103fe70e34ce5a7f97937c9,norman,1000,gene_ontology,42,40,50,10
results_merged_3seed/hvg1000/norman__gene_ontology__s44f0-10.json,44aa13954baa00cb98f6d8c86cf434aa0b30fbde2395ed8dc5169b9394fa2cf6,norman,1000,gene_ontology,44,0,10,10
results_merged_3seed/hvg1000/norman__gene_ontology__s44f10-20.json,a43fcf1bcf26a4805436abca77900c92ef69386aa93cfd70fdfe0dea01122c6b,norman,1000,gene_ontology,44,10,20,10
results_merged_3seed/hvg1000/norman__gene_ontology__s44f20-30.json,c63492dfd645db5e988a6f4f3f3360960391b35befee4dcde0671ecdc80224cf,norman,1000,gene_ontology,44,20,30,10
results_merged_3seed/hvg1000/norman__gene_ontology__s44f30-40.json,583cbbcb793d53c9758f899522bf7afa72d1cf9ef94546261b82c0595b3c56fc,norman,1000,gene_ontology,44,30,40,10
results_merged_3seed/hvg1000/norman__gene_ontology__s44f40-50.json,af99b21fa18d22eb3991353a6ee690a2c831cdf8a4aa438606fc979bdfec6ba9,norman,1000,gene_ontology,44,40,50,10
results_merged_3seed/hvg1000/norman__no_graph__s43f0-10.json,4edc84721ed147806f231635925a4320eac6e4131c7d36f0d38d984965c803e5,norman,1000,no_graph,43,0,10,10
results_merged_3seed/hvg1000/norman__no_graph__s43f10-20.json,0c1da344def30f67afe923969d25c827cc0a3c83d9c9ac6e18167f8e9e402c3f,norman,1000,no_graph,43,10,20,10
results_merged_3seed/hvg1000/norman__no_graph__s43f20-30.json,b0df5a57dabf4133a56d5e616ab5577554953e96da4e5f278b856660655f4fc8,norman,1000,no_graph,43,20,30,10
results_merged_3seed/hvg1000/norman__no_graph__s43f30-40.json,dcdeb636f4649b99fdfcfc70306a03f5b605cf9d93b61e3c42f8fe8fe0239f9b,norman,1000,no_graph,43,30,40,10
results_merged_3seed/hvg1000/norman__no_graph__s43f40-50.json,b27257b7bd8c08b9c9e3af764b48daa5d14c1fe8d21c63def2de397c0f6c4b49,norman,1000,no_graph,43,40,50,10
results_merged_3seed/hvg1000/norman__no_graph__s44f0-10.json,949fe5023a9fbf2e975349c0625687c56cab98259f57b063e73f4a47e11e8fa1,norman,1000,no_graph,44,0,10,10
results_merged_3seed/hvg1000/norman__no_graph__s44f10-20.json,a7a5e457e12c6c828c4f1356e4314797ec4ea7da782db092ee0011a98f09f282,norman,1000,no_graph,44,10,20,10
results_merged_3seed/hvg1000/norman__no_graph__s44f20-30.json,f398da67358a9c8511316236ca7c496d6c7ca1189ffd27bf90c850315eda5c3f,norman,1000,no_graph,44,20,30,10
results_merged_3seed/hvg1000/norman__no_graph__s44f30-40.json,1c2af10da15cc9340170d2dde947ad93e8f2cd3090c2faf9e2b63982d6a29f6c,norman,1000,no_graph,44,30,40,10
results_merged_3seed/hvg1000/norman__no_graph__s44f40-50.json,5d5c26cf0ffbcdfa89b486f555c0ef989ba5df3e7878295feae615a1344908d4,norman,1000,no_graph,44,40,50,10
results_merged_3seed/hvg1000/norman__random__s42f0-10.json,e97bed8dd56876880e515a96efbf4a85c6fc7f7eacd1c9933b25d7e09df46911,norman,1000,random,42,0,10,10
results_merged_3seed/hvg1000/norman__random__s42f10-20.json,206e6a2d291e1cfa97d76aca7783cb6ae383368b311f4fbe6719679a568cbaa8,norman,1000,random,42,10,20,10
results_merged_3seed/hvg1000/norman__random__s42f20-30.json,8ce648ea8eccd732f7bedfc4340140e479ce68e6d3675d19befc2010053ae19a,norman,1000,random,42,20,30,10
results_merged_3seed/hvg1000/norman__random__s42f30-40.json,23d74305ba89452e9fbf273576c1e69bebddbc4f24844389f67a62f674dd5495,norman,1000,random,42,30,40,10
results_merged_3seed/hvg1000/norman__random__s42f40-50.json,b24f780ac34423aa809da4346f1ea544312888785c038ab031573534606c76c0,norman,1000,random,42,40,50,10
results_merged_3seed/hvg1000/norman__random__s44f0-10.json,9e9d6da0231184f1cff1e96389fdc9a20049b93435ed96f6a803b19d6720c616,norman,1000,random,44,0,10,10
results_merged_3seed/hvg1000/norman__random__s44f10-20.json,344d0cf4b67ac6070e2e9dab6c5ddca3a3247f63ce5f7d1dee2c1c96e95dd419,norman,1000,random,44,10,20,10
results_merged_3seed/hvg1000/norman__random__s44f20-30.json,3a67d93a9d7c5032421854e2c8123d383020715b66d7804b3a533d5c1ea92100,norman,1000,random,44,20,30,10
results_merged_3seed/hvg1000/norman__random__s44f30-40.json,c9cb35a94b80aeaff996d484e91048c5bee4a2ec1812480c5385d617b642f85b,norman,1000,random,44,30,40,10
results_merged_3seed/hvg1000/norman__random__s44f40-50.json,6ee28eb3558d10c4782db42d8da254ad902fac23c3505bb93406544a2866a93f,norman,1000,random,44,40,50,10
results_merged_3seed/hvg1000/norman__string_ppi__s43f0-10.json,cac7e807d63cffd1bed51d7fde7bbadbbe7c8c7e1328063b6d244f6d3555894d,norman,1000,string_ppi,43,0,10,10
results_merged_3seed/hvg1000/norman__string_ppi__s43f10-20.json,997130fe9f37ec8ae9c5fee604203edf35b5dc80c688fb9698965943bbdf0a06,norman,1000,string_ppi,43,10,20,10
results_merged_3seed/hvg1000/norman__string_ppi__s43f20-30.json,cc9a79f202666b6852eaf193eab1f64d2a67d58b38734a47529bf5bb1f5af7e9,norman,1000,string_ppi,43,20,30,10
results_merged_3seed/hvg1000/norman__string_ppi__s43f30-40.json,80fc880200c56268d3f0c3257573a6c21ddc1335eddcfa6d38e97485694bc00d,norman,1000,string_ppi,43,30,40,10
results_merged_3seed/hvg1000/norman__string_ppi__s43f40-50.json,17aa66b27993cf0f06b0f504bd2e1b8ce143aec17fd7d4b41f97fd1eb0dfae52,norman,1000,string_ppi,43,40,50,10
results_merged_3seed/hvg1000/norman__string_ppi__s44f0-10.json,a5d2e596b187fedf9f1f8a0fc22f59c62a3786812e6f38b2642a3ed9da1c4007,norman,1000,string_ppi,44,0,10,10
results_merged_3seed/hvg1000/norman__string_ppi__s44f10-20.json,db7e68e0115aae894b523f84817caddb64d4f036d3005d83ea81e6fff389d7ef,norman,1000,string_ppi,44,10,20,10
results_merged_3seed/hvg1000/norman__string_ppi__s44f20-30.json,89d37b81c5dbb3f955224009e184655c2c27ec5b49de56ae63a63e1c271c70c0,norman,1000,string_ppi,44,20,30,10
results_merged_3seed/hvg1000/norman__string_ppi__s44f30-40.json,0ac61f9a06e044b05c9f1837bb9abdf86b0faffabd7068ee67a333e7035b4491,norman,1000,string_ppi,44,30,40,10
results_merged_3seed/hvg1000/norman__string_ppi__s44f40-50.json,252798a49356089ba0d9eb46b9e98741c68c5f661da396b23fa8540770a59436,norman,1000,string_ppi,44,40,50,10
results_merged_3seed/hvg1000/replogle_k562__combined__s42f0-10.json,4b6354fde542a38dd874ad21840aa5ffa0d24564035fc570eff46bdbf15872a6,replogle_k562,1000,combined,42,0,10,10
results_merged_3seed/hvg1000/replogle_k562__combined__s42f10-20.json,d90786c3be10d6289ddfb06f9be2cc686c29085d2a18327e93971c2bb12031b2,replogle_k562,1000,combined,42,10,20,10
results_merged_3seed/hvg1000/replogle_k562__combined__s42f20-30.json,8b33bb19b07fe635d497f34d638a8d467251bc079b85d73f66d229ce3dc8aab2,replogle_k562,1000,combined,42,20,30,10
results_merged_3seed/hvg1000/replogle_k562__combined__s42f30-40.json,d8c174b64d53a63dc1dc7a0f0444727baffbae68f723364e6b489667350e8241,replogle_k562,1000,combined,42,30,40,10
results_merged_3seed/hvg1000/replogle_k562__combined__s42f40-50.json,2e7cbbcd3106e010ab5d3ed9c8b6934ce0a6a6b94829f903f5f2f6c5d59f8ca9,replogle_k562,1000,combined,42,40,50,10
results_merged_3seed/hvg1000/replogle_k562__combined__s43f0-10.json,6a468305a4ba0b3ec31f63036787ec885fe591618acb6e4d99fa624e96f0bb40,replogle_k562,1000,combined,43,0,10,10
results_merged_3seed/hvg1000/replogle_k562__combined__s43f10-20.json,2ec3fff169139a2d0dcdc77c087088a9b5bbcb7adbf676ddc070c8a63d9a46ec,replogle_k562,1000,combined,43,10,20,10
results_merged_3seed/hvg1000/replogle_k562__combined__s43f20-30.json,ea73ab2386fd923e364a7a2ec015ff63e784c84606321c16d465d009fc41d439,replogle_k562,1000,combined,43,20,30,10
results_merged_3seed/hvg1000/replogle_k562__combined__s43f30-40.json,2be36a5923f5f4d21cfc0174b10f5b31184b0cac155828b5e8c27ddc4cd36743,replogle_k562,1000,combined,43,30,40,10
results_merged_3seed/hvg1000/replogle_k562__combined__s43f40-50.json,0e975409b7f7cb35367d8a9ff90c0a0170b6640477601f98d9078d45df4867b6,replogle_k562,1000,combined,43,40,50,10
results_merged_3seed/hvg1000/replogle_k562__combined__s44f0-10.json,722f66c8bbf6099a7b9af48726ee6e47d6e9846565c830d4332b2f8680a90f4a,replogle_k562,1000,combined,44,0,10,10
results_merged_3seed/hvg1000/replogle_k562__combined__s44f10-20.json,458e2f11422265a9c7ff35e4199c005288622190c07d3b2ecaedc2e110167c4f,replogle_k562,1000,combined,44,10,20,10
results_merged_3seed/hvg1000/replogle_k562__combined__s44f20-30.json,6a1ffb18d0afb3fc518780fcbb881dcffb7db3bdb91fcd417827c5f4d40d94b7,replogle_k562,1000,combined,44,20,30,10
results_merged_3seed/hvg1000/replogle_k562__combined__s44f30-40.json,3f1540b18d9ecdbd64dee829feb5898373792c3f5c583846b738af2ed5643fbc,replogle_k562,1000,combined,44,30,40,10
results_merged_3seed/hvg1000/replogle_k562__combined__s44f40-50.json,069a2df67ae7ab9018a89f79485542fd30969c0212afa7dd9d442c35f9d09230,replogle_k562,1000,combined,44,40,50,10
results_merged_3seed/hvg1000/replogle_k562__gene_ontology__s42f0-10.json,5afde79a71b1e81216f2849e93eb6b1890d0f7331e6245247b6041ad8b01a199,replogle_k562,1000,gene_ontology,42,0,10,10
results_merged_3seed/hvg1000/replogle_k562__gene_ontology__s42f10-20.json,7ae437af73097ee3222ecb0fd3d42dd944d7bea82928eb1cd70be9914392e6cd,replogle_k562,1000,gene_ontology,42,10,20,10
results_merged_3seed/hvg1000/replogle_k562__gene_ontology__s42f20-30.json,d16fe219745e412d9cfd5bd3531928fab89e0e086c84758460d327c60d924b7f,replogle_k562,1000,gene_ontology,42,20,30,10
results_merged_3seed/hvg1000/replogle_k562__gene_ontology__s42f30-40.json,38cc479e3ca354c08cbbfa17a078ddba2d56f71e07b282eaf224a6681cd984c5,replogle_k562,1000,gene_ontology,42,30,40,10
results_merged_3seed/hvg1000/replogle_k562__gene_ontology__s42f40-50.json,207c1e40d61a3090d8ffed896de12336f12a13ec496351ab42df73065a8f129c,replogle_k562,1000,gene_ontology,42,40,50,10
results_merged_3seed/hvg1000/replogle_k562__gene_ontology__s43f0-10.json,1d344ee3923c4a90d7ca7da0d41a24b7e93747c6abf3e72d70bf140b9fbe456b,replogle_k562,1000,gene_ontology,43,0,10,10
results_merged_3seed/hvg1000/replogle_k562__gene_ontology__s43f10-20.json,1c98da1b2f24b0e32291b0c56928add6cd29040496667a25534c17dab9c50036,replogle_k562,1000,gene_ontology,43,10,20,10
results_merged_3seed/hvg1000/replogle_k562__gene_ontology__s43f20-30.json,ec6d00d6c14ad24a2ecdfd84780697d42077b33b4d5adebf8ab43daa0c72fa81,replogle_k562,1000,gene_ontology,43,20,30,10
results_merged_3seed/hvg1000/replogle_k562__gene_ontology__s43f30-40.json,3e7812fda5789429ada87239f0e2ecb6551b036ad03d5a5ae38f19efcdcabd53,replogle_k562,1000,gene_ontology,43,30,40,10
results_merged_3seed/hvg1000/replogle_k562__gene_ontology__s43f40-50.json,3c1159f150a3dd017326cabab7abd3818a7ec4e3824e18e823bbc99754412dce,replogle_k562,1000,gene_ontology,43,40,50,10
results_merged_3seed/hvg1000/replogle_k562__gene_ontology__s44f0-10.json,36f57c80c2f1a9c5c21081cb1bd471b063505cff9b5dfb47cd791b89e2a2db18,replogle_k562,1000,gene_ontology,44,0,10,10
results_merged_3seed/hvg1000/replogle_k562__gene_ontology__s44f10-20.json,424b780562e756fc09e8bec4cdddc18c92c1fddad01fb2a083bcd50848814fff,replogle_k562,1000,gene_ontology,44,10,20,10
results_merged_3seed/hvg1000/replogle_k562__gene_ontology__s44f20-30.json,0a902c67d104934174643eac343d619d81d8c1c16fb1f3bdb79bcb978a32a178,replogle_k562,1000,gene_ontology,44,20,30,10
results_merged_3seed/hvg1000/replogle_k562__gene_ontology__s44f30-40.json,81a2921abdf1f6268890f4fe25acb6cb629c468b4b5cbc19ff624146252b811c,replogle_k562,1000,gene_ontology,44,30,40,10
results_merged_3seed/hvg1000/replogle_k562__gene_ontology__s44f40-50.json,737853cc1c8f911267a5cb1e4a4aea6486019977e1536ed6306bb3340fdb9a1a,replogle_k562,1000,gene_ontology,44,40,50,10
results_merged_3seed/hvg1000/replogle_k562__no_graph__s42f0-10.json,aaf1927dcee667238c3f51fcd266044661244e5db75dd44ffdedffa1a1888207,replogle_k562,1000,no_graph,42,0,10,10
results_merged_3seed/hvg1000/replogle_k562__no_graph__s42f10-20.json,4a95205c004b8ed48b2505488c461b21eb94303d98aeb7b67cb82c65c32932c4,replogle_k562,1000,no_graph,42,10,20,10
results_merged_3seed/hvg1000/replogle_k562__no_graph__s42f20-30.json,65a96daa82307ce62c222a8406587d599cfcd2f700abf7dcd72badd9906e7194,replogle_k562,1000,no_graph,42,20,30,10
results_merged_3seed/hvg1000/replogle_k562__no_graph__s42f30-40.json,5e17ad90af8e7b9d66173dd1b4fcd88d38b6c6bb2e0efaf6d5dbfadfab6adef7,replogle_k562,1000,no_graph,42,30,40,10
results_merged_3seed/hvg1000/replogle_k562__no_graph__s42f40-50.json,2ba189a061c393bccb85e2a1788d50d3863b8e7bd8c6271014d252dc42287452,replogle_k562,1000,no_graph,42,40,50,10
results_merged_3seed/hvg1000/replogle_k562__no_graph__s43f0-10.json,6f7773b7cd1a4d0f8f4347a73b9007c7a9dbb8c22490fe00935abfa8762ac8e5,replogle_k562,1000,no_graph,43,0,10,10
results_merged_3seed/hvg1000/replogle_k562__no_graph__s43f10-20.json,208f28a4ab43bf49e63d97b29aa1e5871e5c2b8332d07ba4adafb9a44c7b57a3,replogle_k562,1000,no_graph,43,10,20,10
results_merged_3seed/hvg1000/replogle_k562__no_graph__s43f20-30.json,d627d27693a45b4600c2de1dd6f4115ac9130e9176dc8e7065bd9bf85df8c248,replogle_k562,1000,no_graph,43,20,30,10
results_merged_3seed/hvg1000/replogle_k562__no_graph__s43f30-40.json,1b2f74724db36eb67fc25266b3468c9a3ee6d9232a75c42207b0477d90e69136,replogle_k562,1000,no_graph,43,30,40,10
results_merged_3seed/hvg1000/replogle_k562__no_graph__s43f40-50.json,06fd4f64bb16403597bec44403199be944c2b922b9e2bc167540116e81b47f07,replogle_k562,1000,no_graph,43,40,50,10
results_merged_3seed/hvg1000/replogle_k562__no_graph__s44f0-10.json,79460f73c974c5812c486700b3b4a530c191cab61950d94c8eec109fe06b3e64,replogle_k562,1000,no_graph,44,0,10,10
results_merged_3seed/hvg1000/replogle_k562__no_graph__s44f10-20.json,f89febc09905179f032fb3da5560dbf19828c194a3122791d8bd9b7b7bd6e6a3,replogle_k562,1000,no_graph,44,10,20,10
results_merged_3seed/hvg1000/replogle_k562__no_graph__s44f20-30.json,71a033723aa0a917a730fca67b26d54ce1f022cb7a534fff42e3d7c90374a59f,replogle_k562,1000,no_graph,44,20,30,10
results_merged_3seed/hvg1000/replogle_k562__no_graph__s44f30-40.json,b71d8996e275928b43ad856c4115e0d3900e71dbf19cf057e8e3e062aaaf48c7,replogle_k562,1000,no_graph,44,30,40,10
results_merged_3seed/hvg1000/replogle_k562__no_graph__s44f40-50.json,feea2ed0f9e590acf1f99768d1363e11e6c322519ad31e5ae4a963cea0fcbee2,replogle_k562,1000,no_graph,44,40,50,10
results_merged_3seed/hvg1000/replogle_k562__random__s42f0-10.json,bcce4cc3821b9555b686a7af4428869244c18cee06f03c6ccda776f6861bc035,replogle_k562,1000,random,42,0,10,10
results_merged_3seed/hvg1000/replogle_k562__random__s42f10-20.json,10be72adc1ff5401be90a50ab3ef23b431a7b1a9a407007f642baafcc2558625,replogle_k562,1000,random,42,10,20,10
results_merged_3seed/hvg1000/replogle_k562__random__s42f20-30.json,9610f30cdaf869b75339204949712c367d1013816b31ab12bef7d9bb21671b72,replogle_k562,1000,random,42,20,30,10
results_merged_3seed/hvg1000/replogle_k562__random__s42f30-40.json,b45ee876b947cc73d923f6024297624474f0fb08020c76febbe36f2c19159470,replogle_k562,1000,random,42,30,40,10
results_merged_3seed/hvg1000/replogle_k562__random__s42f40-50.json,7ed90a888e5c51e37641ad4f4547344bcbc333064c7757264b2f771e30b4efb9,replogle_k562,1000,random,42,40,50,10
results_merged_3seed/hvg1000/replogle_k562__random__s43f0-10.json,e4805cbb1074ad1b8ae1be98e185c43ed06f8c6b40f7b80e964ef2bc938e03ab,replogle_k562,1000,random,43,0,10,10
results_merged_3seed/hvg1000/replogle_k562__random__s43f10-20.json,7fbf60915c34d4125fa94c365028456a6dddaf3a8a234ce28aae1a7325ecdc59,replogle_k562,1000,random,43,10,20,10
results_merged_3seed/hvg1000/replogle_k562__random__s43f20-30.json,7e5fe587a31893fd38564b46fe9463cef942c2bd056118c59c7f42aaf0c3bc68,replogle_k562,1000,random,43,20,30,10
results_merged_3seed/hvg1000/replogle_k562__random__s43f30-40.json,1bb7b26e50451f79a825a99ca54ed9c65d01637e391c0aed6a8c01a61dda7f5a,replogle_k562,1000,random,43,30,40,10
results_merged_3seed/hvg1000/replogle_k562__random__s43f40-50.json,774b25421455522676d5d2f4a2f5836922e33dad9ff1a2556c76c1965fc84b80,replogle_k562,1000,random,43,40,50,10
results_merged_3seed/hvg1000/replogle_k562__random__s44f0-10.json,fa3e173b2cb0daf1504021ef03ab622dd3fcf58ee93c52ee882469e1e2b5932d,replogle_k562,1000,random,44,0,10,10
results_merged_3seed/hvg1000/replogle_k562__random__s44f10-20.json,8912afb977fcc73451a25d49e3139eb3427a3155e616f5214ff5b0d36f7e8a28,replogle_k562,1000,random,44,10,20,10
results_merged_3seed/hvg1000/replogle_k562__random__s44f20-30.json,3553a58cf8dd5ed056c53b0d1f946f77317d9f1f60f81ffc7214532dcb3e070e,replogle_k562,1000,random,44,20,30,10
results_merged_3seed/hvg1000/replogle_k562__random__s44f30-40.json,f6f46ddf37a1c9267ba47464738c8b72c6c837b12cd3f60aa54ba594fbf65d44,replogle_k562,1000,random,44,30,40,10
results_merged_3seed/hvg1000/replogle_k562__random__s44f40-50.json,250c5f70a5789aa00c57b8cd79445c194b005f2dd5a0280f6af1d2233f250ea0,replogle_k562,1000,random,44,40,50,10
results_merged_3seed/hvg1000/replogle_k562__string_ppi__s42f0-10.json,89b5503c4bac2e9eaa4130efcd7f19037715d3287c1d46fe28ba7a659a61b58c,replogle_k562,1000,string_ppi,42,0,10,10
results_merged_3seed/hvg1000/replogle_k562__string_ppi__s42f10-20.json,28765daeb8bf5c6eace12d3ef094f2cc378ed9133f4f8277afe3062eae3055e5,replogle_k562,1000,string_ppi,42,10,20,10
results_merged_3seed/hvg1000/replogle_k562__string_ppi__s42f20-30.json,06b37b91cf6e462ea148c00e6cc8d9180e7956d30ce4049e89dc41747b8174e1,replogle_k562,1000,string_ppi,42,20,30,10
results_merged_3seed/hvg1000/replogle_k562__string_ppi__s42f30-40.json,47ec1b092fa70712d44c70e48f001deb5155865a91671e001060a7b971c5ef81,replogle_k562,1000,string_ppi,42,30,40,10
results_merged_3seed/hvg1000/replogle_k562__string_ppi__s42f40-50.json,e2babf7d13a2a27915d8cfe343c479690e7c073acec678666e1bfb7481ce04a1,replogle_k562,1000,string_ppi,42,40,50,10
results_merged_3seed/hvg1000/replogle_k562__string_ppi__s43f0-10.json,3b3f1efbcea1219008ff9f35d1f19c4b8d070768a3e14aedf9bb56ee2d4d95ce,replogle_k562,1000,string_ppi,43,0,10,10
results_merged_3seed/hvg1000/replogle_k562__string_ppi__s43f10-20.json,1b0ee3f464cb9cbc4866d33f16bd36f4db45eb05ca4724ef42200753e9f67b43,replogle_k562,1000,string_ppi,43,10,20,10
results_merged_3seed/hvg1000/replogle_k562__string_ppi__s43f20-30.json,e730ad581fe6038b3af209767b4838b24772eebdebea8d4ee0a3ae75024799f8,replogle_k562,1000,string_ppi,43,20,30,10
results_merged_3seed/hvg1000/replogle_k562__string_ppi__s43f30-40.json,0185ce9b33ed4e66c71f826e2689d74b9459bffe97194994cebe1dc7ab6adc0f,replogle_k562,1000,string_ppi,43,30,40,10
results_merged_3seed/hvg1000/replogle_k562__string_ppi__s43f40-50.json,bfc06a9e528defbf15fdd193075a10e805eaf923c3d0d418a42c95da7c176137,replogle_k562,1000,string_ppi,43,40,50,10
results_merged_3seed/hvg1000/replogle_k562__string_ppi__s44f0-10.json,b655dbfbd5ef00cfed29761ea54ef4c625d4bea7269253c3f8bcb9d11e70b976,replogle_k562,1000,string_ppi,44,0,10,10
results_merged_3seed/hvg1000/replogle_k562__string_ppi__s44f10-20.json,bd9b8775791168b3f58a8a0369cf62380d134d1a5db9ee0c79e1cbbbf7ac6c73,replogle_k562,1000,string_ppi,44,10,20,10
results_merged_3seed/hvg1000/replogle_k562__string_ppi__s44f20-30.json,c5a6be7b28c1e61684854ad102bd682541f477a6ae16380b4d6693a411bcee17,replogle_k562,1000,string_ppi,44,20,30,10
results_merged_3seed/hvg1000/replogle_k562__string_ppi__s44f30-40.json,73da3578f2c56e4005c76dd04d6baa9b568ba4392f1fb38bcdbfea5d25e712ac,replogle_k562,1000,string_ppi,44,30,40,10
results_merged_3seed/hvg1000/replogle_k562__string_ppi__s44f40-50.json,7f151f077c55cdbb67a3cadb5c43c3ecf92de2377328f2f88824f16a9fd7142c,replogle_k562,1000,string_ppi,44,40,50,10
results_merged_3seed/hvg1000/replogle_rpe1__combined__s42f0-10.json,08733f663dc85cee3a123f605befa0287e2ca042d9b21f4e9a19ff21717629df,replogle_rpe1,1000,combined,42,0,10,10
results_merged_3seed/hvg1000/replogle_rpe1__combined__s42f10-20.json,98554dd67387f491fa152ac5c00403a000282e315c0f6b22034448bba82259eb,replogle_rpe1,1000,combined,42,10,20,10
results_merged_3seed/hvg1000/replogle_rpe1__combined__s42f20-30.json,1bde4bfe100f4d88ae7c913b0ce23ff7de55f9fea478d0724db62261af5f31fe,replogle_rpe1,1000,combined,42,20,30,10
results_merged_3seed/hvg1000/replogle_rpe1__combined__s42f30-40.json,28599ab25cbf3d57dec8485e13765a652577081d8b43269ad29616149afdf90e,replogle_rpe1,1000,combined,42,30,40,10
results_merged_3seed/hvg1000/replogle_rpe1__combined__s42f40-50.json,2fef56b14d3d99c5cb75bcb48c12be7a90519fc793c72f2aba00ed1c84fb012e,replogle_rpe1,1000,combined,42,40,50,10
results_merged_3seed/hvg1000/replogle_rpe1__combined__s43f0-10.json,1cdcee413c16854dbb1eb4b62245140aea65f9389acf9592a79869a95b4f784b,replogle_rpe1,1000,combined,43,0,10,10
results_merged_3seed/hvg1000/replogle_rpe1__combined__s43f10-20.json,a57ea15de3504a323bd8001cbc27859ac5cccc2597edebdc311145130cdc5806,replogle_rpe1,1000,combined,43,10,20,10
results_merged_3seed/hvg1000/replogle_rpe1__combined__s43f20-30.json,f617ad6658af29bee6931f58cdb9e6036a6ba3361bcf35f25e9f7beb3111f204,replogle_rpe1,1000,combined,43,20,30,10
results_merged_3seed/hvg1000/replogle_rpe1__combined__s43f30-40.json,091f493c4d845a8835961c94c5799b54ced10b48982cbc7745c8d81c3fbc6bdb,replogle_rpe1,1000,combined,43,30,40,10
results_merged_3seed/hvg1000/replogle_rpe1__combined__s43f40-50.json,cd87d7523c414a90548a92463b12c9c02ca1971dd01bf90105edc84ddc63689c,replogle_rpe1,1000,combined,43,40,50,10
results_merged_3seed/hvg1000/replogle_rpe1__combined__s44f0-10.json,91c8d487870f42958357949093940ee1c4032b0e45b8a7e2d9079e1b20777a42,replogle_rpe1,1000,combined,44,0,10,10
results_merged_3seed/hvg1000/replogle_rpe1__combined__s44f10-20.json,aab0b512e453f0904eafcaac359b8bf1fb1137f1d15205247f88a0123be72936,replogle_rpe1,1000,combined,44,10,20,10
results_merged_3seed/hvg1000/replogle_rpe1__combined__s44f20-30.json,015a4d495544acc85ffc46f69147af8c9f903948c10333ad98d54dcad39c42b7,replogle_rpe1,1000,combined,44,20,30,10
results_merged_3seed/hvg1000/replogle_rpe1__combined__s44f30-40.json,d7df6f69f21819e0b1493d096c80445dea43d9302a71205c553bc5ace9cdffc9,replogle_rpe1,1000,combined,44,30,40,10
results_merged_3seed/hvg1000/replogle_rpe1__combined__s44f40-50.json,4ef91d85eb5f4d9b179297e2ef8f1d9ea09908c6887945509c3efacb2ebf1924,replogle_rpe1,1000,combined,44,40,50,10
results_merged_3seed/hvg1000/replogle_rpe1__gene_ontology__s42f0-10.json,0cff9c0d4916f5be1b90299f65925db61fb3bb5324d563960ed24e86cc9a0136,replogle_rpe1,1000,gene_ontology,42,0,10,10
results_merged_3seed/hvg1000/replogle_rpe1__gene_ontology__s42f10-20.json,3464aa9ba2a5e7a80e53abad72a24722ea90f5a6d4eff36ffe4848cfd3ee7fc4,replogle_rpe1,1000,gene_ontology,42,10,20,10
results_merged_3seed/hvg1000/replogle_rpe1__gene_ontology__s42f20-30.json,ff0f9c16f024ca43e90143ac99725f0e0c7a4acbfcec4bcb8f4c8f978e7af5b1,replogle_rpe1,1000,gene_ontology,42,20,30,10
results_merged_3seed/hvg1000/replogle_rpe1__gene_ontology__s42f30-40.json,a96e46c77fbdfa624cb11dcddf84b4a4b16404c83930b088681856245fb36321,replogle_rpe1,1000,gene_ontology,42,30,40,10
results_merged_3seed/hvg1000/replogle_rpe1__gene_ontology__s42f40-50.json,a308b188f565b8a13ba73b9dc069b1d54e251bcad6959644ed671453b866f7f3,replogle_rpe1,1000,gene_ontology,42,40,50,10
results_merged_3seed/hvg1000/replogle_rpe1__gene_ontology__s43f0-10.json,3d73cc1d2953af7245823ef67c613bac00ce60b4832c7a90d5197a5be69aba50,replogle_rpe1,1000,gene_ontology,43,0,10,10
results_merged_3seed/hvg1000/replogle_rpe1__gene_ontology__s43f10-20.json,7265944af0eb13a97c80e188e3145ddc9e4c5bd2a2dd9e111f9dc18c94622a43,replogle_rpe1,1000,gene_ontology,43,10,20,10
results_merged_3seed/hvg1000/replogle_rpe1__gene_ontology__s43f20-30.json,1ac98296eda8b3f9a8c9ffdaa4edf8ab10e5094213450acc8933c678be25417c,replogle_rpe1,1000,gene_ontology,43,20,30,10
results_merged_3seed/hvg1000/replogle_rpe1__gene_ontology__s43f30-40.json,49a355cda72bae26545ab668de4fb598f05274fb645858ad0115074252c6761e,replogle_rpe1,1000,gene_ontology,43,30,40,10
results_merged_3seed/hvg1000/replogle_rpe1__gene_ontology__s43f40-50.json,23a65cc6a879d2d315d2b1341f1bd58fb2b29ce9a0d60ca62d27f132f2a766da,replogle_rpe1,1000,gene_ontology,43,40,50,10
results_merged_3seed/hvg1000/replogle_rpe1__gene_ontology__s44f0-10.json,9975d6d4c4e539b29e2ca79103f98144969e04c20efa07b4325932aaec86977c,replogle_rpe1,1000,gene_ontology,44,0,10,10
results_merged_3seed/hvg1000/replogle_rpe1__gene_ontology__s44f10-20.json,ef28233391dd674d4608483398d384ab4fada2c92ee7bb78d04ed3e9f608663a,replogle_rpe1,1000,gene_ontology,44,10,20,10
results_merged_3seed/hvg1000/replogle_rpe1__gene_ontology__s44f20-30.json,2da1a81b4b15eb7e3c537da03cbfe801de68b47b0b3b0e6886594cf1899dd207,replogle_rpe1,1000,gene_ontology,44,20,30,10
results_merged_3seed/hvg1000/replogle_rpe1__gene_ontology__s44f30-40.json,e6cd4e6b6d1cffbdb5e22ff37d0f19a9252f2c031a7675105f9a41a8e300d038,replogle_rpe1,1000,gene_ontology,44,30,40,10
results_merged_3seed/hvg1000/replogle_rpe1__gene_ontology__s44f40-50.json,d7e09ae9f9714d499794920c0fe7ac0edcc9b168ac56eaaf5bcf7e6d5688485d,replogle_rpe1,1000,gene_ontology,44,40,50,10
results_merged_3seed/hvg1000/replogle_rpe1__no_graph__s42f0-10.json,c2aeb2c3673d1b33c33a1e9f9aa937ac687d73dcfea58e493b408552064e2241,replogle_rpe1,1000,no_graph,42,0,10,10
results_merged_3seed/hvg1000/replogle_rpe1__no_graph__s42f10-20.json,6bef65bb82f1139e0a8450231ed48b16425b5ccd6cc45f8c204a354ceaf95b01,replogle_rpe1,1000,no_graph,42,10,20,10
results_merged_3seed/hvg1000/replogle_rpe1__no_graph__s42f20-30.json,558285e3f79c641d05a9b869f5f7b1ad9b678b039a6100b682dfd5e8aa16b3a9,replogle_rpe1,1000,no_graph,42,20,30,10
results_merged_3seed/hvg1000/replogle_rpe1__no_graph__s42f30-40.json,165741d9cf8af5704b6b7413d5e67fba15e9008712f9330493e1bacb450f20dd,replogle_rpe1,1000,no_graph,42,30,40,10
results_merged_3seed/hvg1000/replogle_rpe1__no_graph__s42f40-50.json,59637fbf3c77d960fe88475b54f27d3690e5eeb45a2b220cf03b8fc38d85f11f,replogle_rpe1,1000,no_graph,42,40,50,10
results_merged_3seed/hvg1000/replogle_rpe1__no_graph__s43f0-10.json,9f544536071f8332093f7cc314b224b9a9514e52403b460c4029c0a059cc7e32,replogle_rpe1,1000,no_graph,43,0,10,10
results_merged_3seed/hvg1000/replogle_rpe1__no_graph__s43f10-20.json,b2d6513993fc7206fb3aad74cd34122a9e76bd5a6f0393d4e5cc5afcd3cd97dd,replogle_rpe1,1000,no_graph,43,10,20,10
results_merged_3seed/hvg1000/replogle_rpe1__no_graph__s43f20-30.json,e0c83463af32b3fede974f563ab36815ef96678e4cd6966844db5db014b4eabd,replogle_rpe1,1000,no_graph,43,20,30,10
results_merged_3seed/hvg1000/replogle_rpe1__no_graph__s43f30-40.json,7d1a1d36395f288288dfff5f5c0873afa520d3c3ccb23db190bd737243d1098a,replogle_rpe1,1000,no_graph,43,30,40,10
results_merged_3seed/hvg1000/replogle_rpe1__no_graph__s43f40-50.json,6d8281edbab6724f57bf1128d49209f030e0ed8a7d81437c093760116f96cc82,replogle_rpe1,1000,no_graph,43,40,50,10
results_merged_3seed/hvg1000/replogle_rpe1__random__s42f0-10.json,1a9da25e464329a055b175c6839504842a6d73f4009a778f1dbf3d86fac66df8,replogle_rpe1,1000,random,42,0,10,10
results_merged_3seed/hvg1000/replogle_rpe1__random__s42f10-20.json,a41917be8e92290d22ae700c84c363218ea8a4965e1c02bdada0a5c238d7c79b,replogle_rpe1,1000,random,42,10,20,10
results_merged_3seed/hvg1000/replogle_rpe1__random__s42f20-30.json,db182345088cb690b7b9161977a2cde2b16c8c5378031906a336029356dd6ebc,replogle_rpe1,1000,random,42,20,30,10
results_merged_3seed/hvg1000/replogle_rpe1__random__s42f30-40.json,c9b3839fb3466379433327590d9515397a420f7fae43c826fde5d36f1677930c,replogle_rpe1,1000,random,42,30,40,10
results_merged_3seed/hvg1000/replogle_rpe1__random__s42f40-50.json,4c76c2c8073472e14cdf668e2dedfd5b4ca3db95e2654a36e0190315996ef01e,replogle_rpe1,1000,random,42,40,50,10
results_merged_3seed/hvg1000/replogle_rpe1__random__s43f0-10.json,9eca99a5bf3c9b9daa9adaa448419b2336556aaf955bd8db1059a5a15a10f874,replogle_rpe1,1000,random,43,0,10,10
results_merged_3seed/hvg1000/replogle_rpe1__random__s43f10-20.json,d2358f27f691fa017f1eaa58cb38075061773370c27c04379252e1a714dc09ef,replogle_rpe1,1000,random,43,10,20,10
results_merged_3seed/hvg1000/replogle_rpe1__random__s43f20-30.json,3b3421c4fd0f51b5d9a1dc194af07a447469940621856891df780cfd6e7fa8c2,replogle_rpe1,1000,random,43,20,30,10
results_merged_3seed/hvg1000/replogle_rpe1__random__s43f30-40.json,798e8fceeecf4dcdec4cbc0aca890136d0642c4240ff0ea03bb13c094134104d,replogle_rpe1,1000,random,43,30,40,10
results_merged_3seed/hvg1000/replogle_rpe1__random__s43f40-50.json,70c77d5c33cac251e9bd64659d812669f5d3d354cdeba9bf3fbfaf0da2092acf,replogle_rpe1,1000,random,43,40,50,10
results_merged_3seed/hvg1000/replogle_rpe1__random__s44f0-10.json,d59bc76b6655f4d8c5b5197a288fa5701da795d7ee56bbbf786a4fdd23cd6afb,replogle_rpe1,1000,random,44,0,10,10
results_merged_3seed/hvg1000/replogle_rpe1__random__s44f10-20.json,4651b9c2d4ef8debf20ed82689649989fcf308161710baa1b5997df69cad3cb0,replogle_rpe1,1000,random,44,10,20,10
results_merged_3seed/hvg1000/replogle_rpe1__random__s44f20-30.json,2613635e59b4f27ecd2dd1ebc66888ee8491d7e068f0993adb8420264f445431,replogle_rpe1,1000,random,44,20,30,10
results_merged_3seed/hvg1000/replogle_rpe1__random__s44f30-40.json,8a20b34bc0670bb006c15bd6724ef84f9fa75c27004a80b610b764708ec98f3b,replogle_rpe1,1000,random,44,30,40,10
results_merged_3seed/hvg1000/replogle_rpe1__random__s44f40-50.json,19a371903c67d907db42ba6ef9e03459f710250fe7e0f435b888abaf986931d6,replogle_rpe1,1000,random,44,40,50,10
results_merged_3seed/hvg1000/replogle_rpe1__string_ppi__s42f0-10.json,1a069d5164a1d7901cbb8e5a7bbe6cc62fe9338ce64ef3a208e3234a29561c8e,replogle_rpe1,1000,string_ppi,42,0,10,10
results_merged_3seed/hvg1000/replogle_rpe1__string_ppi__s42f10-20.json,6409e05477a502b3d4554ad56bfb8d914002f25e7cee1d52c206d700e1fc37f2,replogle_rpe1,1000,string_ppi,42,10,20,10
results_merged_3seed/hvg1000/replogle_rpe1__string_ppi__s42f20-30.json,52c561976dc7918bd9ce8c73d96bff8ee4a351489beb10e1551a6201a17e71a4,replogle_rpe1,1000,string_ppi,42,20,30,10
results_merged_3seed/hvg1000/replogle_rpe1__string_ppi__s42f30-40.json,0b1005e661691f85c1c1f17e882e450007ffb1b9b7d0553b4760085836f8c6c2,replogle_rpe1,1000,string_ppi,42,30,40,10
results_merged_3seed/hvg1000/replogle_rpe1__string_ppi__s42f40-50.json,922b3e6a77fd136568875ec1bea73d5ae1e7f53b85bd01d5098909521a087fa9,replogle_rpe1,1000,string_ppi,42,40,50,10
results_merged_3seed/hvg1000/replogle_rpe1__string_ppi__s43f0-10.json,1b9c1ef972291e247b55b27b67d28d4d293e086abbc74c8047e34f70b6dcb27b,replogle_rpe1,1000,string_ppi,43,0,10,10
results_merged_3seed/hvg1000/replogle_rpe1__string_ppi__s43f10-20.json,8392ebdda45103a439083ed394f4fb68f71138e3e7b34acf610e45b7dae03337,replogle_rpe1,1000,string_ppi,43,10,20,10
results_merged_3seed/hvg1000/replogle_rpe1__string_ppi__s43f20-30.json,ea1851535475e3bcd4bc48be3cf35619028f893710ffc0dd5946acbc84846b55,replogle_rpe1,1000,string_ppi,43,20,30,10
results_merged_3seed/hvg1000/replogle_rpe1__string_ppi__s43f30-40.json,f3daa21f05a2dd9bd271ba7d0f8ada3128ee305fd976cf043164b8d8f4a4a84f,replogle_rpe1,1000,string_ppi,43,30,40,10
results_merged_3seed/hvg1000/replogle_rpe1__string_ppi__s43f40-50.json,319934ecb6051d8adce43ae80efdde6f696abd9e9e57c941732e5466e48bb7a7,replogle_rpe1,1000,string_ppi,43,40,50,10
results_merged_3seed/hvg1000/replogle_rpe1__string_ppi__s44f0-10.json,de99120df2723c9bc1c2ede8716d98b6e3ffe4830253c47c97cee9aaade7f363,replogle_rpe1,1000,string_ppi,44,0,10,10
results_merged_3seed/hvg1000/replogle_rpe1__string_ppi__s44f10-20.json,ab267e0de5d42711cd1001aba9d546af81fdc32f0303a022558194c3b654b84e,replogle_rpe1,1000,string_ppi,44,10,20,10
results_merged_3seed/hvg1000/replogle_rpe1__string_ppi__s44f20-30.json,fa2ce7a0475700684f2a8a728938eca8bbbc04644b973b3d23c5847136b16e21,replogle_rpe1,1000,string_ppi,44,20,30,10
results_merged_3seed/hvg1000/replogle_rpe1__string_ppi__s44f30-40.json,e1ddb4e081999f8ef6e6f91c8f6f6c53f04e44b091b2076770ef951f47fcc785,replogle_rpe1,1000,string_ppi,44,30,40,10
results_merged_3seed/hvg1000/replogle_rpe1__string_ppi__s44f40-50.json,be729158f7d0c886cc9580ddd3c883d7e2281f341bdbcee571a18b10887f983f,replogle_rpe1,1000,string_ppi,44,40,50,10
results_merged_3seed/hvg200/adamson__coexpression__s44f0-10.json,d9d6bc2b7fcca72d0091c7f1c136c4075ff7bcbef7a6f204b178152518964387,adamson,200,coexpression,44,0,10,10
results_merged_3seed/hvg200/adamson__coexpression__s44f10-20.json,67690eba48d5c23239d25be237c44907e11a9b42c2ce36b94357372096b10109,adamson,200,coexpression,44,10,20,10
results_merged_3seed/hvg200/adamson__coexpression__s44f20-30.json,bff7368d8c137145ae27a78441fd642be47ae9e5f08090f70e7f6b34d80a7793,adamson,200,coexpression,44,20,30,10
results_merged_3seed/hvg200/adamson__coexpression__s44f30-40.json,93a97a09dbac894346c56bead7453627e85705bfe0c43be20d5230f6752cc94a,adamson,200,coexpression,44,30,40,10
results_merged_3seed/hvg200/adamson__coexpression__s44f40-50.json,6558aca698c5cb5ab1fd0e201592f22a39c606048c461ea934eb31595f0f7793,adamson,200,coexpression,44,40,50,10
results_merged_3seed/hvg200/adamson__combined__s42f0-10.json,b23ecdc091b3c8a7d0ee2a2deefd756bbcb6bee2f560757c6f5c1c17a1558f90,adamson,200,combined,42,0,10,10
results_merged_3seed/hvg200/adamson__combined__s42f10-20.json,a4d07c01cb7b8b9dfc8609d4a80f735ea2ff1087efe6d6ef81977095b3a01b30,adamson,200,combined,42,10,20,10
results_merged_3seed/hvg200/adamson__combined__s42f20-30.json,84cd72a71b9f47c5890e00652800392ab261de6d6620b2c82cf2b6830809b7b9,adamson,200,combined,42,20,30,10
results_merged_3seed/hvg200/adamson__combined__s42f30-40.json,b84ba2510cf69cb8098cb853ea83f5c521200d9724c54d80c92f434282c02156,adamson,200,combined,42,30,40,10
results_merged_3seed/hvg200/adamson__combined__s42f40-50.json,ba46bf25cf25e9be6ef4a0464279ba8b07270a9411c6d1ddb53618c436879901,adamson,200,combined,42,40,50,10
results_merged_3seed/hvg200/adamson__combined__s43f0-10.json,8b881b5bb8eee9ea3d70310ce80659e31aeba837d13c71b0d257b64bae8a6e02,adamson,200,combined,43,0,10,10
results_merged_3seed/hvg200/adamson__combined__s43f10-20.json,fa5394c429047d98f84c6f75143e1398affd15f159a240a0262a59116408ac3f,adamson,200,combined,43,10,20,10
results_merged_3seed/hvg200/adamson__combined__s43f20-30.json,83629a40492ec5c4e2d4734830c220b617b2d2e226d83c4045568592f52d4a86,adamson,200,combined,43,20,30,10
results_merged_3seed/hvg200/adamson__combined__s43f30-40.json,2c2652d9c1cb6e31031f84af68521664845c10e6ebc41c880cab3be3e733bcf8,adamson,200,combined,43,30,40,10
results_merged_3seed/hvg200/adamson__combined__s43f40-50.json,4b1cf11f033e693da949139d2fa2a6656aa604c51bfa8a797169df0855915074,adamson,200,combined,43,40,50,10
results_merged_3seed/hvg200/adamson__combined__s44f0-10.json,7714dcd2466578aa7eaa87e9aca05bcf8195c68162cfd642812afcd20a346ef2,adamson,200,combined,44,0,10,10
results_merged_3seed/hvg200/adamson__combined__s44f10-20.json,f0cf5f3b6c98e5ef0054952371df834e15444917cdd682e8b48a7eaae286d13d,adamson,200,combined,44,10,20,10
results_merged_3seed/hvg200/adamson__combined__s44f20-30.json,498465af86d7f0d83420932d6e64430698906857b43485f3351280846dffc546,adamson,200,combined,44,20,30,10
results_merged_3seed/hvg200/adamson__combined__s44f30-40.json,f821fd81a7edb93ab65bd6a72be38e04fdbb778f0d3a2e8c61ddaee9f98403bf,adamson,200,combined,44,30,40,10
results_merged_3seed/hvg200/adamson__combined__s44f40-50.json,8f9394a110537362b30118b9cfa10839a2c5e4d1035d770e58992af874bfc7d4,adamson,200,combined,44,40,50,10
results_merged_3seed/hvg200/adamson__gene_ontology__s42f0-10.json,a0885f0e87ac51cf6101097264a0d0df5f8586ecf87ac095c3e2ca1ee33bcf46,adamson,200,gene_ontology,42,0,10,10
results_merged_3seed/hvg200/adamson__gene_ontology__s42f10-20.json,577a9f78170f0d21bdafa22953f2abe3b970ef5376b7aceb3bc1ad9167173465,adamson,200,gene_ontology,42,10,20,10
results_merged_3seed/hvg200/adamson__gene_ontology__s42f20-30.json,a9d7b9c3ff3c45e61ba2082e4aa1c8ecb96719b84c5f3186738c865f5a2fc33c,adamson,200,gene_ontology,42,20,30,10
results_merged_3seed/hvg200/adamson__gene_ontology__s42f30-40.json,5b2ccf5b2b2ed7d6f400034e9a48eb1dd10ff85f6805da33782be261e395c0ef,adamson,200,gene_ontology,42,30,40,10
results_merged_3seed/hvg200/adamson__gene_ontology__s42f40-50.json,f3994723e8a0f62bdb631c447d06c8ad3272e045a216b3ae2523e27c55019c06,adamson,200,gene_ontology,42,40,50,10
results_merged_3seed/hvg200/adamson__gene_ontology__s43f0-10.json,c8a96f9b4d78a4fff6646a8214980fc46bf7f0402b2780f89aeba0726c862a49,adamson,200,gene_ontology,43,0,10,10
results_merged_3seed/hvg200/adamson__gene_ontology__s43f10-20.json,9316469c0e60e7db931bbe2bf27c4bddd352136076fda07dac9d91d6ee341a85,adamson,200,gene_ontology,43,10,20,10
results_merged_3seed/hvg200/adamson__gene_ontology__s43f20-30.json,40f6c4f4a5fe079513cb8de81606c316142f4ac344fc715fcf2b13f0533f8607,adamson,200,gene_ontology,43,20,30,10
results_merged_3seed/hvg200/adamson__gene_ontology__s43f30-40.json,d39f930b7eef51d1425ff3e465fac9e0564e1692145eaf8bf94ce13979c8bc6a,adamson,200,gene_ontology,43,30,40,10
results_merged_3seed/hvg200/adamson__gene_ontology__s43f40-50.json,e12b0cdeee72897665b8678e237d09fedfdebb01d5cd2808a7e7dee02a62b74d,adamson,200,gene_ontology,43,40,50,10
results_merged_3seed/hvg200/adamson__no_graph__s43f0-10.json,28d2273c4179e0352afc6b95781ffe9eb60312cb4b0d51cc69609d66544233f7,adamson,200,no_graph,43,0,10,10
results_merged_3seed/hvg200/adamson__no_graph__s43f10-20.json,da2a916a6fcb6e8976100f802a7e0b07f2ce2a55431bb394c28366dbc5d9f3f0,adamson,200,no_graph,43,10,20,10
results_merged_3seed/hvg200/adamson__no_graph__s43f20-30.json,2856139b8d76ffb71910f03b4a90ec41f970759f47269461aebcdf4b79b33e09,adamson,200,no_graph,43,20,30,10
results_merged_3seed/hvg200/adamson__no_graph__s43f30-40.json,cd9491553cc41677b2dfb34b1ab0f33538d78eb7e645c2b2468cd11e10c7abc3,adamson,200,no_graph,43,30,40,10
results_merged_3seed/hvg200/adamson__no_graph__s43f40-50.json,b722ad36dfa56dd2bbac03fffe4e0e2f0b33e85255f508528dbac322fffc1314,adamson,200,no_graph,43,40,50,10
results_merged_3seed/hvg200/adamson__no_graph__s44f0-10.json,ca56aa9b3723d35dcf3b1de64b33a0f45341c7babcf82ce6934ae19c51617658,adamson,200,no_graph,44,0,10,10
results_merged_3seed/hvg200/adamson__no_graph__s44f10-20.json,747f756e4fb5462a50ed7794a46e1eb9ac993de283f4ab0a0992edc6a69e172f,adamson,200,no_graph,44,10,20,10
results_merged_3seed/hvg200/adamson__no_graph__s44f20-30.json,b6e21df7ac61c997c7e26c5d0996bd2901bcaba6879d12ae958b4c341fcfd1ea,adamson,200,no_graph,44,20,30,10
results_merged_3seed/hvg200/adamson__no_graph__s44f30-40.json,eb156572621424d9de2eca1e6bf5b1266ccbfdcf2ead7a0b599aa33366f1c5fd,adamson,200,no_graph,44,30,40,10
results_merged_3seed/hvg200/adamson__no_graph__s44f40-50.json,d7d178ff2a7dd95df26172801c90eee4b6e089d8833f493936b521d30763ecbe,adamson,200,no_graph,44,40,50,10
results_merged_3seed/hvg200/adamson__random__s42f0-10.json,91d7841f1f78a42b44f111e0cf6dfb5792af610e733db072be2403455b397e45,adamson,200,random,42,0,10,10
results_merged_3seed/hvg200/adamson__random__s42f10-20.json,3a155b3913eed1e2f16135391c9ae8d747df62af9007e45695fb5b29e14e9a72,adamson,200,random,42,10,20,10
results_merged_3seed/hvg200/adamson__random__s42f20-30.json,e460b330a8c8b451cf015045fb55f051f9bdce667f686c1e83c51e62ab16f0ed,adamson,200,random,42,20,30,10
results_merged_3seed/hvg200/adamson__random__s42f30-40.json,6057f79c38fd355d6f19e9543a0a0cb2313dbfa9d5f3f1a40cdacc911c15e009,adamson,200,random,42,30,40,10
results_merged_3seed/hvg200/adamson__random__s42f40-50.json,c4a94300038e689d72f6178d8150a8253aa737011b1351deaa96405aa2067575,adamson,200,random,42,40,50,10
results_merged_3seed/hvg200/adamson__random__s44f0-10.json,310cf54d85d2e8334c36e380e1a9098e49a86e53f6b8a768f2743db4e205ae90,adamson,200,random,44,0,10,10
results_merged_3seed/hvg200/adamson__random__s44f10-20.json,73d3601550fdad249eb046210e432aaf2b53896bcebe8cfc4f919aa557036053,adamson,200,random,44,10,20,10
results_merged_3seed/hvg200/adamson__random__s44f20-30.json,ebabfd76b9356ae9ff0ca54c2b0d0f5742412e88e37fdb0ed52b412aabf496f9,adamson,200,random,44,20,30,10
results_merged_3seed/hvg200/adamson__random__s44f30-40.json,2d02c1e19b6c0e85b62566e76678f7fe4b0d8108436d4ebe0ecca3414e0e1cb2,adamson,200,random,44,30,40,10
results_merged_3seed/hvg200/adamson__random__s44f40-50.json,9394747a9e40dbf44f98287632bf4b2079b8337a95defa12ed9fca37c06d9ef8,adamson,200,random,44,40,50,10
results_merged_3seed/hvg200/adamson__string_ppi__s42f0-10.json,84536ca1830a3ffe561875b555e42f197b3798b381b23b83fc6a6ff5c72145e7,adamson,200,string_ppi,42,0,10,10
results_merged_3seed/hvg200/adamson__string_ppi__s42f10-20.json,641e1650eb20c2ea8ec6f7e68a1e82324d12779f102b4076253c3f5a6230ab7c,adamson,200,string_ppi,42,10,20,10
results_merged_3seed/hvg200/adamson__string_ppi__s42f20-30.json,3733cdd5c7c38fe333e94f1b9ae1b68f7e29b8db7ed4d4713380a16fda71be5e,adamson,200,string_ppi,42,20,30,10
results_merged_3seed/hvg200/adamson__string_ppi__s42f30-40.json,deacb9cba4187fae0865ec36c2b76542a312f66cde110a008db7f17cfd2d9d9a,adamson,200,string_ppi,42,30,40,10
results_merged_3seed/hvg200/adamson__string_ppi__s42f40-50.json,2c0fcdeba54f69231ab172947bcb35b86a2308e4276e2d738970f5344c2a0778,adamson,200,string_ppi,42,40,50,10
results_merged_3seed/hvg200/norman__coexpression__s43f0-10.json,360774b71ca140da33a99287b682bac1ee504b105df4ed13ff1589d41cecf81a,norman,200,coexpression,43,0,10,10
results_merged_3seed/hvg200/norman__coexpression__s43f10-20.json,a097f478c2443b23bb67d79a38b0313fcb59199a03cef8f3e948534472dc3ca0,norman,200,coexpression,43,10,20,10
results_merged_3seed/hvg200/norman__coexpression__s43f20-30.json,ce2a7ef72499422da7126e58b9bd65b9b8b0f8b1f87c40fdbf46924bf976a879,norman,200,coexpression,43,20,30,10
results_merged_3seed/hvg200/norman__coexpression__s43f30-40.json,c2909d0ebb79ebe828bbbd3d344454fe09970151efabef49c051f47b61e2a416,norman,200,coexpression,43,30,40,10
results_merged_3seed/hvg200/norman__coexpression__s43f40-50.json,a7551dc62e5b72a0640ed70973e756f96a255d276a0558824ecb22cda33ee4a9,norman,200,coexpression,43,40,50,10
results_merged_3seed/hvg200/norman__coexpression__s44f0-10.json,4b723aae70e1b64191fd0bf824a365c45ef72eeccbc778fcc0268f75337e0d6f,norman,200,coexpression,44,0,10,10
results_merged_3seed/hvg200/norman__coexpression__s44f10-20.json,d2ee25903804c95772763c565cb6c1673bdec89ba72b78ed99cca63b3a163b93,norman,200,coexpression,44,10,20,10
results_merged_3seed/hvg200/norman__coexpression__s44f20-30.json,42879d81a64914d734cb06044866364041368a8a1989708ea6fdd49de0fbe772,norman,200,coexpression,44,20,30,10
results_merged_3seed/hvg200/norman__coexpression__s44f30-40.json,2bccb02e5091c35958fe262866550f4139f5e28d6ab182cc239fbfba5536380b,norman,200,coexpression,44,30,40,10
results_merged_3seed/hvg200/norman__coexpression__s44f40-50.json,22376c40544647e0b8e446ec959cde7e13479bbd4672ed222ab51cb4a8d06478,norman,200,coexpression,44,40,50,10
results_merged_3seed/hvg200/norman__combined__s42f0-10.json,7ffa95dcfdf114bc2575db86f45716da759bf8f7cd289afa55543894f00b55a5,norman,200,combined,42,0,10,10
results_merged_3seed/hvg200/norman__combined__s42f10-20.json,2f71d856bf40c9438ec216998e2a199cb785f0f089ef117bf5fe53cd6cd21c72,norman,200,combined,42,10,20,10
results_merged_3seed/hvg200/norman__combined__s42f20-30.json,482313aaf0ec12a68fe332091a57829ba7cd02270d9cdbb42ffcbb163aa8bc33,norman,200,combined,42,20,30,10
results_merged_3seed/hvg200/norman__combined__s42f30-40.json,cd04305361b07d9c762f06fa4be2c43c805947212a0cae9a0e05a91058296c8e,norman,200,combined,42,30,40,10
results_merged_3seed/hvg200/norman__combined__s42f40-50.json,7b7dbfef72311b78bb2c7a89efe97f4a77532c69f3c9c71437cd7660d5a114a0,norman,200,combined,42,40,50,10
results_merged_3seed/hvg200/norman__combined__s43f0-10.json,c41e17ad37c621f58814f7c832fbe256f6c4b020c8d7cdcd1d3f4edaa216cb34,norman,200,combined,43,0,10,10
results_merged_3seed/hvg200/norman__combined__s43f10-20.json,0f93b3724215517e1873e097bcb0d20ac559b5b7922149ef7c553b1106807833,norman,200,combined,43,10,20,10
results_merged_3seed/hvg200/norman__combined__s43f20-30.json,2f6324369d8162518d2c2da733e60992eaf8fbe16caaaf4c8062ea312b440e4b,norman,200,combined,43,20,30,10
results_merged_3seed/hvg200/norman__combined__s43f30-40.json,d5e9bba2455db5b5e80d87e9ea2822582611444781cfd6b0be4754243add7362,norman,200,combined,43,30,40,10
results_merged_3seed/hvg200/norman__combined__s43f40-50.json,3c452119cd16c6d58ea4ec91503ac0f1ace5ce626fc0183d45d2366b64e83443,norman,200,combined,43,40,50,10
results_merged_3seed/hvg200/norman__combined__s44f0-10.json,298376d3354113036a7be165815eb60b12d83548d086b46df29d5449a600ec50,norman,200,combined,44,0,10,10
results_merged_3seed/hvg200/norman__combined__s44f10-20.json,1e3e4b84e9d1949e6811e204517690dd741f9c610b1619a9d38abddfc54ad380,norman,200,combined,44,10,20,10
results_merged_3seed/hvg200/norman__combined__s44f20-30.json,cb10e8e221534cd826ce4c5ab6d7dd329739b3d8b43315cb77cae4d39690158e,norman,200,combined,44,20,30,10
results_merged_3seed/hvg200/norman__combined__s44f30-40.json,a8bbfca6cf3a802ebeebbe501b96f942d486c9158a88f1127cb0111ef6bf4ea9,norman,200,combined,44,30,40,10
results_merged_3seed/hvg200/norman__combined__s44f40-50.json,310fdf1f8d53a4fa0c4f6b90f116fbc0800423034d7547716d85b78fac7825e2,norman,200,combined,44,40,50,10
results_merged_3seed/hvg200/norman__gene_ontology__s42f0-10.json,2dcba3efa6ab47eb5c6c5ef8c9c8e8d3e111a847915197b7ed379e7d0a9c1e66,norman,200,gene_ontology,42,0,10,10
results_merged_3seed/hvg200/norman__gene_ontology__s42f10-20.json,c142cbfd57980c2b4b10968512842a1c787d835122cea8cf2baf019c0260788a,norman,200,gene_ontology,42,10,20,10
results_merged_3seed/hvg200/norman__gene_ontology__s42f20-30.json,084835997e6d4e41ef8b0ed8eef4b400dbd4376471e19189758d54248119ced8,norman,200,gene_ontology,42,20,30,10
results_merged_3seed/hvg200/norman__gene_ontology__s42f30-40.json,e1189551938c33f1359c1e092a3b193642b743fbb9bc13d20bd40543c7d789e9,norman,200,gene_ontology,42,30,40,10
results_merged_3seed/hvg200/norman__gene_ontology__s42f40-50.json,06e3fbe8a7a2711fcd2c8d075219d43d5b2df9e650d90734e919b50edcffe662,norman,200,gene_ontology,42,40,50,10
results_merged_3seed/hvg200/norman__gene_ontology__s44f0-10.json,818d176e71f9e6aa670bd208b41c199ba27c1be31991d3bb68e5e512f5655ecc,norman,200,gene_ontology,44,0,10,10
results_merged_3seed/hvg200/norman__gene_ontology__s44f10-20.json,bf2b43bf7a28717a0d4c2d3e41e512b1bd757a3cfe1391438fd624d337604937,norman,200,gene_ontology,44,10,20,10
results_merged_3seed/hvg200/norman__gene_ontology__s44f20-30.json,3d18aff170c0f33a3cc2afed4801a146027d8ad6509f3cba84a8559e476c6d5e,norman,200,gene_ontology,44,20,30,10
results_merged_3seed/hvg200/norman__gene_ontology__s44f30-40.json,e8ea5eb3a8b38dbb3a82bdd2bfecfc0d3c9d636a8c50bdf7031d5a9a64a76bff,norman,200,gene_ontology,44,30,40,10
results_merged_3seed/hvg200/norman__gene_ontology__s44f40-50.json,490ec1e62db2563b89f64caf4a835db6b39f88d3e6f6d6ad98343ac274549909,norman,200,gene_ontology,44,40,50,10
results_merged_3seed/hvg200/norman__no_graph__s42f0-10.json,106740fb72ae4e77673b48378de801a2f41ab222c294318eb1c2a830f5e18112,norman,200,no_graph,42,0,10,10
results_merged_3seed/hvg200/norman__no_graph__s42f10-20.json,b01180fde66897c4a50e6d01d91fade828c993558ad081b5487d8df60197a8fb,norman,200,no_graph,42,10,20,10
results_merged_3seed/hvg200/norman__no_graph__s42f20-30.json,18103dfca463cfea5ed43624a8c9c619ed278b3cbf9ceb2c5699131e162aa30b,norman,200,no_graph,42,20,30,10
results_merged_3seed/hvg200/norman__no_graph__s42f30-40.json,98880271e914175a5972ec50b6a8e5d6874b51ee44f52a76273ef95078fa7524,norman,200,no_graph,42,30,40,10
results_merged_3seed/hvg200/norman__no_graph__s42f40-50.json,02563de96d6a3cbfd172af83476ec90690583b87ccb91f33014d839da9663b44,norman,200,no_graph,42,40,50,10
results_merged_3seed/hvg200/norman__no_graph__s44f0-10.json,4f8f0a2e42d08885c47dde9d237a38389e208708cbcabdf0bf19627df0e5553d,norman,200,no_graph,44,0,10,10
results_merged_3seed/hvg200/norman__no_graph__s44f10-20.json,1bdc7533b3deb9a640c16005dbb87da6a93abdea02ff830fa658f9663c0c6435,norman,200,no_graph,44,10,20,10
results_merged_3seed/hvg200/norman__no_graph__s44f20-30.json,e04f178713f0c61670fbc5699d2180a89eb2ce4a910e6db5c836eefe7228ce17,norman,200,no_graph,44,20,30,10
results_merged_3seed/hvg200/norman__no_graph__s44f30-40.json,5b419762e2e0e83c52aa92d471a98a45df3a363e29d386564ee77deb1cca5497,norman,200,no_graph,44,30,40,10
results_merged_3seed/hvg200/norman__no_graph__s44f40-50.json,0d0cbf145620f34d109db782a5735f8f13c3773812b004bbefe93442e528c228,norman,200,no_graph,44,40,50,10
results_merged_3seed/hvg200/norman__random__s43f0-10.json,dd46d09f6a39386de3624454dc0788a5731503634eb1ee587699e2209d49762a,norman,200,random,43,0,10,10
results_merged_3seed/hvg200/norman__random__s43f10-20.json,d7be7d821e7e6d77e381a463c2487a5ae68d642105ca8ce961d8d71a4ae1f7a7,norman,200,random,43,10,20,10
results_merged_3seed/hvg200/norman__random__s43f20-30.json,3eaa25d9c349cffcbd5292c5cdb9c1964031121bb13c8e1c993656204ed5e8d7,norman,200,random,43,20,30,10
results_merged_3seed/hvg200/norman__random__s43f30-40.json,9fb54fd6b2ca0940265badfc3d2bda988ec985cca1c6862852a44a918bf8f40e,norman,200,random,43,30,40,10
results_merged_3seed/hvg200/norman__random__s43f40-50.json,1f513da87b60b3e53cb43feffd4b8d10cc6d6e1db320298154fc61511762343d,norman,200,random,43,40,50,10
results_merged_3seed/hvg200/norman__random__s44f0-10.json,7a3d94b830b64b2dfcdd1f8533c77133675dbf781ca4eb8dd803071ecbc215b6,norman,200,random,44,0,10,10
results_merged_3seed/hvg200/norman__random__s44f10-20.json,d8e394346e0dfaeeea822028cf9a3ea24a38b613d294404c1281deebe51b7572,norman,200,random,44,10,20,10
results_merged_3seed/hvg200/norman__random__s44f20-30.json,ffd2c3309aabeaee8c77e3c208af86d8653be07638b60f6727ae0ab428252a1b,norman,200,random,44,20,30,10
results_merged_3seed/hvg200/norman__random__s44f30-40.json,01e859f7c4cdfd9995336842fcb08af7546e6b18b7b0d14bcc2674697fff2163,norman,200,random,44,30,40,10
results_merged_3seed/hvg200/norman__random__s44f40-50.json,d2923706528174e4e47ee6cd571b661ee57290c6351af4345895be788eabfb75,norman,200,random,44,40,50,10
results_merged_3seed/hvg200/norman__string_ppi__s43f0-10.json,1b8cde83307ee5d58a0efc4f045795564313b3f826b927b344a73eb6ffcd717e,norman,200,string_ppi,43,0,10,10
results_merged_3seed/hvg200/norman__string_ppi__s43f10-20.json,8aa371cdb4b72c682b848533a5ecd1ca1b56b4afa29d59a67fa22846405bbf85,norman,200,string_ppi,43,10,20,10
results_merged_3seed/hvg200/norman__string_ppi__s43f20-30.json,0f2c9aa676bb0706fdd32f4a8264a3ad7a43c6a60721cc5a72f62d5cf46deb77,norman,200,string_ppi,43,20,30,10
results_merged_3seed/hvg200/norman__string_ppi__s43f30-40.json,49a203f3c4c0f05ba3923b9f33e88d5de8f288ffc5763081a04e09844bba7677,norman,200,string_ppi,43,30,40,10
results_merged_3seed/hvg200/norman__string_ppi__s43f40-50.json,d9eea8dc860e8be9d4f0ed6df619899b42282ff64687894d2b4438064b26ae7e,norman,200,string_ppi,43,40,50,10
results_merged_3seed/hvg200/norman__string_ppi__s44f0-10.json,d7fc2685aacb3a8ca1106adf529b5b3b3395ed8001443f7423032aa66447d562,norman,200,string_ppi,44,0,10,10
results_merged_3seed/hvg200/norman__string_ppi__s44f10-20.json,682aee44dfa99e1e2f6f092cc3b135ebdd5b5409fe4aadfb9dd5ca243ca506fb,norman,200,string_ppi,44,10,20,10
results_merged_3seed/hvg200/norman__string_ppi__s44f20-30.json,4cee3d87dcac1f18572aebb8bbfe9cd3a0e63f95c65172c4604aa36907445ca0,norman,200,string_ppi,44,20,30,10
results_merged_3seed/hvg200/norman__string_ppi__s44f30-40.json,d5050c0fd34ce0743dfd7670ae025890e9626f97f08120afabfdc9f11e41da70,norman,200,string_ppi,44,30,40,10
results_merged_3seed/hvg200/norman__string_ppi__s44f40-50.json,0eedeccfd9fc33d0d77cdf1b08533fe89864151850f08b6fe7aa907f219c3aa5,norman,200,string_ppi,44,40,50,10
results_merged_3seed/hvg200/replogle_k562__coexpression__s42f0-10.json,37317df713ade6e0af650738741a6e42c7d854fbfd39a7ebd0afcbf04119d900,replogle_k562,200,coexpression,42,0,10,10
results_merged_3seed/hvg200/replogle_k562__coexpression__s42f10-20.json,a17fd6f174a482678e751fbbdb23c920c6122372e12b182d00642c3aa5bb86df,replogle_k562,200,coexpression,42,10,20,10
results_merged_3seed/hvg200/replogle_k562__coexpression__s42f20-30.json,f85271d729852132cd085723896d08f595df5e846a439be21c7757e0c4d9d58f,replogle_k562,200,coexpression,42,20,30,10
results_merged_3seed/hvg200/replogle_k562__coexpression__s42f30-40.json,1b4a77bb33ca8764b2245d35532487c50c8d0d867b7c8f91d838195c3ae6d9e9,replogle_k562,200,coexpression,42,30,40,10
results_merged_3seed/hvg200/replogle_k562__coexpression__s42f40-50.json,357e921516625d837ab464a3b61ceef015a3ddcd732bd242f856f804fe36834b,replogle_k562,200,coexpression,42,40,50,10
results_merged_3seed/hvg200/replogle_k562__coexpression__s43f0-10.json,2c0ab735ef88285e20d48d38f9ed6e1c21d69c96be02c3f193118bf19d607c59,replogle_k562,200,coexpression,43,0,10,10
results_merged_3seed/hvg200/replogle_k562__coexpression__s43f10-20.json,39aeec513b8f67b881f5dfae48925d2351947b93daa6457da17f742b3da0ca93,replogle_k562,200,coexpression,43,10,20,10
results_merged_3seed/hvg200/replogle_k562__coexpression__s43f20-30.json,d5fb77538c8f04bf2660d182c1c0136a32b1e2e20755ed9da2149cb65704b93a,replogle_k562,200,coexpression,43,20,30,10
results_merged_3seed/hvg200/replogle_k562__coexpression__s43f30-40.json,37443555821120a72d52d114ab5c1c88801faae0b22711d26f0af51795d7ba72,replogle_k562,200,coexpression,43,30,40,10
results_merged_3seed/hvg200/replogle_k562__coexpression__s43f40-50.json,73fedcf836ab83a21db574022042a4dc7d74a571f8d0835ab316de97c8dd7049,replogle_k562,200,coexpression,43,40,50,10
results_merged_3seed/hvg200/replogle_k562__coexpression__s44f0-10.json,0d83dcf1312351905ddc9147edfbbb6b3fb2ab835b15f7072da50cd0d465884d,replogle_k562,200,coexpression,44,0,10,10
results_merged_3seed/hvg200/replogle_k562__coexpression__s44f10-20.json,bc1cc34b2ed5d759c7071d634554580e3869dc053b37c9f3c758e78ef8105de6,replogle_k562,200,coexpression,44,10,20,10
results_merged_3seed/hvg200/replogle_k562__coexpression__s44f20-30.json,2470fd11db39d7725ff5664c645676574fb824dc6c323ac9c2ca167fff17ea24,replogle_k562,200,coexpression,44,20,30,10
results_merged_3seed/hvg200/replogle_k562__coexpression__s44f30-40.json,84fe6939dcf3ab45d7a3ad72a9b26395d6f8fc07484324b24f3602be656983bd,replogle_k562,200,coexpression,44,30,40,10
results_merged_3seed/hvg200/replogle_k562__coexpression__s44f40-50.json,37115f3815978d94b53c887a554f44a80e6a0e44e306106495b0d0021b1c905b,replogle_k562,200,coexpression,44,40,50,10
results_merged_3seed/hvg200/replogle_k562__combined__s42f0-10.json,10e9abbb642136c25167ad2cdd4f1d582ef80d41495c95bdd767048bc5e5f314,replogle_k562,200,combined,42,0,10,10
results_merged_3seed/hvg200/replogle_k562__combined__s42f10-20.json,53288b59214468110ebebbd2997d0e982b6d7bdd98571d9157ce2a72c33a3c41,replogle_k562,200,combined,42,10,20,10
results_merged_3seed/hvg200/replogle_k562__combined__s42f20-30.json,4cf364a82e3682476602d541e46cd86c7caa0199dbe076d119ea034e55b9bcc8,replogle_k562,200,combined,42,20,30,10
results_merged_3seed/hvg200/replogle_k562__combined__s42f30-40.json,fda069c4820422f388507974215829f8dc8365b1c2c5f34e9be4a30c799eccf3,replogle_k562,200,combined,42,30,40,10
results_merged_3seed/hvg200/replogle_k562__combined__s42f40-50.json,b5b882d07b6b8c7cb28274e00f78bb9e6224a7b36ceb6878386abad6ca76f2d6,replogle_k562,200,combined,42,40,50,10
results_merged_3seed/hvg200/replogle_k562__combined__s43f0-10.json,d0427df4f63c1a5c606b40c9b0213dc23269b8069175198915599ca583fca0b8,replogle_k562,200,combined,43,0,10,10
results_merged_3seed/hvg200/replogle_k562__combined__s43f10-20.json,b6d55c920275fa916e095456cefc3ba4a173848763061821add73280bdab6b3e,replogle_k562,200,combined,43,10,20,10
results_merged_3seed/hvg200/replogle_k562__combined__s43f20-30.json,ca4602fd4f8b44ba77516868184e3180e6bfe5e8ea7e00efb21dcf714c327b23,replogle_k562,200,combined,43,20,30,10
results_merged_3seed/hvg200/replogle_k562__combined__s43f30-40.json,960de702651bd6774a817fda892ac9c7ee3ac7351a3a13c4a8e265b6d15dc0e7,replogle_k562,200,combined,43,30,40,10
results_merged_3seed/hvg200/replogle_k562__combined__s43f40-50.json,73a1bb13bb36e645b1009a8ea6eb3642b150c16d567808c08b469d404824263d,replogle_k562,200,combined,43,40,50,10
results_merged_3seed/hvg200/replogle_k562__combined__s44f0-10.json,d6cf485b917461627e794403c25dd2d4c30a16a3e5913c60bdae00f3c3386f60,replogle_k562,200,combined,44,0,10,10
results_merged_3seed/hvg200/replogle_k562__combined__s44f10-20.json,547af2f55a6c46e3b8cf73783d67ebcc5579cc9c4a1111b91e11a985f05ec847,replogle_k562,200,combined,44,10,20,10
results_merged_3seed/hvg200/replogle_k562__combined__s44f20-30.json,874857b68bffac904379d8fbd96d53b093f2a970b05bc1aacada27cd5b7d9ef5,replogle_k562,200,combined,44,20,30,10
results_merged_3seed/hvg200/replogle_k562__combined__s44f30-40.json,e75d1bdd7aeee150cd64df8bce618773a287489d4f155768b52652ded0831fc6,replogle_k562,200,combined,44,30,40,10
results_merged_3seed/hvg200/replogle_k562__combined__s44f40-50.json,c604f8c790d9fd15577c357426ee1f47050ba3def75aaa1a3616be1c2692ae87,replogle_k562,200,combined,44,40,50,10
results_merged_3seed/hvg200/replogle_k562__gene_ontology__s42f0-10.json,8339be5de6b70ef52eeb9e2a8a197da1c18ff90c78901a93de7e201070c195ae,replogle_k562,200,gene_ontology,42,0,10,10
results_merged_3seed/hvg200/replogle_k562__gene_ontology__s42f10-20.json,0aa7d4abc06b2058a077407856b565d972f636b662564e673fb1bfcd9adf73e8,replogle_k562,200,gene_ontology,42,10,20,10
results_merged_3seed/hvg200/replogle_k562__gene_ontology__s42f20-30.json,10e051895451b99e90dc6119fdccaf5125f318c567ed0d60fb8d965ff84e945f,replogle_k562,200,gene_ontology,42,20,30,10
results_merged_3seed/hvg200/replogle_k562__gene_ontology__s42f30-40.json,5d67d0e7c31ea531cf5c1867f5cbcecb694a903d6da1cbee7dd0f154967d5983,replogle_k562,200,gene_ontology,42,30,40,10
results_merged_3seed/hvg200/replogle_k562__gene_ontology__s42f40-50.json,5899693902820a223eb61048cc1751bd534364a20432f3eabfbf4bdd21a35369,replogle_k562,200,gene_ontology,42,40,50,10
results_merged_3seed/hvg200/replogle_k562__gene_ontology__s43f0-10.json,e73b36ff51f70cdf89edb35bc07fa0ffa0ba5ecfad24986fcf25613b01b36f6b,replogle_k562,200,gene_ontology,43,0,10,10
results_merged_3seed/hvg200/replogle_k562__gene_ontology__s43f10-20.json,f6d6b51bc82537c5a7237f187334b7c4487a7b15b9ce085be218b7459b35874a,replogle_k562,200,gene_ontology,43,10,20,10
results_merged_3seed/hvg200/replogle_k562__gene_ontology__s43f20-30.json,814d573329b9c7bf2c6d71725f9ab59b7542f30c587341891abb5ee667cf98c9,replogle_k562,200,gene_ontology,43,20,30,10
results_merged_3seed/hvg200/replogle_k562__gene_ontology__s43f30-40.json,2719fe17559d072e54544d108c1eb0ffb39eb1ff2179f301397daae2816ee4e4,replogle_k562,200,gene_ontology,43,30,40,10
results_merged_3seed/hvg200/replogle_k562__gene_ontology__s43f40-50.json,56fe983c43b614c6ebc93b6d0884229ea139e739504fbca0069eb4561f275e02,replogle_k562,200,gene_ontology,43,40,50,10
results_merged_3seed/hvg200/replogle_k562__gene_ontology__s44f0-10.json,f10053c794a07431a8c78eb3c370af5725b873f8e774c0fbb1e40ceaf7dfd011,replogle_k562,200,gene_ontology,44,0,10,10
results_merged_3seed/hvg200/replogle_k562__gene_ontology__s44f10-20.json,86d7f80fce486f1845c967f18bc798ad5989f947dc972abac3d4c38809d8395a,replogle_k562,200,gene_ontology,44,10,20,10
results_merged_3seed/hvg200/replogle_k562__gene_ontology__s44f20-30.json,5f69ea5cd434453d395260ff0ac70365d926b5bc2d9211b46f58d9e4094b8f0d,replogle_k562,200,gene_ontology,44,20,30,10
results_merged_3seed/hvg200/replogle_k562__gene_ontology__s44f30-40.json,f3667f043258c09d7651c448190eb73d2604a2963ac3b5ae1dffeb5bb5568789,replogle_k562,200,gene_ontology,44,30,40,10
results_merged_3seed/hvg200/replogle_k562__gene_ontology__s44f40-50.json,226e512e37c08bce0a1cf130dc03540ea8095867daf6ed70905778642dce35de,replogle_k562,200,gene_ontology,44,40,50,10
results_merged_3seed/hvg200/replogle_k562__no_graph__s42f0-10.json,b13e831dbb2ab38a933907d41c8a3572559e107a542803a9f825efd5a1db9e00,replogle_k562,200,no_graph,42,0,10,10
results_merged_3seed/hvg200/replogle_k562__no_graph__s42f10-20.json,a332092e6a913b9478c312c6abffa3e534424d68df59b5e4e022f2520384be6f,replogle_k562,200,no_graph,42,10,20,10
results_merged_3seed/hvg200/replogle_k562__no_graph__s42f20-30.json,bceb029fcaf03d3e9d02c3bb93d49e1f56d31f4619d70e3a758949cca07459fb,replogle_k562,200,no_graph,42,20,30,10
results_merged_3seed/hvg200/replogle_k562__no_graph__s42f30-40.json,dd1ec7f8938afc750de7a050f118bcee77788328798f002a533302c1a01c28fd,replogle_k562,200,no_graph,42,30,40,10
results_merged_3seed/hvg200/replogle_k562__no_graph__s42f40-50.json,fe2ea510cfddf6fb1bd89ee16c1cf4218e3a851e981dc4749cf1601e0d198201,replogle_k562,200,no_graph,42,40,50,10
results_merged_3seed/hvg200/replogle_k562__no_graph__s43f0-10.json,8ff8a2bcca4f4ac04f28ff502db666ee4a745244b3e245cab5a6b7b82b801f32,replogle_k562,200,no_graph,43,0,10,10
results_merged_3seed/hvg200/replogle_k562__no_graph__s43f10-20.json,42c64a034834f078e457a545670074024c6db660a7e548ed47f593b6f7b88075,replogle_k562,200,no_graph,43,10,20,10
results_merged_3seed/hvg200/replogle_k562__no_graph__s43f20-30.json,c1805257c290b631066536a9ffb12a245607d6dd7678e1bf7e0dfb3e739da29b,replogle_k562,200,no_graph,43,20,30,10
results_merged_3seed/hvg200/replogle_k562__no_graph__s43f30-40.json,1826a67ba3688647ddf70a122cd28f00f56ae175cb2430bf04172c9b54615b1f,replogle_k562,200,no_graph,43,30,40,10
results_merged_3seed/hvg200/replogle_k562__no_graph__s43f40-50.json,e9a52a7427aa3a562985582d448a5a7079b57811574b20503d5451925e38b38f,replogle_k562,200,no_graph,43,40,50,10
results_merged_3seed/hvg200/replogle_k562__no_graph__s44f0-10.json,b7781571b6f93f4a909dd4b6fd54d5ae6f9155eddcc38453dfe544fe4b139886,replogle_k562,200,no_graph,44,0,10,10
results_merged_3seed/hvg200/replogle_k562__no_graph__s44f10-20.json,0eb81629019314eacfbda203801e40970ad091f1ae7c035813bb99564d02cd5c,replogle_k562,200,no_graph,44,10,20,10
results_merged_3seed/hvg200/replogle_k562__no_graph__s44f20-30.json,7d513848a6b265204894fe50221cc437393a6599dccbafbb7637223ff0bbb897,replogle_k562,200,no_graph,44,20,30,10
results_merged_3seed/hvg200/replogle_k562__no_graph__s44f30-40.json,b596090551a94d7cf34336adf76ba0e2c520539a6eaa4676b8e0a4137749bb0a,replogle_k562,200,no_graph,44,30,40,10
results_merged_3seed/hvg200/replogle_k562__no_graph__s44f40-50.json,4b54869ecf8324370af80d70a7d6d75272cbf54b9a44ce938821f127dc002383,replogle_k562,200,no_graph,44,40,50,10
results_merged_3seed/hvg200/replogle_k562__random__s42f0-10.json,4a984496a96e611e92eee7cbd8fdaf0e783b95e04e08e92cfaf3099d2300ff28,replogle_k562,200,random,42,0,10,10
results_merged_3seed/hvg200/replogle_k562__random__s42f10-20.json,84fb4e75dcb7f01af71225b88df50138e167c4e57a83d523795810b9fe521f93,replogle_k562,200,random,42,10,20,10
results_merged_3seed/hvg200/replogle_k562__random__s42f20-30.json,b3d8c631a10bc75309d3c2fc284078374974fd33ce34d9b4cd82f2ecc3bcc737,replogle_k562,200,random,42,20,30,10
results_merged_3seed/hvg200/replogle_k562__random__s42f30-40.json,ca96f7f50fa964e3595e1404820601b55a687eef61c5276370217b6f6bd6e6df,replogle_k562,200,random,42,30,40,10
results_merged_3seed/hvg200/replogle_k562__random__s42f40-50.json,7003db03016f7bfd7c5506a04309f5f586f111e6ac4d97babdbcc4783ce1eec9,replogle_k562,200,random,42,40,50,10
results_merged_3seed/hvg200/replogle_k562__random__s43f0-10.json,3c39eeeb0961c1fa985b33e5b7e5c33ad87e803bb0213c298ff7b1466170b93b,replogle_k562,200,random,43,0,10,10
results_merged_3seed/hvg200/replogle_k562__random__s43f10-20.json,3f2438362ae2ca96a160c7f0fd566d1dcbf2b0317925eacf0e4b992aaa24144f,replogle_k562,200,random,43,10,20,10
results_merged_3seed/hvg200/replogle_k562__random__s43f20-30.json,9e322fafb6e576d0f77d44200bb878f44385094b75f6ecbcd65cf1be2c2d775c,replogle_k562,200,random,43,20,30,10
results_merged_3seed/hvg200/replogle_k562__random__s43f30-40.json,497abd51eba9af1a3aadc8d4eb72501156e89115f1acf3a19dc629110dec7973,replogle_k562,200,random,43,30,40,10
results_merged_3seed/hvg200/replogle_k562__random__s43f40-50.json,8e4a3690cea5c0af0c66fbabf87a64d307af66d48c22fd156df39961a43bc707,replogle_k562,200,random,43,40,50,10
results_merged_3seed/hvg200/replogle_k562__random__s44f0-10.json,4c4401d098fd88dd5a43b6da45a8bff9a4e16c9f70f876b7ef737f74ec565cef,replogle_k562,200,random,44,0,10,10
results_merged_3seed/hvg200/replogle_k562__random__s44f10-20.json,7ec23e60ac8c109aefab1fac545c15906006a2d4cc3b4ce96a6b1bb75f9d7baa,replogle_k562,200,random,44,10,20,10
results_merged_3seed/hvg200/replogle_k562__random__s44f20-30.json,1c7cdc241a20c5c97042ae400908e65ae221085c4505df634d3f204181d1e05c,replogle_k562,200,random,44,20,30,10
results_merged_3seed/hvg200/replogle_k562__random__s44f30-40.json,362c36fcd72398ad8e9ac4a8fd215e86ef950be32698bb907f02b7912234a003,replogle_k562,200,random,44,30,40,10
results_merged_3seed/hvg200/replogle_k562__random__s44f40-50.json,e705d855ffd4161502784c9f4698e65e61695761f8fc949d029886ff544afb38,replogle_k562,200,random,44,40,50,10
results_merged_3seed/hvg200/replogle_k562__string_ppi__s42f0-10.json,50509473d45b0e37ac6c91f53bec9dd2de79339075f624fe686c6fa9464312d5,replogle_k562,200,string_ppi,42,0,10,10
results_merged_3seed/hvg200/replogle_k562__string_ppi__s42f10-20.json,0ae99f6a5aad674c2c054c9adedaee83800a5a6b0d0babf09b27ac670fee06d3,replogle_k562,200,string_ppi,42,10,20,10
results_merged_3seed/hvg200/replogle_k562__string_ppi__s42f20-30.json,df140ea61b42969f85474582d248a56b4ed731c4830d15adef4835a1b1ef04ac,replogle_k562,200,string_ppi,42,20,30,10
results_merged_3seed/hvg200/replogle_k562__string_ppi__s42f30-40.json,758d09198a6db44ad6eb9eba498303ea53a6f15587389553fd891a08f6745086,replogle_k562,200,string_ppi,42,30,40,10
results_merged_3seed/hvg200/replogle_k562__string_ppi__s42f40-50.json,6da7c5c57b0a92a1d41ce3fdefaf80d60097b67fca0cacf373c303bbd79d4942,replogle_k562,200,string_ppi,42,40,50,10
results_merged_3seed/hvg200/replogle_k562__string_ppi__s43f0-10.json,4c5a0bcef6c8deb82bf0ddd8a49d6f0847e5d33d5587b2d8d747f01a9b997c8f,replogle_k562,200,string_ppi,43,0,10,10
results_merged_3seed/hvg200/replogle_k562__string_ppi__s43f10-20.json,142c52324ca2e619192facb1fe608b8784106fbe3dc386479b4a77da0215978d,replogle_k562,200,string_ppi,43,10,20,10
results_merged_3seed/hvg200/replogle_k562__string_ppi__s43f20-30.json,c2830131a374bab2d86aa80cef575e9f92691eefc3da526e0b12918ad38e1e4c,replogle_k562,200,string_ppi,43,20,30,10
results_merged_3seed/hvg200/replogle_k562__string_ppi__s43f30-40.json,adb82941a3d8cabf153d5054e80cbfc9e8e59c58d4b9f1cf79c36cdea9784245,replogle_k562,200,string_ppi,43,30,40,10
results_merged_3seed/hvg200/replogle_k562__string_ppi__s43f40-50.json,04d1d86d30def3915586aad4aa0ce969348204c3f41e6cd2202b229a8c882d9b,replogle_k562,200,string_ppi,43,40,50,10
results_merged_3seed/hvg200/replogle_k562__string_ppi__s44f0-10.json,e4138365d5fa6f5b2cdb9c23d0b6a22ac31801dd8b90b09fd479b3b05c2f3d7e,replogle_k562,200,string_ppi,44,0,10,10
results_merged_3seed/hvg200/replogle_k562__string_ppi__s44f10-20.json,19998d6259717593ec7cb98b9fc37fcc011267a90615d0207411f3bc91f9fb34,replogle_k562,200,string_ppi,44,10,20,10
results_merged_3seed/hvg200/replogle_k562__string_ppi__s44f20-30.json,268a5df19275d539dbf37dcd45dfa4868b7fcd662f4d1224277968a7d4dc6151,replogle_k562,200,string_ppi,44,20,30,10
results_merged_3seed/hvg200/replogle_k562__string_ppi__s44f30-40.json,8bb6241c833b49854a47822e5242875f87e4e9f44a6e56ff0034e9e17aabf533,replogle_k562,200,string_ppi,44,30,40,10
results_merged_3seed/hvg200/replogle_k562__string_ppi__s44f40-50.json,56f286c4058f918eeff084ce395df70bf23c953e012daa947bfee5f324ef01a2,replogle_k562,200,string_ppi,44,40,50,10
results_merged_3seed/hvg200/replogle_rpe1__coexpression__s42f0-10.json,131cdae479428bbb78aee00f6353fc15885e01a5d415b281f2507c6ff2c45e50,replogle_rpe1,200,coexpression,42,0,10,10
results_merged_3seed/hvg200/replogle_rpe1__coexpression__s42f10-20.json,56b345885bff6df72c5dae9c71d9e2d97e962a4303b06a044e00e69c0aaa0278,replogle_rpe1,200,coexpression,42,10,20,10
results_merged_3seed/hvg200/replogle_rpe1__coexpression__s42f20-30.json,b59cae7eba2eb75c649f4674ea4260448a74f217d860fee752fa863318f3959b,replogle_rpe1,200,coexpression,42,20,30,10
results_merged_3seed/hvg200/replogle_rpe1__coexpression__s42f30-40.json,bb9e7d8199772198e1bb1a43db4137ac62857005735f1d585002b8823741d3e5,replogle_rpe1,200,coexpression,42,30,40,10
results_merged_3seed/hvg200/replogle_rpe1__coexpression__s42f40-50.json,33dc3ec429258b2bede77d49eacab055b1b2fa116cd5d1d53a2a4705a3843d99,replogle_rpe1,200,coexpression,42,40,50,10
results_merged_3seed/hvg200/replogle_rpe1__coexpression__s43f0-10.json,8c69e402a0f08ea05b1d6c000f8b3a7040bb5ebab64b53c09c23f04734da77ee,replogle_rpe1,200,coexpression,43,0,10,10
results_merged_3seed/hvg200/replogle_rpe1__coexpression__s43f10-20.json,57a9307332ca57fbfca795f93841085f091c2fcec67147b609efb705ecd664f3,replogle_rpe1,200,coexpression,43,10,20,10
results_merged_3seed/hvg200/replogle_rpe1__coexpression__s43f20-30.json,2229fdf66703441f4fb11d43ef5f0ca86a213fec3cccc52bc570ec074b8aa0de,replogle_rpe1,200,coexpression,43,20,30,10
results_merged_3seed/hvg200/replogle_rpe1__coexpression__s43f30-40.json,0709733b54024fde006a4edfcf2ef05a9aa275417b25c7e48ea33def94138f28,replogle_rpe1,200,coexpression,43,30,40,10
results_merged_3seed/hvg200/replogle_rpe1__coexpression__s43f40-50.json,ddf91f730812e21bc96c60e0f516e37089129bfe5a183b730d7d876c409b217e,replogle_rpe1,200,coexpression,43,40,50,10
results_merged_3seed/hvg200/replogle_rpe1__combined__s42f0-10.json,69601e765dd0324993d2854eb4e796754473328b5bd80a02aa436f6a018d0f82,replogle_rpe1,200,combined,42,0,10,10
results_merged_3seed/hvg200/replogle_rpe1__combined__s42f10-20.json,4d07f6fd11cbea16eea7b29f6f68d7e3b42f7619b20237a929ce13e13d3af16b,replogle_rpe1,200,combined,42,10,20,10
results_merged_3seed/hvg200/replogle_rpe1__combined__s42f20-30.json,ae404fae33ee81ee6b2eab0123578bd9a55694722fa01b15aceaf00c1398921d,replogle_rpe1,200,combined,42,20,30,10
results_merged_3seed/hvg200/replogle_rpe1__combined__s42f30-40.json,ce76e6daf981fec75b82c44f4fa9ac2ade4ef5bbf0aed311b1e793c6136d582c,replogle_rpe1,200,combined,42,30,40,10
results_merged_3seed/hvg200/replogle_rpe1__combined__s42f40-50.json,8de817d36f493aaccafb79048df8d54ec0f245e5e1834a4c915674f445698c81,replogle_rpe1,200,combined,42,40,50,10
results_merged_3seed/hvg200/replogle_rpe1__combined__s43f0-10.json,65b773c77f6c598db4ffbf145fa346e1dd7524bb29bacdc931bdc6e1334cf63d,replogle_rpe1,200,combined,43,0,10,10
results_merged_3seed/hvg200/replogle_rpe1__combined__s43f10-20.json,a70758626867e8de9e870d3f67dc24b3d2e9c822e28e80657c697a28a479f2bb,replogle_rpe1,200,combined,43,10,20,10
results_merged_3seed/hvg200/replogle_rpe1__combined__s43f20-30.json,b5598ea2e589d089746ed0941f567d9347a0d02b85e09b021ccdaaee9bc0e833,replogle_rpe1,200,combined,43,20,30,10
results_merged_3seed/hvg200/replogle_rpe1__combined__s43f30-40.json,3784ba28f61fcc6c5090193806d3a0a2389a4adc1ffc8801e04cc25afe32f144,replogle_rpe1,200,combined,43,30,40,10
results_merged_3seed/hvg200/replogle_rpe1__combined__s43f40-50.json,cc8f4b1277167afc29601086fdf67c9d141208df03758791c30dec24f077df2b,replogle_rpe1,200,combined,43,40,50,10
results_merged_3seed/hvg200/replogle_rpe1__combined__s44f0-10.json,667be159ba2f42eba0069294ca2e718a8240da43d50cf356d4bd588c0142c364,replogle_rpe1,200,combined,44,0,10,10
results_merged_3seed/hvg200/replogle_rpe1__combined__s44f10-20.json,401394ef54bd92479a4f2e67abca56905160753d6c11d9f19c47169bdd1f90ee,replogle_rpe1,200,combined,44,10,20,10
results_merged_3seed/hvg200/replogle_rpe1__combined__s44f20-30.json,363d3d91b16b0942664bb0d36dab814dee69c6a0bd84b3b9e7c4c30f0b7dc0f2,replogle_rpe1,200,combined,44,20,30,10
results_merged_3seed/hvg200/replogle_rpe1__combined__s44f30-40.json,4a97d69304c9ce2ec1333311d2cd531d6d810ed4243572f6e53de9fae75b2998,replogle_rpe1,200,combined,44,30,40,10
results_merged_3seed/hvg200/replogle_rpe1__combined__s44f40-50.json,34af732af1cbac1c67e1fca3401f45effd65e5fbedf142846fb6d0ffa8f24645,replogle_rpe1,200,combined,44,40,50,10
results_merged_3seed/hvg200/replogle_rpe1__gene_ontology__s43f0-10.json,31352148ae22ad6963adf58db7e93d9b42d7849de765122abc14de3efc69874d,replogle_rpe1,200,gene_ontology,43,0,10,10
results_merged_3seed/hvg200/replogle_rpe1__gene_ontology__s43f10-20.json,89836839cab9b6b8adabb71961f2e1a711c7bbb4fd6e682bde23729ae79fe5eb,replogle_rpe1,200,gene_ontology,43,10,20,10
results_merged_3seed/hvg200/replogle_rpe1__gene_ontology__s43f20-30.json,f628a7d6ec0fd5e55e0d5eb30f0cdf9999820ed49d841f52241a64f2313c7b9d,replogle_rpe1,200,gene_ontology,43,20,30,10
results_merged_3seed/hvg200/replogle_rpe1__gene_ontology__s43f30-40.json,364a018920ce8e9433b450645f30b3a637ee282c50fa2ee8df87105ff50c81c3,replogle_rpe1,200,gene_ontology,43,30,40,10
results_merged_3seed/hvg200/replogle_rpe1__gene_ontology__s43f40-50.json,03094d00072d0918268fe4a237e9523dc196cd9a9276a0aaa842ab13741c8f9a,replogle_rpe1,200,gene_ontology,43,40,50,10
results_merged_3seed/hvg200/replogle_rpe1__gene_ontology__s44f0-10.json,c40b33a3b66b586f3cb7ed6aef4354e70670a99e55b636ef57eca16a1a59324a,replogle_rpe1,200,gene_ontology,44,0,10,10
results_merged_3seed/hvg200/replogle_rpe1__gene_ontology__s44f10-20.json,8291d7f5be0c7f66b9c9d89659c5a51452dc02af35c5284c35db200a2124426f,replogle_rpe1,200,gene_ontology,44,10,20,10
results_merged_3seed/hvg200/replogle_rpe1__gene_ontology__s44f20-30.json,a9a3925225e51213f2fcac0d1cbd339ffb27e10c18aef060f29a39ee5a6d932c,replogle_rpe1,200,gene_ontology,44,20,30,10
results_merged_3seed/hvg200/replogle_rpe1__gene_ontology__s44f30-40.json,974adbb2939d960896ead7fa5dae8d5a411f7729821ce08c39939bd50bc7c371,replogle_rpe1,200,gene_ontology,44,30,40,10
results_merged_3seed/hvg200/replogle_rpe1__gene_ontology__s44f40-50.json,5d8d7ec1d880bcdf53e51cbb0b44efd9be919c6cf7538565554872d021442f45,replogle_rpe1,200,gene_ontology,44,40,50,10
results_merged_3seed/hvg200/replogle_rpe1__no_graph__s42f0-10.json,d64532658ee8370fe1210d68567780959fb9ca60c25b598ac85eabf34670b8e7,replogle_rpe1,200,no_graph,42,0,10,10
results_merged_3seed/hvg200/replogle_rpe1__no_graph__s42f10-20.json,87b914d0d9a103f9e9cd9d219a52ad2883f6ed8e816996b60e72077537c790cd,replogle_rpe1,200,no_graph,42,10,20,10
results_merged_3seed/hvg200/replogle_rpe1__no_graph__s42f20-30.json,2e5136291ea77f9b40c97826353c87ceeb25b93c54bc0073aa771355cbe389a5,replogle_rpe1,200,no_graph,42,20,30,10
results_merged_3seed/hvg200/replogle_rpe1__no_graph__s42f30-40.json,bbc1c6d14b72e6fd322df512bd9449a574ea8716079e06746c035d3bc8160e05,replogle_rpe1,200,no_graph,42,30,40,10
results_merged_3seed/hvg200/replogle_rpe1__no_graph__s42f40-50.json,8448ef66619e3a38b66622b8a6a33995c24a2ad6dc7a4d887be2e138ec47d846,replogle_rpe1,200,no_graph,42,40,50,10
results_merged_3seed/hvg200/replogle_rpe1__no_graph__s43f0-10.json,29e8f653e1fc8b3a331a2c307edd6797d63bf3033643f17faa87e43360da727d,replogle_rpe1,200,no_graph,43,0,10,10
results_merged_3seed/hvg200/replogle_rpe1__no_graph__s43f10-20.json,eab5c1ed7a0c75a068ff8df9eab92eca4ac09752b148e214fb4eebd9ec05ede7,replogle_rpe1,200,no_graph,43,10,20,10
results_merged_3seed/hvg200/replogle_rpe1__no_graph__s43f20-30.json,f1449d3be288798d2fa2f24bbe0e7b40d630908c8a74bf10fc0b4777762669f1,replogle_rpe1,200,no_graph,43,20,30,10
results_merged_3seed/hvg200/replogle_rpe1__no_graph__s43f30-40.json,3188c91f0b9a5c5435bbd542eb6b7d506c4d92c179ac7d4366890bcf11c2fa8a,replogle_rpe1,200,no_graph,43,30,40,10
results_merged_3seed/hvg200/replogle_rpe1__no_graph__s43f40-50.json,a8bb131b602b60051fac03888ae69334091b6a2cadb2009b8e9b808ff9944310,replogle_rpe1,200,no_graph,43,40,50,10
results_merged_3seed/hvg200/replogle_rpe1__random__s42f0-10.json,36a0af65c46059426db9766b8d6a376295e45ed2450d67da0e88e5735d695cc0,replogle_rpe1,200,random,42,0,10,10
results_merged_3seed/hvg200/replogle_rpe1__random__s42f10-20.json,0e5451776127853cf4e55c42fbc11158deee82ce2dec77ae35608c241f2826be,replogle_rpe1,200,random,42,10,20,10
results_merged_3seed/hvg200/replogle_rpe1__random__s42f20-30.json,ea92dcbf784819ed71ed2284cd65ada51032ee678df6885e7dc8c3a25169a619,replogle_rpe1,200,random,42,20,30,10
results_merged_3seed/hvg200/replogle_rpe1__random__s42f30-40.json,5900d575f74fffd12f1ae38bf86fbde3adc6fe4394924cf53ed1726a59cb1d3c,replogle_rpe1,200,random,42,30,40,10
results_merged_3seed/hvg200/replogle_rpe1__random__s42f40-50.json,9b8d41cc2c15ca7216babaebe4b8297d23d62bfa1c51a62a459238501aef9856,replogle_rpe1,200,random,42,40,50,10
results_merged_3seed/hvg200/replogle_rpe1__random__s43f0-10.json,53590e62036d4ade9c15363f73eed3381992130e3a8d9f86628aa4e47d0fadc5,replogle_rpe1,200,random,43,0,10,10
results_merged_3seed/hvg200/replogle_rpe1__random__s43f10-20.json,c126d3ef200f73467ec6f70af62f1141886b219a0649624462e64349925510f9,replogle_rpe1,200,random,43,10,20,10
results_merged_3seed/hvg200/replogle_rpe1__random__s43f20-30.json,d5aeff0dc27551079bc166c5822da031fdfa8da64c306c9de456caee72960209,replogle_rpe1,200,random,43,20,30,10
results_merged_3seed/hvg200/replogle_rpe1__random__s43f30-40.json,81418c942287a30039c67122317b7f529cd527d41c4fc52fea146123b695b80f,replogle_rpe1,200,random,43,30,40,10
results_merged_3seed/hvg200/replogle_rpe1__random__s43f40-50.json,b6184b0b4e1179e38607cef1540c50067cd4e04fc2d070cd07f269cf28bb44bf,replogle_rpe1,200,random,43,40,50,10
results_merged_3seed/hvg200/replogle_rpe1__string_ppi__s42f0-10.json,008670f8f4fcd27f0b3e000eb3d1bc129381b38d4f64d64e2fcce2ebfd31deed,replogle_rpe1,200,string_ppi,42,0,10,10
results_merged_3seed/hvg200/replogle_rpe1__string_ppi__s42f10-20.json,569d0eaff19ce97dae0a26391b5a1120062a12703655ae68d3afc7275ad3488c,replogle_rpe1,200,string_ppi,42,10,20,10
results_merged_3seed/hvg200/replogle_rpe1__string_ppi__s42f20-30.json,ddeeb7aacc20361af597b7a914ce1ada47991bf972d81eef4988e96a7be9ed05,replogle_rpe1,200,string_ppi,42,20,30,10
results_merged_3seed/hvg200/replogle_rpe1__string_ppi__s42f30-40.json,f7017dd526a41ffb8a20a8231b28b4b21bf130bca96614becd8e748b7517ff86,replogle_rpe1,200,string_ppi,42,30,40,10
results_merged_3seed/hvg200/replogle_rpe1__string_ppi__s42f40-50.json,8aa48a97386e0290f2f6dda117c854dfe7143b3a8d46817fbb883b3a7effc5f5,replogle_rpe1,200,string_ppi,42,40,50,10
results_merged_3seed/hvg200/replogle_rpe1__string_ppi__s43f0-10.json,e286475f840ec54d5bcc60650285d8b7ef13d655311c7b0471519718de38f7ad,replogle_rpe1,200,string_ppi,43,0,10,10
results_merged_3seed/hvg200/replogle_rpe1__string_ppi__s43f10-20.json,c751b99920a65a9eaaff07d21b02538f252c9e87b699292cdee9bad82e359f6f,replogle_rpe1,200,string_ppi,43,10,20,10
results_merged_3seed/hvg200/replogle_rpe1__string_ppi__s43f20-30.json,a623250f2de784b8f2306207834c088e4e2899d60749472b23d314f53a409584,replogle_rpe1,200,string_ppi,43,20,30,10
results_merged_3seed/hvg200/replogle_rpe1__string_ppi__s43f30-40.json,abbbdfc8824e9461ecbd8e3957a288c8f0538805f7e17f64cfbb74ac950009a4,replogle_rpe1,200,string_ppi,43,30,40,10
results_merged_3seed/hvg200/replogle_rpe1__string_ppi__s43f40-50.json,872bbe49ee639ebffb2094ab040a7469bd5781e3c1902e16983b4d2f0520bd61,replogle_rpe1,200,string_ppi,43,40,50,10
results_merged_3seed/hvg200/replogle_rpe1__string_ppi__s44f0-10.json,b15791b37181cf4a73b4ed6f6cc1e6143e2b36e715823791ea0124c557ad3b58,replogle_rpe1,200,string_ppi,44,0,10,10
results_merged_3seed/hvg200/replogle_rpe1__string_ppi__s44f10-20.json,3b515139532bcc68d1ba0fd9f6ded0635d41ae3808daa93f0f4d6e459665262d,replogle_rpe1,200,string_ppi,44,10,20,10
results_merged_3seed/hvg200/replogle_rpe1__string_ppi__s44f20-30.json,12259137ba113e7fef1464c5bb584920b85a2ca0b25c169352c107ec10f0b215,replogle_rpe1,200,string_ppi,44,20,30,10
results_merged_3seed/hvg200/replogle_rpe1__string_ppi__s44f30-40.json,fd19a6fae7c28575b6ddfe620c43fdf9ab0094f7d475b87d0af88252de37bd97,replogle_rpe1,200,string_ppi,44,30,40,10
results_merged_3seed/hvg200/replogle_rpe1__string_ppi__s44f40-50.json,027840a4cd58b7d7de1691a4409a65c5fe5cee6b30f4af5766ccd49ef07267e8,replogle_rpe1,200,string_ppi,44,40,50,10
results_merged_3seed/hvg500/adamson__combined__s42f0-10.json,adea6c1ef85184214abb67a76fdf26ac89c48120cf5e24343bd3b5b38291804e,adamson,500,combined,42,0,10,10
results_merged_3seed/hvg500/adamson__combined__s42f10-20.json,b516fe4a3c974d8b50944a6dbbe31ea878d136558771d3d53b645f1f264f06bc,adamson,500,combined,42,10,20,10
results_merged_3seed/hvg500/adamson__combined__s42f20-30.json,b900f4248b9e73b34e59a69b21a80258f31abf7250d90558790e73ea82645ccc,adamson,500,combined,42,20,30,10
results_merged_3seed/hvg500/adamson__combined__s42f30-40.json,132b2e6c255d945b03565372905042023a525ce5a9f14179e0ad8705c74a0540,adamson,500,combined,42,30,40,10
results_merged_3seed/hvg500/adamson__combined__s42f40-50.json,4069e48bc3015fd372cf276100f0cf0e6ddea67a85e48df6680a6887b0722c09,adamson,500,combined,42,40,50,10
results_merged_3seed/hvg500/adamson__combined__s43f0-10.json,72991ffe2984b50617c8568d8536c034a8dbab2412979fa38b2b61c6da8c32cd,adamson,500,combined,43,0,10,10
results_merged_3seed/hvg500/adamson__combined__s43f10-20.json,57de3b1019e160356e466ea699bf9449b709e54b617f2ecabc85d3c4f8feccff,adamson,500,combined,43,10,20,10
results_merged_3seed/hvg500/adamson__combined__s43f20-30.json,50057dd1cb9070de5d361e943cce66cda1114c1a349c71b3878bac960d74a522,adamson,500,combined,43,20,30,10
results_merged_3seed/hvg500/adamson__combined__s43f30-40.json,199677a4744c56121fc4508dc9c3dfa717260cb3194c8d398cea8b3821b6c6f2,adamson,500,combined,43,30,40,10
results_merged_3seed/hvg500/adamson__combined__s43f40-50.json,e4cadaa138c37aca2fe02ede76be843994a0467428b0c2b360f89a7e00a70c99,adamson,500,combined,43,40,50,10
results_merged_3seed/hvg500/adamson__combined__s44f0-10.json,f246c240ca5c651f89c27fa71177f289577c99d9c9cb79c82733a9a60114c21a,adamson,500,combined,44,0,10,10
results_merged_3seed/hvg500/adamson__combined__s44f10-20.json,9e8388d193822af5c2ec5ff3b1b5b0582f706a53f944160872f3fbf65cfec42a,adamson,500,combined,44,10,20,10
results_merged_3seed/hvg500/adamson__combined__s44f20-30.json,b804b73aa149c49aaf0798fe804b187f17d489b7eb29bf179e53f8103f1bdf6d,adamson,500,combined,44,20,30,10
results_merged_3seed/hvg500/adamson__combined__s44f30-40.json,b806625ccc47ca13966c37108ce9162162853bf939d207e3045c9a3c5c1fd376,adamson,500,combined,44,30,40,10
results_merged_3seed/hvg500/adamson__combined__s44f40-50.json,d4660bf5b9a43884af7eb3b6f025826661adebcd347e1cfece2e9db1a5389269,adamson,500,combined,44,40,50,10
results_merged_3seed/hvg500/adamson__gene_ontology__s42f0-10.json,7b86e74f0445f1d153e4a26b222b9cf640b5b4a7c9a13c2622d27f6f2c76c9ae,adamson,500,gene_ontology,42,0,10,10
results_merged_3seed/hvg500/adamson__gene_ontology__s42f10-20.json,c3b97a733ba7491009d28f239716a79f45c6cba6cd6d857e67ad5627b58357d6,adamson,500,gene_ontology,42,10,20,10
results_merged_3seed/hvg500/adamson__gene_ontology__s42f20-30.json,b2ab92289fb3c55f1a84ccf37c0d37ab0b4e4a3ee8c47ea4538d645006c4ad87,adamson,500,gene_ontology,42,20,30,10
results_merged_3seed/hvg500/adamson__gene_ontology__s42f30-40.json,0b82d0e440d261089ee0eb867ad25dc81c923aeefe9a99d9e989e76003392a8c,adamson,500,gene_ontology,42,30,40,10
results_merged_3seed/hvg500/adamson__gene_ontology__s42f40-50.json,10cb0ce1bd4f15e1bb22a4a4d6f4e4cc43d3186ea5504cede9cc0efc94a6eab5,adamson,500,gene_ontology,42,40,50,10
results_merged_3seed/hvg500/adamson__gene_ontology__s43f0-10.json,8e4e70e52ae58dbfa7c7c20c1a2a990c36d27da905724b1adda7b52a9fa2854d,adamson,500,gene_ontology,43,0,10,10
results_merged_3seed/hvg500/adamson__gene_ontology__s43f10-20.json,fd1a2cdfd4a01e39cad5dc1d24ebee768df0cc181658a1b48035bd32132f3888,adamson,500,gene_ontology,43,10,20,10
results_merged_3seed/hvg500/adamson__gene_ontology__s43f20-30.json,c31cf8359fbad814f669f002480fb6db22ae2215146ade92de3ccbe7b2c251d0,adamson,500,gene_ontology,43,20,30,10
results_merged_3seed/hvg500/adamson__gene_ontology__s43f30-40.json,906d5d759135647567fca6a7ce5f89aa64e4aeefb5221349986742f11c9034c7,adamson,500,gene_ontology,43,30,40,10
results_merged_3seed/hvg500/adamson__gene_ontology__s43f40-50.json,5f33180504f46a4671bde82c38e11e5dbebd4f2cf269256cc3fd8c8b5a2229fd,adamson,500,gene_ontology,43,40,50,10
results_merged_3seed/hvg500/adamson__no_graph__s42f0-10.json,5cce7fb6b6f4527cd615dcde61bfd6aa402648941f5adb5e58ee1ac08483a423,adamson,500,no_graph,42,0,10,10
results_merged_3seed/hvg500/adamson__no_graph__s42f10-20.json,a8de9f4a0d37e68c9ba6912821c6a09658cd0dc6e3b28d73e48718b58cc9332b,adamson,500,no_graph,42,10,20,10
results_merged_3seed/hvg500/adamson__no_graph__s42f20-30.json,e5d63d6f88e9b608e7ea4c6d2d2c6097a987ac483e9d47a201fb4c09407e8c7e,adamson,500,no_graph,42,20,30,10
results_merged_3seed/hvg500/adamson__no_graph__s42f30-40.json,d423428c974285197c0c9c26984a18810d0b4701e50966c799137077811787e7,adamson,500,no_graph,42,30,40,10
results_merged_3seed/hvg500/adamson__no_graph__s42f40-50.json,e1c730a5af2723bf51189f05aa8d0040e21d0789f95b3bbeb65706af8072da84,adamson,500,no_graph,42,40,50,10
results_merged_3seed/hvg500/adamson__no_graph__s43f0-10.json,c90a319564f514e014d7dd84710c7a05bfd5e2b21ccaa6ce7c088afd99d485d8,adamson,500,no_graph,43,0,10,10
results_merged_3seed/hvg500/adamson__no_graph__s43f10-20.json,97e25a5e36de505bc5cf975fa590638dd15f7bbf5f5eae16cb83cb837b459aa0,adamson,500,no_graph,43,10,20,10
results_merged_3seed/hvg500/adamson__no_graph__s43f20-30.json,17a396fb50667dc4b13a47c33c7e9d41662a72fca55cc17090b71e8859c841be,adamson,500,no_graph,43,20,30,10
results_merged_3seed/hvg500/adamson__no_graph__s43f30-40.json,26a194cbf5edeba29a217b262417c3a09dc799b41d476f0fba69a4cca4bee19f,adamson,500,no_graph,43,30,40,10
results_merged_3seed/hvg500/adamson__no_graph__s43f40-50.json,feac870524dfefe6549264df0be9e110a248ea3e71a6dbd62b126373c7570a1a,adamson,500,no_graph,43,40,50,10
results_merged_3seed/hvg500/adamson__random__s42f0-10.json,f6f16490f919562639bd13c1e8f03026ea7d738372bf69d6889160d6d8546969,adamson,500,random,42,0,10,10
results_merged_3seed/hvg500/adamson__random__s42f10-20.json,7930a5f3e3c28fe069ecb2651722d848e24d9c02af3fe089420e865a2ae17f1c,adamson,500,random,42,10,20,10
results_merged_3seed/hvg500/adamson__random__s42f20-30.json,006c5e8a1e77cc640c772b6dc807831038910c018320a4691c45c777503e15f0,adamson,500,random,42,20,30,10
results_merged_3seed/hvg500/adamson__random__s42f30-40.json,39e502cadf2e4d153564df57436a64f3bc6ab5eb65c9e9d57a18ae7793105bb5,adamson,500,random,42,30,40,10
results_merged_3seed/hvg500/adamson__random__s42f40-50.json,abe3ae64ec6c7a2de5ab3c34aefadc6bd04bf4e6e2b9087b7209c4e54f6fb7da,adamson,500,random,42,40,50,10
results_merged_3seed/hvg500/adamson__random__s43f0-10.json,3e8fa4a8a3d2aab74b45c25f84e3b876f160459c57e3c7d72b1dc42f8160f6a3,adamson,500,random,43,0,10,10
results_merged_3seed/hvg500/adamson__random__s43f10-20.json,6fd5f0a8f568c39d1bba4114e74c8e06ff950e70329d476663b88212fe07f9e6,adamson,500,random,43,10,20,10
results_merged_3seed/hvg500/adamson__random__s43f20-30.json,29e223505916b6110d4f0068c2d217c9e1dc0c7d7d97b01b4b5bd34a444b57b8,adamson,500,random,43,20,30,10
results_merged_3seed/hvg500/adamson__random__s43f30-40.json,72d0243dec0f86bf04ac33758c359ffce4246f4ca54016d7b4e495231906b70b,adamson,500,random,43,30,40,10
results_merged_3seed/hvg500/adamson__random__s43f40-50.json,ca65708e3eb40ed5a583cbda93dd3b647ffe70123cdb5ead154236b739ff3eb0,adamson,500,random,43,40,50,10
results_merged_3seed/hvg500/adamson__string_ppi__s42f0-10.json,fe7a2fa4d6f998d68d26d211bb5a078017d317b5160af5bea8a811114280cb77,adamson,500,string_ppi,42,0,10,10
results_merged_3seed/hvg500/adamson__string_ppi__s42f10-20.json,6cbd025e5ba22917c193339f0191cc266c47b6c6e74aabdeadc4c709ae4090b3,adamson,500,string_ppi,42,10,20,10
results_merged_3seed/hvg500/adamson__string_ppi__s42f20-30.json,21eed18d2536cecbb1a54601aec455dd6c8f35ef9dfb80edf468a431753b4a99,adamson,500,string_ppi,42,20,30,10
results_merged_3seed/hvg500/adamson__string_ppi__s42f30-40.json,938e700f30899b21623067d438ab7d47fef680187aa5b53d977feb7ce4a8472e,adamson,500,string_ppi,42,30,40,10
results_merged_3seed/hvg500/adamson__string_ppi__s42f40-50.json,80782a883df89e590796ef3fe129a454ef869a9138bad364d7310a23cdfcde61,adamson,500,string_ppi,42,40,50,10
results_merged_3seed/hvg500/adamson__string_ppi__s43f0-10.json,981737ae5f76cacf01583be34d62280f6711a2cafb69db3e06f99fba4d43a43f,adamson,500,string_ppi,43,0,10,10
results_merged_3seed/hvg500/adamson__string_ppi__s43f10-20.json,5208ae7fa91be815c649df64d1b262a8ca71c6ce388f4036d2b201299fb4c5a6,adamson,500,string_ppi,43,10,20,10
results_merged_3seed/hvg500/adamson__string_ppi__s43f20-30.json,8fb60d4c5dbc99fca526e2a276f97fb74bb5b33106e7f110a355dbd59abe4cfa,adamson,500,string_ppi,43,20,30,10
results_merged_3seed/hvg500/adamson__string_ppi__s43f30-40.json,f3d07b9f4150ce9047e443bed385979920ffcef180dc3582402e11ffc3cc6789,adamson,500,string_ppi,43,30,40,10
results_merged_3seed/hvg500/adamson__string_ppi__s43f40-50.json,c76c1c63e72a20ea811e2af19ea5f9d87daaf85a03f8703ce7988ac04627a53a,adamson,500,string_ppi,43,40,50,10
results_merged_3seed/hvg500/norman__combined__s42f0-10.json,d84cadfbdc9ea6b32796f078d07ed8e9341c7bc7c5b84707a80a14fee2a9f567,norman,500,combined,42,0,10,10
results_merged_3seed/hvg500/norman__combined__s42f10-20.json,ffc0a8d058a8c08c19df27caa073271a731f3d0e863bee51fe94ab30c3639477,norman,500,combined,42,10,20,10
results_merged_3seed/hvg500/norman__combined__s42f20-30.json,ef45b33f057fad3c4c8000b7d896ee670cd2738bb67e2966bdff125bdde747ad,norman,500,combined,42,20,30,10
results_merged_3seed/hvg500/norman__combined__s42f30-40.json,aec875d5f9aa1cca59577097bfa7c4d5fb09447ba3d77702f06828d957c112a7,norman,500,combined,42,30,40,10
results_merged_3seed/hvg500/norman__combined__s42f40-50.json,e7838c64514297911d9203a54a88460c9141dcde4d13c1227641d7e9508bf0d9,norman,500,combined,42,40,50,10
results_merged_3seed/hvg500/norman__combined__s43f0-10.json,722a4996f56bebee0944db03fd8f6423fd7bb8889de0072a7deb39018c3cd536,norman,500,combined,43,0,10,10
results_merged_3seed/hvg500/norman__combined__s43f10-20.json,f3c517f6c1a431debef2de3e746d6b18788a1a8784421d38b9ede5a521b2c8c5,norman,500,combined,43,10,20,10
results_merged_3seed/hvg500/norman__combined__s43f20-30.json,f8d6b585512dbcbc43a43819b0641298ee9768f2c8ee042515b90f4ab0f502db,norman,500,combined,43,20,30,10
results_merged_3seed/hvg500/norman__combined__s43f30-40.json,a738930ab67629c52c2e7ada1a52ac6615bcda6531a5f8745ed862901b77df64,norman,500,combined,43,30,40,10
results_merged_3seed/hvg500/norman__combined__s43f40-50.json,7552b7efa4169272fac0a7f276678e3c9d4075b877cd586456ff7cc83a984a07,norman,500,combined,43,40,50,10
results_merged_3seed/hvg500/norman__combined__s44f0-10.json,530d65f9076d27d8e2aa674712647c029fb93856e4e0d1da5ecb17cd4c3d821d,norman,500,combined,44,0,10,10
results_merged_3seed/hvg500/norman__combined__s44f10-20.json,eda92457c964135205c3c9b0b56391fb1b6b0790ef8cab66c13fb4248c4a575c,norman,500,combined,44,10,20,10
results_merged_3seed/hvg500/norman__combined__s44f20-30.json,4453b35f4560476ed620c4f6595c7e298565a92acaabbacf7923af5808ef5eea,norman,500,combined,44,20,30,10
results_merged_3seed/hvg500/norman__combined__s44f30-40.json,21cfad3ee8019871028816834f13f4caae701e1490a5a3b395cff17405527fd8,norman,500,combined,44,30,40,10
results_merged_3seed/hvg500/norman__combined__s44f40-50.json,9ec2ae360717c7b48f75d234d9ab7957bed0367d2df1c7076053977467f0f9a2,norman,500,combined,44,40,50,10
results_merged_3seed/hvg500/norman__gene_ontology__s42f0-10.json,3847aacf1ff27e469379930effce16aa5acfe3884f1de6d0ff93999f4d57b5e0,norman,500,gene_ontology,42,0,10,10
results_merged_3seed/hvg500/norman__gene_ontology__s42f10-20.json,0bbc6a7791b7cc495c79e398956d8b2f8d47befa660aa34adc3b6487f3f6fec7,norman,500,gene_ontology,42,10,20,10
results_merged_3seed/hvg500/norman__gene_ontology__s42f20-30.json,be1ae2722c3faf1c7691e0f00a383795b9f8a1efc1e6f16a269d751f2754dca3,norman,500,gene_ontology,42,20,30,10
results_merged_3seed/hvg500/norman__gene_ontology__s42f30-40.json,59f8800987053d313995a8af245e23b37a055927590f3cac04ef04df8462e811,norman,500,gene_ontology,42,30,40,10
results_merged_3seed/hvg500/norman__gene_ontology__s42f40-50.json,4a8ca9563475681894cd62cf1b0709e98ac2d0e27e32293cd2d328679b284c68,norman,500,gene_ontology,42,40,50,10
results_merged_3seed/hvg500/norman__no_graph__s42f0-10.json,c2b446789e05c66ade5618d76d6b5966cb3f3b2296dbe24ef6d11c48bcb3c633,norman,500,no_graph,42,0,10,10
results_merged_3seed/hvg500/norman__no_graph__s42f10-20.json,01604f0fb8dcb6f16d3c8697fbc3c199ca9ceeb7dd08924ba98fe93359f8bf90,norman,500,no_graph,42,10,20,10
results_merged_3seed/hvg500/norman__no_graph__s42f20-30.json,a85aabef22a9a22b65a2a2f3e8aece89243c736f430edd1bb34d5dac60944652,norman,500,no_graph,42,20,30,10
results_merged_3seed/hvg500/norman__no_graph__s42f30-40.json,6ce401a27aa1556a63a7a9558e60e3b45d10b4bb73e425ebe515ef5d94eef7b9,norman,500,no_graph,42,30,40,10
results_merged_3seed/hvg500/norman__no_graph__s42f40-50.json,370d20ced54b6ce1c82d0741e473bfde60e5a36be9f5dcb2ed1e2447370cf2e2,norman,500,no_graph,42,40,50,10
results_merged_3seed/hvg500/norman__random__s43f0-10.json,9357ac1014c2124b2d871a1ea7d486c14388d5f1363d306c9d56702b3d54dc2a,norman,500,random,43,0,10,10
results_merged_3seed/hvg500/norman__random__s43f10-20.json,f9c3c8aa4408c1486cc1518df15dfe15cd6238c72b47fb4836284de96692069c,norman,500,random,43,10,20,10
results_merged_3seed/hvg500/norman__random__s43f20-30.json,35d0e28682bd5c91e5bc8fccae2ec173d5867a09f3b907f2bc2d23ee44b310d1,norman,500,random,43,20,30,10
results_merged_3seed/hvg500/norman__random__s43f30-40.json,6ee2a3da3045cc14f010d3672f273eaa9ad5131e05a0d3df521bfdf2d444dfa8,norman,500,random,43,30,40,10
results_merged_3seed/hvg500/norman__random__s43f40-50.json,ecd61080405c2ccc1e78619a721af662979522b3738da5a5e954cdb86d806d0f,norman,500,random,43,40,50,10
results_merged_3seed/hvg500/norman__random__s44f0-10.json,cf3f56e1e85e9d3babd4efabaa9f0e8234fd3e43d1454be3d1ba22b842303d99,norman,500,random,44,0,10,10
results_merged_3seed/hvg500/norman__random__s44f10-20.json,d350be1a7fd08847edf97b199d6bb35f749a9636545dd37f957aef1a8a80caff,norman,500,random,44,10,20,10
results_merged_3seed/hvg500/norman__random__s44f20-30.json,d3e742f8bb575e40f61bd30d0f63c99c494357b9a32f9ea9743c9f6aa670a559,norman,500,random,44,20,30,10
results_merged_3seed/hvg500/norman__random__s44f30-40.json,e823ca7c6e2bb7da2707389454ce5f3e5ddaa25df1392f34ef4d64f496e08c39,norman,500,random,44,30,40,10
results_merged_3seed/hvg500/norman__random__s44f40-50.json,826da22659d165e17d80123dfed6b98d3d4466a3f5b901c22d9daf8d974e977f,norman,500,random,44,40,50,10
results_merged_3seed/hvg500/norman__string_ppi__s43f0-10.json,8156f6a1123c68dca1d51b5615991ec387f1049192fbea71864196382198de2b,norman,500,string_ppi,43,0,10,10
results_merged_3seed/hvg500/norman__string_ppi__s43f10-20.json,26ee11bd1824636b65db604893701ad66fd878b7be6cc955b5b5db22f8f297d0,norman,500,string_ppi,43,10,20,10
results_merged_3seed/hvg500/norman__string_ppi__s43f20-30.json,3531d5ed77c654fe931b44c8297f58f59f4e4014a0dbd6df74c5751381847a75,norman,500,string_ppi,43,20,30,10
results_merged_3seed/hvg500/norman__string_ppi__s43f30-40.json,3ac1c51c11152bd643a945307c5c7e112f696d75c31b44932dec0f9e1076530b,norman,500,string_ppi,43,30,40,10
results_merged_3seed/hvg500/norman__string_ppi__s43f40-50.json,138e8e2d936fd9a5997d250ad60e2380d62be285e6c39ca820a61ce8c2b37ea4,norman,500,string_ppi,43,40,50,10
results_merged_3seed/hvg500/norman__string_ppi__s44f0-10.json,965232ae8fca99d5ff439ae22b99c68fa71a4d8142ec9153a37729bedb84fac0,norman,500,string_ppi,44,0,10,10
results_merged_3seed/hvg500/norman__string_ppi__s44f10-20.json,e6c94c4985cdb500767a72e7201ee03a582459d80a77ef90bef30e0a0f0ee85f,norman,500,string_ppi,44,10,20,10
results_merged_3seed/hvg500/norman__string_ppi__s44f20-30.json,6b8e84822ca6ac98ccd142189519e4cc9485938c7db0fd4404f6d8d6ca1f6f05,norman,500,string_ppi,44,20,30,10
results_merged_3seed/hvg500/norman__string_ppi__s44f30-40.json,f282e56d6ef2087da404c3c8b9550d65f1581f487872b1b997eb5fc825b5bcca,norman,500,string_ppi,44,30,40,10
results_merged_3seed/hvg500/norman__string_ppi__s44f40-50.json,64ca9e8e89bc473f001c6828e782e8d9812705cd3f163743d1489c8506c9170a,norman,500,string_ppi,44,40,50,10
results_merged_3seed/hvg500/replogle_k562__combined__s42f0-10.json,9422517e5593fe973566d19789cda1223d9dde8c8d86b98683912e9a3d2c7c3f,replogle_k562,500,combined,42,0,10,10
results_merged_3seed/hvg500/replogle_k562__combined__s42f10-20.json,dc390e912f708c492b41369c38768f0d7e0067f4b81ede995aea45f5706cd5d7,replogle_k562,500,combined,42,10,20,10
results_merged_3seed/hvg500/replogle_k562__combined__s42f20-30.json,eb2b7ea088826bb204288d8be1244c57f0db15a0229c1148d548bdbb9c20b7a1,replogle_k562,500,combined,42,20,30,10
results_merged_3seed/hvg500/replogle_k562__combined__s42f30-40.json,8ba472d363f8a4c2f6ed7e75f64f725a8bf2c130b517b099ae2ae5589d5d1d34,replogle_k562,500,combined,42,30,40,10
results_merged_3seed/hvg500/replogle_k562__combined__s42f40-50.json,0b3bbc3460f00dc4a6dc72f38ace51c88e1ac13f7dae31704308c07712aaa023,replogle_k562,500,combined,42,40,50,10
results_merged_3seed/hvg500/replogle_k562__combined__s43f0-10.json,65a0a0f4334d916777c454c0ca9f028d8b072351f6d050affa48b13d8de93b01,replogle_k562,500,combined,43,0,10,10
results_merged_3seed/hvg500/replogle_k562__combined__s43f10-20.json,9e6156b24f10f7d66e3873e47f99c7ea8ab21d1614be051e5fb8c50e4517ee56,replogle_k562,500,combined,43,10,20,10
results_merged_3seed/hvg500/replogle_k562__combined__s43f20-30.json,395a78eb3ce3da05d1ef6063f5f9f7aa8a5e889fa7a65d9922a792fdd8befb59,replogle_k562,500,combined,43,20,30,10
results_merged_3seed/hvg500/replogle_k562__combined__s43f30-40.json,5b3d8af33175b72435b488b5a67d50c695a1fda8aa2caecadcc901bcb1d4f584,replogle_k562,500,combined,43,30,40,10
results_merged_3seed/hvg500/replogle_k562__combined__s43f40-50.json,93626230175f87ac8d5aa5476de5913dbbd902a6f0e538e1b591a1e92b8e7910,replogle_k562,500,combined,43,40,50,10
results_merged_3seed/hvg500/replogle_k562__combined__s44f0-10.json,37bc20f89a1382710ae982006d9a5de399f90714a98e552d285da46db8159e91,replogle_k562,500,combined,44,0,10,10
results_merged_3seed/hvg500/replogle_k562__combined__s44f10-20.json,dcae7a92163a8e6440012ef60c941b0639c581f4138b50525f04f666799c7142,replogle_k562,500,combined,44,10,20,10
results_merged_3seed/hvg500/replogle_k562__combined__s44f20-30.json,57f2beab778b5c3312bfc793e526d74259f9139f8191dc8c4af3a2c27e6f7951,replogle_k562,500,combined,44,20,30,10
results_merged_3seed/hvg500/replogle_k562__combined__s44f30-40.json,8314af29a82a20a30caa84720352dd1855c695bfd64e80e9071e3308a04869c7,replogle_k562,500,combined,44,30,40,10
results_merged_3seed/hvg500/replogle_k562__combined__s44f40-50.json,bbff0aff34926b128ad38290bd5e9fe389b66bae6cedacbc98f5f988375b49cb,replogle_k562,500,combined,44,40,50,10
results_merged_3seed/hvg500/replogle_k562__gene_ontology__s42f0-10.json,89488047fe172d68d4063bd80efcaa71ae9546cb7433f1f0e836aeed1d646a4c,replogle_k562,500,gene_ontology,42,0,10,10
results_merged_3seed/hvg500/replogle_k562__gene_ontology__s42f10-20.json,bae8f0bc7011304a710cf6074d76ebb8aa80b370956a738401ae18aa92c31e1d,replogle_k562,500,gene_ontology,42,10,20,10
results_merged_3seed/hvg500/replogle_k562__gene_ontology__s43f10-20.json,362b7a056cfdc1e871b842fe39a04c4f6b23e53b91b6da7eb33c5a38ac17f370,replogle_k562,500,gene_ontology,43,10,20,10
results_merged_3seed/hvg500/replogle_k562__gene_ontology__s43f20-30.json,229c4b4ad7ebc606c638fbe310b31f0b73a1c5f9b613ba94a25badc6dbfd87a0,replogle_k562,500,gene_ontology,43,20,30,10
results_merged_3seed/hvg500/replogle_k562__gene_ontology__s43f30-40.json,966727f57fe0dc5083aaa371108f5f5051ad86aca04edca1704a32e21b36090e,replogle_k562,500,gene_ontology,43,30,40,10
results_merged_3seed/hvg500/replogle_k562__gene_ontology__s43f40-50.json,4500ba85cb240bd42bcc8d501860ace364b056a8621c8908b2efcd797fd17447,replogle_k562,500,gene_ontology,43,40,50,10
results_merged_3seed/hvg500/replogle_k562__gene_ontology__s44f0-10.json,6ab5e54698480937e8c9842bafbe6b89cc5f00a23647a6368dbedb449ade3f3d,replogle_k562,500,gene_ontology,44,0,10,10
results_merged_3seed/hvg500/replogle_k562__gene_ontology__s44f10-20.json,461c3b5cf325c74d14d09da8b715945678878bd55082f1bb03e137c672adec01,replogle_k562,500,gene_ontology,44,10,20,10
results_merged_3seed/hvg500/replogle_k562__gene_ontology__s44f20-30.json,4318bac89b86d0b50a8a95aca156cc4597544131051c2af9ced5444c0c52ece8,replogle_k562,500,gene_ontology,44,20,30,10
results_merged_3seed/hvg500/replogle_k562__gene_ontology__s44f30-40.json,f725b7e9259e5f8eb174adf5757f7e0a227bc8d47f2787d64726ba54167e8bbc,replogle_k562,500,gene_ontology,44,30,40,10
results_merged_3seed/hvg500/replogle_k562__gene_ontology__s44f40-50.json,39a164eca09a1368444c0be10cf8c093450b84b1cc69fd2123acd1aae99397d2,replogle_k562,500,gene_ontology,44,40,50,10
results_merged_3seed/hvg500/replogle_k562__no_graph__s42f0-10.json,e32959f373ecd007f0c55b6a29b6ada14f4882f5cfd61d451217bd09d8be8cc9,replogle_k562,500,no_graph,42,0,10,10
results_merged_3seed/hvg500/replogle_k562__no_graph__s42f10-20.json,6f2335ffa1b22d4355c394175abb16ef5ec9cc40c8356af17ff5417950a4abb5,replogle_k562,500,no_graph,42,10,20,10
results_merged_3seed/hvg500/replogle_k562__no_graph__s42f20-30.json,ef5a16d81cb347f8ff268480be90c676b41aead4e78ea28bf63679e6567c32ac,replogle_k562,500,no_graph,42,20,30,10
results_merged_3seed/hvg500/replogle_k562__no_graph__s42f30-40.json,e35d5b430d27619a004134ee1b1dfc380cd79d1b5cb9af71ac96a416f62ba62e,replogle_k562,500,no_graph,42,30,40,10
results_merged_3seed/hvg500/replogle_k562__no_graph__s42f40-50.json,9d532e5ca7e0a6f2a3b1f39754e9096c9000149f6e0bb32f795a020592322b1d,replogle_k562,500,no_graph,42,40,50,10
results_merged_3seed/hvg500/replogle_k562__no_graph__s43f0-10.json,d866f03a9cd804a2a3f42c449b5c2c0c1059b42fbdaca1c30be28c1db4057b63,replogle_k562,500,no_graph,43,0,10,10
results_merged_3seed/hvg500/replogle_k562__no_graph__s43f10-20.json,ea23e560ad1dcc4ec5d22d1d35d8a03e700f0d0915acb4bb92ca25f6e05f378c,replogle_k562,500,no_graph,43,10,20,10
results_merged_3seed/hvg500/replogle_k562__no_graph__s43f20-30.json,6a0de7fd44db2409845983adddd9081cacb71a21ab068502d122a1d26f55b890,replogle_k562,500,no_graph,43,20,30,10
results_merged_3seed/hvg500/replogle_k562__no_graph__s43f30-40.json,38df187af33d6948fcbfa774c3dbf02e240f2737f917f114381d8b160da4ce36,replogle_k562,500,no_graph,43,30,40,10
results_merged_3seed/hvg500/replogle_k562__no_graph__s43f40-50.json,c372907a6457adab9b83586b2d8caed9019daaafd1ffd47f86239589839b5c20,replogle_k562,500,no_graph,43,40,50,10
results_merged_3seed/hvg500/replogle_k562__no_graph__s44f0-10.json,a43af7c342eb832e70bf01fa613f5df502e951ea372496d0ceb0bd7d21e5be29,replogle_k562,500,no_graph,44,0,10,10
results_merged_3seed/hvg500/replogle_k562__no_graph__s44f10-20.json,e1f4d464f44cda6423e531303b90a600ac1ca50a6444e7975544388a0829891c,replogle_k562,500,no_graph,44,10,20,10
results_merged_3seed/hvg500/replogle_k562__no_graph__s44f20-30.json,549078343edfa79c32da9f6fc395e08623be4205040e1f6f33ba0d94eaf8cf0c,replogle_k562,500,no_graph,44,20,30,10
results_merged_3seed/hvg500/replogle_k562__no_graph__s44f30-40.json,70f34e3eb30d9b58648427ce1c9c2cbed8ffe28641bf7e4ccdc30e0df3b52be4,replogle_k562,500,no_graph,44,30,40,10
results_merged_3seed/hvg500/replogle_k562__no_graph__s44f40-50.json,7251a3fc826d92b9e6b494b241c50b07bfd6771eb29d4d402293a8223ed2d37a,replogle_k562,500,no_graph,44,40,50,10
results_merged_3seed/hvg500/replogle_k562__random__s42f0-10.json,86db1c52fad020140215f1ddfe41b7a3bff24c29c01af789c35a5417b4a3999c,replogle_k562,500,random,42,0,10,10
results_merged_3seed/hvg500/replogle_k562__random__s42f10-20.json,16683705456453a5db86aab8a97a24226bdb2bc33f33650c2877a1ad6de1e441,replogle_k562,500,random,42,10,20,10
results_merged_3seed/hvg500/replogle_k562__random__s42f20-30.json,39fe2b765a49d32080d591ed9c8a4c0573f711dd043221b3b724bb30f9cd6d1d,replogle_k562,500,random,42,20,30,10
results_merged_3seed/hvg500/replogle_k562__random__s42f30-40.json,5e247aa4926777d613522f303a22cee5210af7629eb080922345a8894345c3da,replogle_k562,500,random,42,30,40,10
results_merged_3seed/hvg500/replogle_k562__random__s42f40-50.json,24350e270050b80078c5fe313c16d53ff3b9da15460de54448c2aec196cc0ada,replogle_k562,500,random,42,40,50,10
results_merged_3seed/hvg500/replogle_k562__random__s43f0-10.json,106af387f0210338cb74745c31b95d1a022114bf83943da60ea94ba1f2758bb0,replogle_k562,500,random,43,0,10,10
results_merged_3seed/hvg500/replogle_k562__random__s43f10-20.json,3a23ed5093aeeaea4f875342f0aaea89e621d5a3f4a433044007a530ef3a4ade,replogle_k562,500,random,43,10,20,10
results_merged_3seed/hvg500/replogle_k562__random__s43f20-30.json,d25e29ff3ff6f2a09dfc4bd1db220722502e8ddcd1bc19089e63fc316687e37a,replogle_k562,500,random,43,20,30,10
results_merged_3seed/hvg500/replogle_k562__random__s43f30-40.json,8b7888bff015e5f2e90710b3b429f175a3633e73178f4d9114d39a5297d333d7,replogle_k562,500,random,43,30,40,10
results_merged_3seed/hvg500/replogle_k562__random__s43f40-50.json,f8a9809533cee41de71aba99eb785cc1e1df994f601b9bcdc57f9e08cae70b10,replogle_k562,500,random,43,40,50,10
results_merged_3seed/hvg500/replogle_k562__random__s44f0-10.json,176a8b3b5380d0f3e88b83d0db6ec15e7a6cd8f0554269398aea540e7f49ec5e,replogle_k562,500,random,44,0,10,10
results_merged_3seed/hvg500/replogle_k562__random__s44f10-20.json,3b82c6f25c49d2fbb39dfc3f9150beb8276f69b855f54778fd63ee82c5432f53,replogle_k562,500,random,44,10,20,10
results_merged_3seed/hvg500/replogle_k562__random__s44f20-30.json,fc75fa48a8744e2557c79ffb72fa8669ba7f02f6eab5c2e8dc6d446bd4edb5dc,replogle_k562,500,random,44,20,30,10
results_merged_3seed/hvg500/replogle_k562__random__s44f30-40.json,616584b82019c3aa4b1c2d765d51f25db8c3580f49d22b25cd46f23b84fa4b07,replogle_k562,500,random,44,30,40,10
results_merged_3seed/hvg500/replogle_k562__random__s44f40-50.json,e84a0531288109b690466e7c9512132b86f00bfc6e25bf0a7b4029c2aff4d25a,replogle_k562,500,random,44,40,50,10
results_merged_3seed/hvg500/replogle_k562__string_ppi__s42f0-10.json,712986d3c952edc1f4f42c2d5ee1040188af907ec18f300a32f2c215bb267e88,replogle_k562,500,string_ppi,42,0,10,10
results_merged_3seed/hvg500/replogle_k562__string_ppi__s42f10-20.json,f4f5d034609d46990cc60c64aa3ec2803de3ad9dd7a95b3c697b14650f6e53a2,replogle_k562,500,string_ppi,42,10,20,10
results_merged_3seed/hvg500/replogle_k562__string_ppi__s42f20-30.json,5807ad15a67f972e2ae67f8c440661ef77c7e8f12e392cb63ffae756544092f7,replogle_k562,500,string_ppi,42,20,30,10
results_merged_3seed/hvg500/replogle_k562__string_ppi__s42f30-40.json,816fb81a3319ba636eb068274181bdb18106cb64127cab28a143bc06b9d07b33,replogle_k562,500,string_ppi,42,30,40,10
results_merged_3seed/hvg500/replogle_k562__string_ppi__s42f40-50.json,c27ffec86b5682041038c91b238e57c1e76d532ed7184be18e3d280b8c72c9cb,replogle_k562,500,string_ppi,42,40,50,10
results_merged_3seed/hvg500/replogle_k562__string_ppi__s43f0-10.json,c4842e2aa9a2c3fdefd1c4dad945b747ac1a4f6a83414e2299cf62de0ba78a95,replogle_k562,500,string_ppi,43,0,10,10
results_merged_3seed/hvg500/replogle_k562__string_ppi__s43f10-20.json,bf656ea45786389b09f1be70a29444031d7d862c45cc6b2136f2ab0dd6503458,replogle_k562,500,string_ppi,43,10,20,10
results_merged_3seed/hvg500/replogle_k562__string_ppi__s43f20-30.json,9833549d8ab7d0d403d6578b158538f122edab6d99d3c04a85e1f6c2bb340d4b,replogle_k562,500,string_ppi,43,20,30,10
results_merged_3seed/hvg500/replogle_k562__string_ppi__s43f30-40.json,68cf2a45db66b602600158c53bbe1b6b43ffd740a4e820887daf5a6fdf2ef15f,replogle_k562,500,string_ppi,43,30,40,10
results_merged_3seed/hvg500/replogle_k562__string_ppi__s43f40-50.json,0cc7c6ef1272dd0e0696a990878beb65e0209890091d002d82b8bfb099753119,replogle_k562,500,string_ppi,43,40,50,10
results_merged_3seed/hvg500/replogle_rpe1__combined__s42f0-10.json,4447bef63f28a5d3b4e7b94ea1d8a85891ca38bdcdcafb1128ed1cd4c085c96b,replogle_rpe1,500,combined,42,0,10,10
results_merged_3seed/hvg500/replogle_rpe1__combined__s42f10-20.json,26011b171c4bd97cdea3abc2a1e112c6b0bc2a0dd6c734fa19eda2663638bbaf,replogle_rpe1,500,combined,42,10,20,10
results_merged_3seed/hvg500/replogle_rpe1__combined__s42f20-30.json,f8e78be213e6195bae81a7e7abe7fd2f73410567f3b7db1c614af0c4a1d68f05,replogle_rpe1,500,combined,42,20,30,10
results_merged_3seed/hvg500/replogle_rpe1__combined__s42f30-40.json,4483be7e3bb187b1ffd18097ba42cf0c48549f41ad747b1eca87043a0246281b,replogle_rpe1,500,combined,42,30,40,10
results_merged_3seed/hvg500/replogle_rpe1__combined__s42f40-50.json,749fc3843c882c05a2c7e974928d4869a47340dc9591761ddcf0e191ff137e48,replogle_rpe1,500,combined,42,40,50,10
results_merged_3seed/hvg500/replogle_rpe1__combined__s43f0-10.json,593eed4d8f833260978e9ea868d8e745380199c7a4ac4f1d73ba1a7d952b0f73,replogle_rpe1,500,combined,43,0,10,10
results_merged_3seed/hvg500/replogle_rpe1__combined__s43f10-20.json,183bc5e88161dc3495c7b11d2c3dde3a598eced3ce2bb0eba1542859a5e000df,replogle_rpe1,500,combined,43,10,20,10
results_merged_3seed/hvg500/replogle_rpe1__combined__s43f20-30.json,2db0e08f19a15faacee697331bf10a15345da837e815c9dd203fa9fd02a7c823,replogle_rpe1,500,combined,43,20,30,10
results_merged_3seed/hvg500/replogle_rpe1__combined__s43f30-40.json,11c5727f98fb97a230838374e630ac8f3e79879fc3d65cea107f8ab78aeff99f,replogle_rpe1,500,combined,43,30,40,10
results_merged_3seed/hvg500/replogle_rpe1__combined__s43f40-50.json,163e843e83b944ae781b6c7204f68a2b72fa3216f09ce996ccc9b9c235f77092,replogle_rpe1,500,combined,43,40,50,10
results_merged_3seed/hvg500/replogle_rpe1__combined__s44f0-10.json,8fec93a1db40f32966d888a3897053fb841684a6f37428e05025efc477bf3e22,replogle_rpe1,500,combined,44,0,10,10
results_merged_3seed/hvg500/replogle_rpe1__combined__s44f10-20.json,a1d4b85e69d302225a7ec7489da2a4a02cd194786eabc0abf7aa7a15b31bf668,replogle_rpe1,500,combined,44,10,20,10
results_merged_3seed/hvg500/replogle_rpe1__combined__s44f20-30.json,51b2f39b766c8acadc85a3ee65716643efea05ec11eef8494d3c8840a509b91e,replogle_rpe1,500,combined,44,20,30,10
results_merged_3seed/hvg500/replogle_rpe1__combined__s44f30-40.json,e81ed2177152c9e4c967ed13c0eff0120f00af7f82e43c410a33a9df5943f65e,replogle_rpe1,500,combined,44,30,40,10
results_merged_3seed/hvg500/replogle_rpe1__combined__s44f40-50.json,450731bee6719021031986a3fe100666e3ad21c6c9b40877966eff028d843fa5,replogle_rpe1,500,combined,44,40,50,10
results_merged_3seed/hvg500/replogle_rpe1__gene_ontology__s42f0-10.json,6236873be470b68e098a5752c1b1fdebb5ba134f8cdb930b8eeb151baba4436d,replogle_rpe1,500,gene_ontology,42,0,10,10
results_merged_3seed/hvg500/replogle_rpe1__gene_ontology__s42f10-20.json,f904c3498c64c6c4e38b673f06e5933c947f6c0ea78719e7af844493e44a224c,replogle_rpe1,500,gene_ontology,42,10,20,10
results_merged_3seed/hvg500/replogle_rpe1__gene_ontology__s42f20-30.json,57244c8c8b3c76bf174267c45f943cda685b98aae0015c4447fee137fc93e1f7,replogle_rpe1,500,gene_ontology,42,20,30,10
results_merged_3seed/hvg500/replogle_rpe1__gene_ontology__s42f30-40.json,1e1505b4c39fa8450da38cdb5343492bd1036ac23eed5d2656c8757dc32bf262,replogle_rpe1,500,gene_ontology,42,30,40,10
results_merged_3seed/hvg500/replogle_rpe1__gene_ontology__s42f40-50.json,1b22b0220f5b6ae937b039889e9cb7c36f4e7567e4074f2ecc610b9c91e5b5b6,replogle_rpe1,500,gene_ontology,42,40,50,10
results_merged_3seed/hvg500/replogle_rpe1__gene_ontology__s44f0-10.json,1df0a627d391815a2d562a8e6ce096441864f55f49c032b99a4f7621b17f09ba,replogle_rpe1,500,gene_ontology,44,0,10,10
results_merged_3seed/hvg500/replogle_rpe1__gene_ontology__s44f10-20.json,071d6877a6e641fbab7c87d9e57c2ea4066f9aa5af1ab5bf3e94c2563f72dd0c,replogle_rpe1,500,gene_ontology,44,10,20,10
results_merged_3seed/hvg500/replogle_rpe1__gene_ontology__s44f20-30.json,baaaa9a0016251ad1458283361dfdd8e0e809a806b9e7319597339b0ed44264a,replogle_rpe1,500,gene_ontology,44,20,30,10
results_merged_3seed/hvg500/replogle_rpe1__gene_ontology__s44f30-40.json,07155c1f72f8e26515b26bb6201925ca8b69c8e2dc6088fab87d7d9e582dfb55,replogle_rpe1,500,gene_ontology,44,30,40,10
results_merged_3seed/hvg500/replogle_rpe1__gene_ontology__s44f40-50.json,4d5e88aeff49a1b09db53669930d5a1a5f17325dc88e995c2b27c5b1c602e73e,replogle_rpe1,500,gene_ontology,44,40,50,10
results_merged_3seed/hvg500/replogle_rpe1__no_graph__s43f0-10.json,1cf885db9bcb5be22deb1c408285115cff10f9c167c3f7d15252eddd6a379927,replogle_rpe1,500,no_graph,43,0,10,10
results_merged_3seed/hvg500/replogle_rpe1__no_graph__s43f10-20.json,31f5c4750d6b5992ea84897240a9e221c6c021d36dbf5fd2e9b007f0536dffa3,replogle_rpe1,500,no_graph,43,10,20,10
results_merged_3seed/hvg500/replogle_rpe1__no_graph__s43f20-30.json,2db52946128c2a715efc86fc5f06bce8ed241e37f7f6334487f13c62cfd51a04,replogle_rpe1,500,no_graph,43,20,30,10
results_merged_3seed/hvg500/replogle_rpe1__no_graph__s43f30-40.json,068b1adef8452edef8015e7f0d582f15747250c1c42db7ca109b189c5c21a6fa,replogle_rpe1,500,no_graph,43,30,40,10
results_merged_3seed/hvg500/replogle_rpe1__no_graph__s43f40-50.json,b05e6d71e7ae873cdd53662b359e07f906496abfddb3591de8664a479887105c,replogle_rpe1,500,no_graph,43,40,50,10
results_merged_3seed/hvg500/replogle_rpe1__no_graph__s44f0-10.json,6f68a8f7f22e1e3beb85a5d1ba2505b84858710715e25c11cd6821b62db45ba0,replogle_rpe1,500,no_graph,44,0,10,10
results_merged_3seed/hvg500/replogle_rpe1__no_graph__s44f10-20.json,14d031b81f4dd3fb4f0f1a3b45ae5ae13f4d7e7db7679d1c2860d50d0131a7be,replogle_rpe1,500,no_graph,44,10,20,10
results_merged_3seed/hvg500/replogle_rpe1__no_graph__s44f20-30.json,c7c2ea71cbec5a7cbbfe859d43a9085b7230332b465416f0340356ce2ceb8dd4,replogle_rpe1,500,no_graph,44,20,30,10
results_merged_3seed/hvg500/replogle_rpe1__no_graph__s44f30-40.json,1c52077fed731f927640278024d0332d6dbd3c6f63e0c983d2058c1307a247c5,replogle_rpe1,500,no_graph,44,30,40,10
results_merged_3seed/hvg500/replogle_rpe1__no_graph__s44f40-50.json,7a06ef701c19b42f4ca7827ccfe674823c14fc154f94b28e427a3821ec6b18e7,replogle_rpe1,500,no_graph,44,40,50,10
results_merged_3seed/hvg500/replogle_rpe1__random__s42f0-10.json,3ecc8374056c0a621e5cd6f9cae83a35416345770fa4fc688cba13932673b57d,replogle_rpe1,500,random,42,0,10,10
results_merged_3seed/hvg500/replogle_rpe1__random__s42f10-20.json,2061a47a7afaab3e4647195972ec8eb61426b10e40beeb60b55aae6600c9075e,replogle_rpe1,500,random,42,10,20,10
results_merged_3seed/hvg500/replogle_rpe1__random__s42f20-30.json,fb847f5cbe61d831ead07725a0f17da3e7fe0d7588724b3ca4024a0227b608f7,replogle_rpe1,500,random,42,20,30,10
results_merged_3seed/hvg500/replogle_rpe1__random__s42f30-40.json,6adf6efa230baa8e6a5229e88e1431de1a083a7ea8cc0189a827b47852b9ec10,replogle_rpe1,500,random,42,30,40,10
results_merged_3seed/hvg500/replogle_rpe1__random__s42f40-50.json,afa8f2cf5707047e8480040ddc3dfccb1fd06c6097dba350d046e87f56222dc4,replogle_rpe1,500,random,42,40,50,10
results_merged_3seed/hvg500/replogle_rpe1__random__s43f0-10.json,1c3149c4a57aedce412bd23d76c6404382ad8461ce4aef8451d7f38efdbb2b7f,replogle_rpe1,500,random,43,0,10,10
results_merged_3seed/hvg500/replogle_rpe1__random__s43f10-20.json,14978c46d64a884c424fb6436cf3d28fe23d9b013e6f779a49e0e6d63366292b,replogle_rpe1,500,random,43,10,20,10
results_merged_3seed/hvg500/replogle_rpe1__random__s43f20-30.json,a52b9595ab463a61731dad4aae57675981000d57cab926187eef72e8c1b32158,replogle_rpe1,500,random,43,20,30,10
results_merged_3seed/hvg500/replogle_rpe1__random__s43f30-40.json,0938a84c2cee407ac06fd3a874bc6d7b5c527228098ea51b6eef0df20b81ed9c,replogle_rpe1,500,random,43,30,40,10
results_merged_3seed/hvg500/replogle_rpe1__random__s43f40-50.json,5d10ece2072b416d3f8d45e205498c3e9e339a71db9d92731864b4c1b5b598a1,replogle_rpe1,500,random,43,40,50,10
results_merged_3seed/hvg500/replogle_rpe1__random__s44f0-10.json,3d216d0ba04728f239ef53d066dfc75d3a342c1fae7fcc169b95794574f75ea2,replogle_rpe1,500,random,44,0,10,10
results_merged_3seed/hvg500/replogle_rpe1__random__s44f10-20.json,9f5ccfd60ce9d0dcff01a9a251027bee74249b409199ef29e51024835858072a,replogle_rpe1,500,random,44,10,20,10
results_merged_3seed/hvg500/replogle_rpe1__random__s44f20-30.json,f0254806c3c6c9c19fe8edc6e0eb560a2571aa7440304fef15994036e31ad455,replogle_rpe1,500,random,44,20,30,10
results_merged_3seed/hvg500/replogle_rpe1__random__s44f30-40.json,c43b20062c31fb622abf765832d87307026b5330e20f11069c345a2e4429483b,replogle_rpe1,500,random,44,30,40,10
results_merged_3seed/hvg500/replogle_rpe1__random__s44f40-50.json,fbcc999ce8da834ff139cf4b6beac8baa8614ef855bab5b80478de22f6a307ff,replogle_rpe1,500,random,44,40,50,10
results_merged_3seed/hvg500/replogle_rpe1__string_ppi__s42f0-10.json,f277abb571bf3187ba0ce76cc12e495030e49737f45e0a32189b0256148d8c27,replogle_rpe1,500,string_ppi,42,0,10,10
results_merged_3seed/hvg500/replogle_rpe1__string_ppi__s42f10-20.json,7db7aea4d88bc217babf4ffc920c6cce157871f4156801cb2a0165bc8d884704,replogle_rpe1,500,string_ppi,42,10,20,10
results_merged_3seed/hvg500/replogle_rpe1__string_ppi__s42f20-30.json,872be4f61ded3ab7e32b7f39bb8d6de42f9c20c2345b15c5cd28a38565e16811,replogle_rpe1,500,string_ppi,42,20,30,10
results_merged_3seed/hvg500/replogle_rpe1__string_ppi__s42f30-40.json,551a3102827774fbf2cc1e7c94d1fa45a1670c6ffdf51a47bb81152c49909b85,replogle_rpe1,500,string_ppi,42,30,40,10
results_merged_3seed/hvg500/replogle_rpe1__string_ppi__s42f40-50.json,a70a0cf4ed7427476fc9dcb4bf5c882f5b1ea4b8fb8e4c34661df5424ecdb784,replogle_rpe1,500,string_ppi,42,40,50,10
results_merged_3seed/hvg500/replogle_rpe1__string_ppi__s43f0-10.json,e88e177863dc26a2ca7d570fd1e2779b1338a3d8020d0011df0018bac63b3030,replogle_rpe1,500,string_ppi,43,0,10,10
results_merged_3seed/hvg500/replogle_rpe1__string_ppi__s43f10-20.json,515b28c0c3986337bbf2028d389ac88703b4e026e0aed46c05288ef641faa0fc,replogle_rpe1,500,string_ppi,43,10,20,10
results_merged_3seed/hvg500/replogle_rpe1__string_ppi__s43f20-30.json,d0594b7f66415a856e7ccc8ba0837367270859cb7f2e977233bab6278d29d95a,replogle_rpe1,500,string_ppi,43,20,30,10
results_merged_3seed/hvg500/replogle_rpe1__string_ppi__s43f30-40.json,5637048bd64b708c55a97604484ae97412198de00ebf94a5398df2cf9732f2b3,replogle_rpe1,500,string_ppi,43,30,40,10
results_merged_3seed/hvg500/replogle_rpe1__string_ppi__s43f40-50.json,58523afa4c5fd7f4371bf66a64ee920b980411109d1b4ca3a6499027760d89ea,replogle_rpe1,500,string_ppi,43,40,50,10
results_merged_3seed/hvg500/replogle_rpe1__string_ppi__s44f0-10.json,f8af946fe29b55dadd876cd1f61b983686de4b122673990094f6a0adc5eabd6a,replogle_rpe1,500,string_ppi,44,0,10,10
results_merged_3seed/hvg500/replogle_rpe1__string_ppi__s44f10-20.json,436d945d983e04e6e6470cd0aad4d40d3452be5e58a7d915507cff41caf2599a,replogle_rpe1,500,string_ppi,44,10,20,10
results_merged_3seed/hvg500/replogle_rpe1__string_ppi__s44f20-30.json,822fac834392c2230981d90b1ee81dc15fe0a422fc02572ced1871f3c2d76bb0,replogle_rpe1,500,string_ppi,44,20,30,10
results_merged_3seed/hvg500/replogle_rpe1__string_ppi__s44f30-40.json,f83a4cb945a648456fd19127029a47dc8fabfc1ce5a07f0da986231aff6b9b3e,replogle_rpe1,500,string_ppi,44,30,40,10
results_merged_3seed/hvg500/replogle_rpe1__string_ppi__s44f40-50.json,1247d8774468fe2cb344a0b675c58c87536f3e7cfb05b003d294bfde52423aff,replogle_rpe1,500,string_ppi,44,40,50,10
