dataset,hvg,graph,condition,pearson_r,pearson_seed_sd,n_seeds,spearman_rho,mse,jaccard
adamson,200,coexpression,AMIGO3_pDS434,0.4211951494216919,,1,0.3611746648071449,0.008665764704346657,0.08108108108108109
adamson,200,coexpression,ARHGAP22_pDS458,0.2756739556789398,,1,0.37753843846096163,0.019930195063352585,0.08108108108108109
adamson,200,coexpression,ASCC3_pDS052,0.19361519813537598,,1,0.30238742308088196,0.043674468994140625,0.25
adamson,200,coexpression,ATP5B_pDS055,0.6509449481964111,,1,0.4747357964208676,0.016630763188004494,0.3333333333333333
adamson,200,coexpression,CAD_pDS468,-0.09631013870239258,,1,-0.005163129078226957,0.08033039420843124,0.21212121212121213
adamson,200,coexpression,CARS_pDS460,0.8494061231613159,,1,0.7952523813095329,0.2241070568561554,0.48148148148148145
adamson,200,coexpression,CCND3_pDS006,-0.122561514377594,,1,0.08258756468911724,0.040786296129226685,0.1111111111111111
adamson,200,coexpression,DAD1_pDS499,0.4625704288482666,,1,0.5316642916072903,0.009247229434549809,0.1111111111111111
adamson,200,coexpression,DARS_pDS495,0.7277600169181824,,1,0.57635190879772,0.020206153392791748,0.2903225806451613
adamson,200,coexpression,DDRGK1_pDS041,0.5879155993461609,,1,0.5629745743643592,0.005564419087022543,0.1111111111111111
adamson,200,coexpression,DERL2_pDS042,0.5983805656433105,,1,0.5505782644566115,0.009013772942125797,0.1111111111111111
adamson,200,coexpression,DNAJC19_pDS026,0.8902351260185242,,1,0.823579089477237,0.12508033215999603,0.5384615384615384
adamson,200,coexpression,EIF2AK3_pBA572,0.5456503629684448,,1,0.6038508227146688,0.027819139882922173,0.2903225806451613
adamson,200,coexpression,EIF2B4_pDS491,0.8454879522323608,,1,0.7315040619156227,0.04599326103925705,0.3793103448275862
adamson,200,coexpression,GMPPB_pDS391,0.2249799519777298,,1,0.1393879846996175,0.010093076154589653,0.1111111111111111
adamson,200,coexpression,GNPNAT1_pDS506,-0.1512659341096878,,1,-0.056711917797944954,0.01182609423995018,0.05263157894736842
adamson,200,coexpression,Gal4-4(mod)_pBA582,0.4507787823677063,,1,0.504972624315608,0.00915475282818079,0.08108108108108109
adamson,200,coexpression,HARS_pDS466,0.8369971513748169,,1,0.7525053448231779,0.09707164764404297,0.6666666666666666
adamson,200,coexpression,HSPA9_pDS088,0.7837685346603394,,1,0.7862131553288833,0.32108426094055176,0.5384615384615384
adamson,200,coexpression,HYOU1_pDS089,0.3373369574546814,,1,0.49820445511137784,0.007882485166192055,0.21212121212121213
adamson,200,coexpression,IARS2_pDS090,0.8455711603164673,,1,0.7777172345748822,0.14307035505771637,0.6
adamson,200,coexpression,IDH3A_pDS393,0.22673621773719788,,1,0.284297607440186,0.014056211337447166,0.17647058823529413
adamson,200,coexpression,IER3IP1_pDS002,0.5827573537826538,,1,0.6399699992499813,0.02524297684431076,0.17647058823529413
adamson,200,coexpression,IER3IP1_pDS110,0.5676239728927612,,1,0.5925913147828696,0.017608975991606712,0.25
adamson,200,coexpression,KCTD16_pDS096,0.39514273405075073,,1,0.4060301507537689,0.007131136022508144,0.21212121212121213
adamson,200,coexpression,MRGBP_pDS124,-0.01706191897392273,,1,0.2536338408460212,0.024093441665172577,0.25
adamson,200,coexpression,MTHFD1_pDS395,0.1447199285030365,,1,0.14992724818120456,0.06111079826951027,0.17647058823529413
adamson,200,coexpression,OST4_pDS353,0.5036370754241943,,1,0.5039422875355817,0.0060587539337575436,0.17647058823529413
adamson,200,coexpression,P4HB_pDS397,0.16307774186134338,,1,0.22836720918022957,0.013659251853823662,0.14285714285714285
adamson,200,coexpression,PDIA6_pDS029,0.055481862276792526,,1,0.2844956123903098,0.04002733528614044,0.08108108108108109
adamson,200,coexpression,PSMD4_pDS488,-0.039797425270080566,,1,0.20140261059125794,0.10449317842721939,0.17647058823529413
adamson,200,coexpression,QARS_pDS510,0.8576341271400452,,1,0.7857361434035851,0.10736121982336044,0.42857142857142855
adamson,200,coexpression,SAMM50_pDS156,0.7679179906845093,,1,0.6367779194479862,0.020910024642944336,0.42857142857142855
adamson,200,coexpression,SEC61A1_pDS031,0.6395851373672485,,1,0.6490272256806421,0.04227466881275177,0.42857142857142855
adamson,200,coexpression,SEC61A1_pDS032,0.5771418809890747,,1,0.5518367959198981,0.051660072058439255,0.3333333333333333
adamson,200,coexpression,SEC61B_pDS033,0.4188041687011719,,1,0.3340343508587715,0.008665597066283226,0.17647058823529413
adamson,200,coexpression,SEC61B_pDS162,0.3529808819293976,,1,0.282283057076427,0.011490803211927414,0.14285714285714285
adamson,200,coexpression,SEL1L_pDS373,0.3621429204940796,,1,0.37616290407260183,0.024551324546337128,0.17647058823529413
adamson,200,coexpression,SLC39A7_pDS219,0.44010964035987854,,1,0.28986274656866423,0.013341951183974743,0.25
adamson,200,coexpression,SLMO2_pDS433,0.826814591884613,,1,0.7694892372309308,0.082383893430233,0.48148148148148145
adamson,200,coexpression,SOCS1_pDS479,0.40348660945892334,,1,0.47052726318157956,0.019346516579389572,0.2903225806451613
adamson,200,coexpression,SPCS2_pDS401,0.4911256432533264,,1,0.47586889672241817,0.0075723594054579735,0.1111111111111111
adamson,200,coexpression,SRPR_pDS482,-0.2113112360239029,,1,-0.2397104927623191,0.026274893432855606,0.05263157894736842
adamson,200,coexpression,STT3A_pDS011,0.4182993769645691,,1,0.3998739968499213,0.00836919154971838,0.08108108108108109
adamson,200,coexpression,TIMM23_pDS284,0.7626706957817078,,1,0.6564209105227632,0.016795819625258446,0.3333333333333333
adamson,200,coexpression,TMEM167A_pDS038,0.638669490814209,,1,0.7431728580113243,0.018913237378001213,0.25
adamson,200,coexpression,TTI2_pDS408,-0.13868167996406555,,1,0.0824420610515263,0.01339664962142706,0.14285714285714285
adamson,200,coexpression,UFL1_pDS410,0.5675587058067322,,1,0.49504387609690254,0.006614414509385824,0.21212121212121213
adamson,200,coexpression,UFM1_pDS040,0.5534741878509521,,1,0.4925058126453162,0.008618210442364216,0.21212121212121213
adamson,200,coexpression,YIPF5_pDS186,0.5515724420547485,,1,0.571164779119478,0.020674146711826324,0.25
adamson,200,combined,AMIGO3_pDS434,0.4221266706784566,0.0007795655495186048,3,0.3437292221290357,0.01072229134539763,0.08108108108108109
adamson,200,combined,ARHGAP22_pDS458,0.27787309885025024,0.0007137618358447975,3,0.37875196879922,0.020192041993141174,0.1011011011011011
adamson,200,combined,ASCC3_pDS052,0.19388495882352194,0.00041677553122445633,3,0.306682032056585,0.04554502169291178,0.21212121212121213
adamson,200,combined,ATP5B_pDS055,0.6764277617136637,0.00017392616280678495,3,0.520555959107499,0.015340471640229225,0.37931034482758613
adamson,200,combined,CAD_pDS468,-0.09694337596495946,0.0005353314183968054,3,0.009465736643416087,0.08564878503481548,0.21212121212121213
adamson,200,combined,CARS_pDS460,0.8524971803029379,0.00012607998966005554,3,0.7921093027325684,0.21821540097395578,0.48148148148148145
adamson,200,combined,CCND3_pDS006,-0.12280805160601933,0.000996761510779285,3,0.0794324858121453,0.04091969380776087,0.1111111111111111
adamson,200,combined,DAD1_pDS499,0.4534570773442586,0.0022941158023729318,3,0.5223990599764995,0.011081070639193058,0.1111111111111111
adamson,200,combined,DARS_pDS495,0.745356539885203,0.00045057388502770765,3,0.5744058601465037,0.017533515269557636,0.37931034482758613
adamson,200,combined,DDRGK1_pDS041,0.5693363944689432,0.0013433268906435322,3,0.5454116352908823,0.008153789676725864,0.1111111111111111
adamson,200,combined,DERL2_pDS042,0.5707999070485433,0.0003033813964310772,3,0.5494867371684292,0.01114688254892826,0.14285714285714285
adamson,200,combined,DNAJC19_pDS026,0.9005939364433289,0.00010295275138640103,3,0.844022100552514,0.1159142553806305,0.5384615384615384
adamson,200,combined,EIF2AK3_pBA572,0.5273572405179342,0.0006223426095526061,3,0.5724400256656915,0.028438299273451168,0.2903225806451613
adamson,200,combined,EIF2B4_pDS491,0.8580784400304159,7.270890454101613e-05,3,0.7782747487218037,0.044780159989992775,0.37931034482758613
adamson,200,combined,GMPPB_pDS391,0.22736122707525888,0.0021678043988319295,3,0.15387834695867397,0.013079484614233175,0.1111111111111111
adamson,200,combined,GNPNAT1_pDS506,-0.13353495299816132,0.00111093424460526,3,-0.0458521463036576,0.014493466975788275,0.025641025641025644
adamson,200,combined,Gal4-4(mod)_pBA582,0.44023380676905316,0.0005855908562527771,3,0.4740498512462812,0.009541443238655726,0.08108108108108109
adamson,200,combined,HARS_pDS466,0.8386778831481934,0.0011703682952535533,3,0.7608558067161489,0.09571645160516103,0.6222222222222222
adamson,200,combined,HSPA9_pDS088,0.7978777090708414,0.0007566244347582198,3,0.7989699742493563,0.30597779154777527,0.5384615384615384
adamson,200,combined,HYOU1_pDS089,0.3315727114677429,0.00015584332826088705,3,0.4894097352433811,0.010443671606481075,0.18835412953060013
adamson,200,combined,IARS2_pDS090,0.8560463786125183,0.00046452951318794004,3,0.8194132926123577,0.13424118856588999,0.6
adamson,200,combined,IDH3A_pDS393,0.22442841033140817,0.0003020240695283787,3,0.3074806870171755,0.01733641078074773,0.14285714285714285
adamson,200,combined,IER3IP1_pDS002,0.5816077788670858,0.0007732903854862336,3,0.6393634840871023,0.025164783621827762,0.14285714285714285
adamson,200,combined,IER3IP1_pDS110,0.5751426021258036,0.0020454036846796492,3,0.5957173929348235,0.017877523476878803,0.25
adamson,200,combined,KCTD16_pDS096,0.36801324288050336,0.0007074643307900471,3,0.36946323658091457,0.010801631646851698,0.17647058823529413
adamson,200,combined,MRGBP_pDS124,-0.014899098624785742,0.0006160419833502887,3,0.2539853496337409,0.024130069961150486,0.25
adamson,200,combined,MTHFD1_pDS395,0.1358756721019745,0.0002661846089200706,3,0.155486387159679,0.06382891287406285,0.21212121212121213
adamson,200,combined,OST4_pDS353,0.49133768677711487,0.0005427616593732095,3,0.5175743834500165,0.009059935187300047,0.17647058823529413
adamson,200,combined,P4HB_pDS397,0.1602874497572581,0.0010298883908483498,3,0.21656891422285562,0.014196491800248623,0.17647058823529413
adamson,200,combined,PDIA6_pDS029,0.048828733464082084,0.0002550263124796534,3,0.29403535088377214,0.04365755493442217,0.08108108108108109
adamson,200,combined,PSMD4_pDS488,-0.08198375999927521,0.0005388927606154485,3,0.17641147644122712,0.11187923451264699,0.14285714285714285
adamson,200,combined,QARS_pDS510,0.870593786239624,0.0004109803016714526,3,0.8026590664766621,0.09984359393517177,0.5384615384615384
adamson,200,combined,SAMM50_pDS156,0.8062999248504639,0.0003204859053573743,3,0.6639370984274607,0.016888593633969624,0.5384615384615384
adamson,200,combined,SEC61A1_pDS031,0.6377831101417542,0.0005060708592591362,3,0.652204805120128,0.039881959557533264,0.37931034482758613
adamson,200,combined,SEC61A1_pDS032,0.5705361763636271,0.0020206717120699004,3,0.5565399134978376,0.049518934140602745,0.3486590038314176
adamson,200,combined,SEC61B_pDS033,0.41524024804433185,0.002883629826002987,3,0.3493077326933174,0.011580833854774633,0.17647058823529413
adamson,200,combined,SEC61B_pDS162,0.36747242013613385,0.0010855330349997477,3,0.3025290632265807,0.01333104788015286,0.14285714285714285
adamson,200,combined,SEL1L_pDS373,0.35885247588157654,0.0034470105041403704,3,0.37380434510862776,0.026326545824607212,0.17647058823529413
adamson,200,combined,SLC39A7_pDS219,0.44197829564412433,0.0004712903129087207,3,0.2868581714542864,0.013270529607931772,0.25
adamson,200,combined,SLMO2_pDS433,0.8461236159006754,0.0007086785633017337,3,0.8065091627290683,0.0753124530116717,0.5384615384615384
adamson,200,combined,SOCS1_pDS479,0.40531235933303833,0.0030528445161176103,3,0.4799809995249882,0.021203310539325077,0.2903225806451613
adamson,200,combined,SPCS2_pDS401,0.4951961735884349,0.001183517667955011,3,0.4643236080902023,0.009556455227235952,0.12169312169312169
adamson,200,combined,SRPR_pDS482,-0.20362098515033722,0.0016086779563180026,3,-0.19944498612465314,0.030331827079256374,0.05263157894736842
adamson,200,combined,STT3A_pDS011,0.41063859065373737,0.0010120374252947045,3,0.38463511587789706,0.01113520779957374,0.1111111111111111
adamson,200,combined,TIMM23_pDS284,0.797330379486084,0.00033713120542908066,3,0.6880062001550039,0.013562746656437715,0.37931034482758613
adamson,200,combined,TMEM167A_pDS038,0.6512678662935892,0.0010576190900989748,3,0.7322715813914294,0.018346963450312614,0.25
adamson,200,combined,TTI2_pDS408,-0.16928996642430624,0.0007946500553743981,3,0.06800220005500139,0.018067816893259685,0.1111111111111111
adamson,200,combined,UFL1_pDS410,0.5581856767336527,0.001240835308519954,3,0.4780219505487638,0.009277040138840675,0.21212121212121213
adamson,200,combined,UFM1_pDS040,0.5504689613978068,0.001190680396180307,3,0.4847931198279958,0.008305989826718966,0.21212121212121213
adamson,200,combined,YIPF5_pDS186,0.56558624903361,0.001328762592552702,3,0.5709512737818446,0.020610513786474865,0.25
adamson,200,gene_ontology,AMIGO3_pDS434,0.42287686467170715,0.0018226404638536124,2,0.3452727612963422,0.01021296763792634,0.08108108108108109
adamson,200,gene_ontology,ARHGAP22_pDS458,0.27734653651714325,2.9355279987837693e-05,2,0.38068026700667523,0.020195377990603447,0.0960960960960961
adamson,200,gene_ontology,ASCC3_pDS052,0.19347672164440155,0.00012418568913734925,2,0.30485536070479935,0.045507896691560745,0.21212121212121213
adamson,200,gene_ontology,ATP5B_pDS055,0.6764940619468689,0.0005656950007132197,2,0.5203332034550743,0.01532273506745696,0.3563218390804598
adamson,200,gene_ontology,CAD_pDS468,-0.09593401104211807,6.103917335590229e-05,2,0.013342833570839274,0.08530406281352043,0.21212121212121213
adamson,200,gene_ontology,CARS_pDS460,0.8522860109806061,0.00012134077686286391,2,0.7918810470261758,0.21807675808668137,0.48148148148148145
adamson,200,gene_ontology,CCND3_pDS006,-0.12209775298833847,0.003850525543243151,2,0.08063976599414988,0.04083839990198612,0.1111111111111111
adamson,200,gene_ontology,DAD1_pDS499,0.454809233546257,0.00023819291435931762,2,0.5266804170104253,0.010991477407515049,0.1111111111111111
adamson,200,gene_ontology,DARS_pDS495,0.7439179122447968,0.0015734682954572068,2,0.5728643216080402,0.017683355137705803,0.3793103448275862
adamson,200,gene_ontology,DDRGK1_pDS041,0.5704654455184937,0.00121627375432738,2,0.5449606240156004,0.008090695831924677,0.1111111111111111
adamson,200,gene_ontology,DERL2_pDS042,0.57122403383255,0.0010149804058393502,2,0.550888022200555,0.011173071339726448,0.14285714285714285
adamson,200,gene_ontology,DNAJC19_pDS026,0.9004038274288177,0.0002819202696893702,2,0.8429640741018527,0.11647823825478554,0.5384615384615384
adamson,200,gene_ontology,EIF2AK3_pBA572,0.5249615907669067,0.0011293669526979166,2,0.5723286478394791,0.02855466865003109,0.2903225806451613
adamson,200,gene_ontology,EIF2B4_pDS491,0.8526163995265961,0.006742947852712403,2,0.7675882275513282,0.04817894473671913,0.3333333333333333
adamson,200,gene_ontology,GMPPB_pDS391,0.22870244830846786,0.0012506761194243973,2,0.1556476411910298,0.013010021299123764,0.1111111111111111
adamson,200,gene_ontology,GNPNAT1_pDS506,-0.13510023802518845,0.003821338850649357,2,-0.042937073426835684,0.01358789298683405,0.02564102564102564
adamson,200,gene_ontology,Gal4-4(mod)_pBA582,0.44199666380882263,0.001951272645508861,2,0.47291007275181884,0.008298261556774378,0.08108108108108109
adamson,200,gene_ontology,HARS_pDS466,0.837319552898407,0.002772672576137675,2,0.7602635416874238,0.09602010250091553,0.6
adamson,200,gene_ontology,HSPA9_pDS088,0.7974672317504883,8.985708102522607e-05,2,0.7979621990549765,0.30680009722709656,0.5384615384615384
adamson,200,gene_ontology,HYOU1_pDS089,0.33133405447006226,0.0005978951929755428,2,0.4915847896197406,0.010549665428698063,0.19429590017825313
adamson,200,gene_ontology,IARS2_pDS090,0.8543068766593933,0.000710764453287717,2,0.8189694063487438,0.13480299711227417,0.6
adamson,200,gene_ontology,IDH3A_pDS393,0.22601263225078583,0.00013902137981318397,2,0.3110732768319209,0.017205367796123028,0.15966386554621848
adamson,200,gene_ontology,IER3IP1_pDS002,0.5863443613052368,0.0003921342785453581,2,0.6446028650716269,0.02506781928241253,0.17647058823529413
adamson,200,gene_ontology,IER3IP1_pDS110,0.5761759281158447,0.0001530773537915671,2,0.5955021375534388,0.017816796898841858,0.25
adamson,200,gene_ontology,KCTD16_pDS096,0.3683762699365616,8.0142232443465e-05,2,0.3699219980499513,0.010461163241416216,0.17647058823529413
adamson,200,gene_ontology,MRGBP_pDS124,-0.015985840000212193,0.0030001931182006246,2,0.2526078151953799,0.02422914281487465,0.25
adamson,200,gene_ontology,MTHFD1_pDS395,0.13245707750320435,0.004357436226995802,2,0.15823895597389936,0.06264503486454487,0.23106060606060608
adamson,200,gene_ontology,OST4_pDS353,0.49186623096466064,0.00046058076052704996,2,0.518260900870396,0.009017585776746273,0.17647058823529413
adamson,200,gene_ontology,P4HB_pDS397,0.1637188270688057,0.0007122922765462369,2,0.2175924398109953,0.012979568913578987,0.15966386554621848
adamson,200,gene_ontology,PDIA6_pDS029,0.048634450882673264,0.00021097131857734393,2,0.29275481887047183,0.04368361830711365,0.08108108108108109
adamson,200,gene_ontology,PSMD4_pDS488,-0.08332613110542297,0.0018962920816263998,2,0.17617084533521277,0.11204539984464645,0.14285714285714285
adamson,200,gene_ontology,QARS_pDS510,0.8690285682678223,0.0010064667424401494,2,0.8011587789694743,0.10047744959592819,0.5384615384615384
adamson,200,gene_ontology,SAMM50_pDS156,0.804882287979126,0.0017637613164838935,2,0.6666016650416262,0.017616049386560917,0.50997150997151
adamson,200,gene_ontology,SEC61A1_pDS031,0.637538492679596,0.0003834520277521139,2,0.6510987774694369,0.039928754791617393,0.3793103448275862
adamson,200,gene_ontology,SEC61A1_pDS032,0.568494439125061,0.0003102008050401801,2,0.5573441836045903,0.04962526448071003,0.3793103448275862
adamson,200,gene_ontology,SEC61B_pDS033,0.4139927625656128,0.0016630303485428567,2,0.35037500937523447,0.011685861274600029,0.17647058823529413
adamson,200,gene_ontology,SEC61B_pDS162,0.3668546825647354,0.000696666332460823,2,0.30231755793894854,0.013408750295639038,0.14285714285714285
adamson,200,gene_ontology,SEL1L_pDS373,0.3645823299884796,0.00010810666643044319,2,0.3756656416410411,0.026141232810914516,0.17647058823529413
adamson,200,gene_ontology,SLC39A7_pDS219,0.4430529922246933,0.0002688336732267376,2,0.2864494112352809,0.013252248987555504,0.25
adamson,200,gene_ontology,SLMO2_pDS433,0.8448521196842194,8.661177368988724e-05,2,0.8074386859671492,0.07581452652812004,0.5384615384615384
adamson,200,gene_ontology,SOCS1_pDS479,0.406411349773407,0.0006467855372481798,2,0.4813830345758644,0.021216177381575108,0.2903225806451613
adamson,200,gene_ontology,SPCS2_pDS401,0.495781347155571,0.00025420871679345734,2,0.4643741093527339,0.009472360368818045,0.14285714285714285
adamson,200,gene_ontology,SRPR_pDS482,-0.2039823830127716,0.00032996767699178936,2,-0.19888097202430063,0.030142673291265965,0.05263157894736842
adamson,200,gene_ontology,STT3A_pDS011,0.4116691052913666,0.0005216936908678464,2,0.3849171229280733,0.011072658002376556,0.1111111111111111
adamson,200,gene_ontology,TIMM23_pDS284,0.7969609200954437,0.0006731273175674886,2,0.6885269631740794,0.013607037719339132,0.3793103448275862
adamson,200,gene_ontology,TMEM167A_pDS038,0.649710476398468,0.0009114677458965943,2,0.7305879136683608,0.018348287791013718,0.25
adamson,200,gene_ontology,TTI2_pDS408,-0.16776513308286667,0.000741289308321732,2,0.06936473411835298,0.01780304405838251,0.1111111111111111
adamson,200,gene_ontology,UFL1_pDS410,0.5604012310504913,0.00027163643865271204,2,0.4805962649066227,0.009191392920911312,0.21212121212121213
adamson,200,gene_ontology,UFM1_pDS040,0.5530029833316803,0.0002896752898153747,2,0.4884317107927699,0.008219259325414896,0.21212121212121213
adamson,200,gene_ontology,YIPF5_pDS186,0.565807968378067,0.000804625484921478,2,0.569665491637291,0.020558933727443218,0.25
adamson,200,no_graph,AMIGO3_pDS434,0.40340395271778107,0.000497733207489403,2,0.3176206846248947,0.010589621029794216,0.08108108108108109
adamson,200,no_graph,ARHGAP22_pDS458,0.30593061447143555,0.00014077047402638606,2,0.38249906247656196,0.019007313065230846,0.1111111111111111
adamson,200,no_graph,ASCC3_pDS052,0.14589738845825195,0.0006287256126612617,2,0.26741628568826814,0.04729661904275417,0.21212121212121213
adamson,200,no_graph,ATP5B_pDS055,0.6398650407791138,0.0001857833082360209,2,0.48989330604267534,0.016670539043843746,0.2903225806451613
adamson,200,no_graph,CAD_pDS468,-0.09009736031293869,0.00024326107289275264,2,-0.017668941723543094,0.08434855565428734,0.2903225806451613
adamson,200,no_graph,CARS_pDS460,0.8385533392429352,0.0008679300513848408,2,0.75771169279232,0.2218138501048088,0.5384615384615384
adamson,200,no_graph,CCND3_pDS006,-0.07641841471195221,0.0012474624222254416,2,0.10033075826895674,0.03869447112083435,0.1111111111111111
adamson,200,no_graph,DAD1_pDS499,0.4486682415008545,0.0009023640266182413,2,0.4831620790519764,0.010763256810605526,0.1111111111111111
adamson,200,no_graph,DARS_pDS495,0.7157357931137085,0.0005748830136885946,2,0.5475594389859747,0.018978373147547245,0.3333333333333333
adamson,200,no_graph,DDRGK1_pDS041,0.5639536380767822,2.2759298195882778e-05,2,0.5615435385884647,0.007837275043129921,0.1111111111111111
adamson,200,no_graph,DERL2_pDS042,0.608649879693985,0.0001830437630828128,2,0.5735738393459837,0.009930506814271212,0.17647058823529413
adamson,200,no_graph,DNAJC19_pDS026,0.8747489750385284,0.0011095157870492855,2,0.7858718967974201,0.1195598617196083,0.5384615384615384
adamson,200,no_graph,EIF2AK3_pBA572,0.5437034070491791,0.0002782113470204115,2,0.5792820742826756,0.02773343399167061,0.2903225806451613
adamson,200,no_graph,EIF2B4_pDS491,0.8346497416496277,0.00021992225552984506,2,0.7177472128355763,0.04697299189865589,0.3793103448275862
adamson,200,no_graph,GMPPB_pDS391,0.19643285870552063,0.0019518205545395026,2,0.07222980574514365,0.013043933548033237,0.08108108108108109
adamson,200,no_graph,GNPNAT1_pDS506,-0.1577823907136917,5.902666133950709e-05,2,-0.05934748368709219,0.014088617637753487,0.05263157894736842
adamson,200,no_graph,Gal4-4(mod)_pBA582,0.48741284012794495,0.0003508303670046819,2,0.5367884197104928,0.008709413930773735,0.08108108108108109
adamson,200,no_graph,HARS_pDS466,0.826043039560318,0.00015370955651923052,2,0.7097276343387713,0.09780304506421089,0.6666666666666666
adamson,200,no_graph,HSPA9_pDS088,0.7665670216083527,0.003001319229309275,2,0.7322688067201681,0.31099244952201843,0.5384615384615384
adamson,200,no_graph,HYOU1_pDS089,0.3187249004840851,0.00045581816664531894,2,0.4676441911047777,0.01015196368098259,0.25
adamson,200,no_graph,IARS2_pDS090,0.821820467710495,0.0001052406807317024,2,0.7417410716797461,0.13869619369506836,0.6
adamson,200,no_graph,IDH3A_pDS393,0.24145512282848358,0.0003023825646414092,2,0.2872886822170555,0.016310838982462883,0.17647058823529413
adamson,200,no_graph,IER3IP1_pDS002,0.5734416842460632,0.0009794084656961554,2,0.6387587189679742,0.025477769784629345,0.17647058823529413
adamson,200,no_graph,IER3IP1_pDS110,0.5493431389331818,0.0021730493623731855,2,0.5911040276006901,0.01864269468933344,0.25
adamson,200,no_graph,KCTD16_pDS096,0.376058429479599,5.0871246152649094e-05,2,0.4107845196129904,0.010065276175737381,0.21212121212121213
adamson,200,no_graph,MRGBP_pDS124,-0.024584890343248844,2.34481357512327e-05,2,0.23602340058501464,0.023714243434369564,0.25
adamson,200,no_graph,MTHFD1_pDS395,0.12580479681491852,0.0005786973034788305,2,0.12428710717767946,0.06395367532968521,0.21212121212121213
adamson,200,no_graph,OST4_pDS353,0.48059193789958954,0.0012042829759260306,2,0.4841616606021719,0.008758286014199257,0.17647058823529413
adamson,200,no_graph,P4HB_pDS397,0.18216954916715622,0.00028557650879769024,2,0.25812720318007953,0.013395956717431545,0.1111111111111111
adamson,200,no_graph,PDIA6_pDS029,0.03484593331813812,4.718339690794587e-05,2,0.28642391059776495,0.04368407838046551,0.08108108108108109
adamson,200,no_graph,PSMD4_pDS488,-0.05397820472717285,0.0007639748495327207,2,0.19837403374112014,0.10927097871899605,0.14285714285714285
adamson,200,no_graph,QARS_pDS510,0.8678627014160156,0.00024529465833340327,2,0.7677919447986201,0.10148429870605469,0.5384615384615384
adamson,200,no_graph,SAMM50_pDS156,0.7671535015106201,0.00020938554340212156,2,0.6246186154653868,0.018909389153122902,0.42857142857142855
adamson,200,no_graph,SEC61A1_pDS031,0.6103383302688599,9.929797509166634e-05,2,0.6042053551338784,0.04158405587077141,0.42857142857142855
adamson,200,no_graph,SEC61A1_pDS032,0.547238826751709,0.0007925293393988514,2,0.5140861021525538,0.050899604335427284,0.3793103448275862
adamson,200,no_graph,SEC61B_pDS033,0.3821151554584503,0.0007295198008750648,2,0.30764944123603094,0.011747496202588081,0.17647058823529413
adamson,200,no_graph,SEC61B_pDS162,0.3296852707862854,0.001712257867603581,2,0.2510762769069227,0.01375850010663271,0.14285714285714285
adamson,200,no_graph,SEL1L_pDS373,0.3494504690170288,0.0012447650239207444,2,0.3599602490062252,0.026409948244690895,0.17647058823529413
adamson,200,no_graph,SLC39A7_pDS219,0.4372798502445221,0.0013667801503597825,2,0.29525013125328137,0.013031182810664177,0.21212121212121213
adamson,200,no_graph,SLMO2_pDS433,0.8081333041191101,0.0005452116323369252,2,0.7457653941348534,0.079434834420681,0.48148148148148145
adamson,200,no_graph,SOCS1_pDS479,0.38945090770721436,0.0005017160846736826,2,0.450926273156829,0.0213888231664896,0.3333333333333333
adamson,200,no_graph,SPCS2_pDS401,0.5022524893283844,6.680275488976704e-05,2,0.47806495162379065,0.008978906087577343,0.14285714285714285
adamson,200,no_graph,SRPR_pDS482,-0.2159418910741806,0.00010467169827680533,2,-0.24151503787594691,0.029916275292634964,0.05263157894736842
adamson,200,no_graph,STT3A_pDS011,0.407614529132843,0.00012606122389608406,2,0.38790444761119036,0.010769265238195658,0.08108108108108109
adamson,200,no_graph,TIMM23_pDS284,0.7645475566387177,5.643463015608711e-05,2,0.6407065176629416,0.015033201780170202,0.3333333333333333
adamson,200,no_graph,TMEM167A_pDS038,0.6307905912399292,5.361079130585721e-05,2,0.7246541380988053,0.019039075821638107,0.25
adamson,200,no_graph,TTI2_pDS408,-0.17400655150413513,0.00024297658166530408,2,0.06821270531763296,0.01731740590184927,0.14285714285714285
adamson,200,no_graph,UFL1_pDS410,0.543048769235611,0.0002836904373268277,2,0.49029325733143336,0.009180929977446795,0.21212121212121213
adamson,200,no_graph,UFM1_pDS040,0.5365502834320068,0.0005067737064949899,2,0.5068274206855172,0.008108070585876703,0.21212121212121213
adamson,200,no_graph,YIPF5_pDS186,0.5449815094470978,0.000394536648910479,2,0.5628508212705319,0.021252304315567017,0.25
adamson,200,random,AMIGO3_pDS434,0.4263527989387512,0.0010798865525461269,2,0.36026076661697826,0.009947448503226042,0.08108108108108109
adamson,200,random,ARHGAP22_pDS458,0.28255605697631836,0.001967330594791512,2,0.38809645241131036,0.018859738484025,0.0960960960960961
adamson,200,random,ASCC3_pDS052,0.1878202185034752,0.0019918495239127244,2,0.296985786014341,0.044193970039486885,0.1616161616161616
adamson,200,random,ATP5B_pDS055,0.6728094816207886,0.001385282616856065,2,0.520870592091311,0.015680120326578617,0.3333333333333333
adamson,200,random,CAD_pDS468,-0.09690365195274353,0.00046797753244071186,2,0.0107755193879847,0.08332716301083565,0.23106060606060608
adamson,200,random,CARS_pDS460,0.8498828113079071,0.0009938648347353923,2,0.7860211505287633,0.22650334239006042,0.48148148148148145
adamson,200,random,CCND3_pDS006,-0.11722549423575401,0.002160452723024492,2,0.0701537538438461,0.038920989260077477,0.1111111111111111
adamson,200,random,DAD1_pDS499,0.45562873780727386,0.0012253142533329667,2,0.5231380784519615,0.010614181403070688,0.1111111111111111
adamson,200,random,DARS_pDS495,0.7381477355957031,0.0011761499545450088,2,0.5539990999774995,0.0186363672837615,0.3333333333333333
adamson,200,random,DDRGK1_pDS041,0.5706280171871185,0.0006485978517341483,2,0.5460751518787971,0.008280509151518345,0.1111111111111111
adamson,200,random,DERL2_pDS042,0.5749850869178772,0.0005358550319675067,2,0.5438475961899047,0.010392383206635714,0.14285714285714285
adamson,200,random,DNAJC19_pDS026,0.8978847563266754,0.000856718989680943,2,0.8326805670141755,0.12217546254396439,0.5384615384615384
adamson,200,random,EIF2AK3_pBA572,0.5280686020851135,0.001459629657629282,2,0.5733126728091129,0.028504716232419014,0.2903225806451613
adamson,200,random,EIF2B4_pDS491,0.8527316451072693,0.0003402936548769584,2,0.769189518184078,0.04720323532819748,0.3793103448275862
adamson,200,random,GMPPB_pDS391,0.22858528792858124,0.00018879680790454982,2,0.1520888022200555,0.012706760317087173,0.0960960960960961
adamson,200,random,GNPNAT1_pDS506,-0.13398248702287674,0.0019079562219517896,2,-0.047464936623415596,0.014334555715322495,0.039136302294197026
adamson,200,random,Gal4-4(mod)_pBA582,0.44476552307605743,0.00042806446690089525,2,0.4825740643516089,0.008253888227045536,0.08108108108108109
adamson,200,random,HARS_pDS466,0.8368993401527405,0.0021601945735773625,2,0.7554727951222295,0.09967520087957382,0.5692307692307692
adamson,200,random,HSPA9_pDS088,0.7958516776561737,0.001201143035711969,2,0.7921893047326185,0.3088282197713852,0.5384615384615384
adamson,200,random,HYOU1_pDS089,0.3278833478689194,0.0011340241794583702,2,0.48012825320633024,0.009015266317874193,0.19429590017825313
adamson,200,random,IARS2_pDS090,0.8531683385372162,0.003952826481291218,2,0.8109217021382489,0.13959688693284988,0.6
adamson,200,random,IDH3A_pDS393,0.22668473422527313,0.003006229337160794,2,0.3021548038700968,0.015840650536119938,0.14285714285714285
adamson,200,random,IER3IP1_pDS002,0.5872533321380615,0.0032687409831108974,2,0.6415270381759545,0.025586566887795925,0.17647058823529413
adamson,200,random,IER3IP1_pDS110,0.5717708766460419,0.0027007279057295786,2,0.5942886072151805,0.01775451749563217,0.25
adamson,200,random,KCTD16_pDS096,0.37004876136779785,0.0023922551214783454,2,0.3729685742143554,0.00929721537977457,0.17647058823529413
adamson,200,random,MRGBP_pDS124,-0.016806102357804775,0.0005768546959454948,2,0.2514572864321608,0.022145304828882217,0.25
adamson,200,random,MTHFD1_pDS395,0.1363818719983101,0.002518284735238046,2,0.15354758868971724,0.062456075102090836,0.21212121212121213
adamson,200,random,OST4_pDS353,0.48948347568511963,0.0008860110493960143,2,0.5097793106500437,0.00792739074677229,0.17647058823529413
adamson,200,random,P4HB_pDS397,0.16299448907375336,0.004129885391885485,2,0.22585839645991151,0.012874333653599024,0.14285714285714285
adamson,200,random,PDIA6_pDS029,0.0494965985417366,0.0006572274189667538,2,0.29972099302482563,0.043598925694823265,0.06685633001422475
adamson,200,random,PSMD4_pDS488,-0.0792522095143795,0.003670121226548333,2,0.17194036298672288,0.110326137393713,0.14285714285714285
adamson,200,random,QARS_pDS510,0.8685018420219421,0.002271462253646123,2,0.7938145953648842,0.10435772687196732,0.5384615384615384
adamson,200,random,SAMM50_pDS156,0.8005756735801697,0.001522934224092645,2,0.661971049276232,0.01835689414292574,0.48148148148148145
adamson,200,random,SEC61A1_pDS031,0.636943519115448,0.000207615375764664,2,0.6491044776119403,0.03996334224939346,0.40394088669950734
adamson,200,random,SEC61A1_pDS032,0.5696080923080444,0.0013822480437632807,2,0.5545128628215706,0.05108756385743618,0.3563218390804598
adamson,200,random,SEC61B_pDS033,0.41508176922798157,0.004067634496634894,2,0.3382982074551864,0.010868761222809553,0.17647058823529413
adamson,200,random,SEC61B_pDS162,0.36593998968601227,0.004357415153571546,2,0.2901035025875647,0.011821080464869738,0.14285714285714285
adamson,200,random,SEL1L_pDS373,0.3635116517543793,7.05959712557475e-05,2,0.3740651016275407,0.02544180117547512,0.17647058823529413
adamson,200,random,SLC39A7_pDS219,0.43991459906101227,0.004862713720368655,2,0.2869046726168154,0.01300815586000681,0.25
adamson,200,random,SLMO2_pDS433,0.8432782292366028,0.0037555370834117235,2,0.8010140253506339,0.07719004899263382,0.48148148148148145
adamson,200,random,SOCS1_pDS479,0.405691534280777,0.0017836967758295464,2,0.48379509487737193,0.02112311962991953,0.2903225806451613
adamson,200,random,SPCS2_pDS401,0.4948703199625015,0.0033345111402121475,2,0.4677911947798695,0.00854233163408935,0.14285714285714285
adamson,200,random,SRPR_pDS482,-0.19883491843938828,0.007768011892057985,2,-0.21059776494412363,0.028482547961175442,0.05263157894736842
adamson,200,random,STT3A_pDS011,0.41200850903987885,0.0027645171609508167,2,0.3912225305632641,0.01124509098008275,0.08108108108108109
adamson,200,random,TIMM23_pDS284,0.794269323348999,0.00499945917036225,2,0.6809457736443412,0.014096796046942472,0.3793103448275862
adamson,200,random,TMEM167A_pDS038,0.6495846211910248,0.0005346327733606908,2,0.7379478504267565,0.01845379639416933,0.25
adamson,200,random,TTI2_pDS408,-0.17269819229841232,0.001040026170566949,2,0.05265056626415661,0.015727072954177856,0.1111111111111111
adamson,200,random,UFL1_pDS410,0.5599002540111542,0.0023949103729345314,2,0.49038700967524196,0.00812430027872324,0.21212121212121213
adamson,200,random,UFM1_pDS040,0.551334947347641,0.000738960694941505,2,0.4986994674866872,0.007107503013685346,0.21212121212121213
adamson,200,random,YIPF5_pDS186,0.5627760887145996,0.0021908774792932934,2,0.5610102752568815,0.020634549669921398,0.25
adamson,200,string_ppi,AMIGO3_pDS434,0.42068353295326233,,1,0.342104680906302,0.010399742983281612,0.08108108108108109
adamson,200,string_ppi,ARHGAP22_pDS458,0.27581587433815,,1,0.3781129528238206,0.020163709297776222,0.1111111111111111
adamson,200,string_ppi,ASCC3_pDS052,0.1927131712436676,,1,0.30278118307254176,0.04440607130527496,0.21212121212121213
adamson,200,string_ppi,ATP5B_pDS055,0.6740516424179077,,1,0.5131330207504377,0.015460187569260597,0.3793103448275862
adamson,200,string_ppi,CAD_pDS468,-0.09539999067783356,,1,0.009313732843321083,0.08599911630153656,0.21212121212121213
adamson,200,string_ppi,CARS_pDS460,0.8523475527763367,,1,0.7916507912697819,0.21911731362342834,0.48148148148148145
adamson,200,string_ppi,CCND3_pDS006,-0.126687690615654,,1,0.0795799894997375,0.04084577038884163,0.1111111111111111
adamson,200,string_ppi,DAD1_pDS499,0.4547863006591797,,1,0.525668641716043,0.010997790843248367,0.1111111111111111
adamson,200,string_ppi,DARS_pDS495,0.746220588684082,,1,0.5782749568739219,0.017528869211673737,0.3793103448275862
adamson,200,string_ppi,DDRGK1_pDS041,0.5667394399642944,,1,0.5413125328133204,0.008017666637897491,0.1111111111111111
adamson,200,string_ppi,DERL2_pDS042,0.5720006227493286,,1,0.5497037425935649,0.011033580638468266,0.14285714285714285
adamson,200,string_ppi,DNAJC19_pDS026,0.8982921838760376,,1,0.8267891697292433,0.1161855161190033,0.5384615384615384
adamson,200,string_ppi,EIF2AK3_pBA572,0.5243068933486938,,1,0.5708762359845283,0.028633927926421165,0.2903225806451613
adamson,200,string_ppi,EIF2B4_pDS491,0.8590987324714661,,1,0.7792435233044588,0.04501712694764137,0.3793103448275862
adamson,200,string_ppi,GMPPB_pDS391,0.22240892052650452,,1,0.14574514362859073,0.012639517895877361,0.1111111111111111
adamson,200,string_ppi,GNPNAT1_pDS506,-0.13300977647304535,,1,-0.04622515562889073,0.014424844644963741,0.02564102564102564
adamson,200,string_ppi,Gal4-4(mod)_pBA582,0.4397849440574646,,1,0.4760939023475587,0.009598043747246265,0.08108108108108109
adamson,200,string_ppi,HARS_pDS466,0.836412787437439,,1,0.7595397733218014,0.0960078239440918,0.6
adamson,200,string_ppi,HSPA9_pDS088,0.7853803634643555,,1,0.7892822320558015,0.3171965479850769,0.5384615384615384
adamson,200,string_ppi,HYOU1_pDS089,0.3307174742221832,,1,0.48409960249006234,0.010522894561290741,0.17647058823529413
adamson,200,string_ppi,IARS2_pDS090,0.8547354936599731,,1,0.8194272929676168,0.13421225547790527,0.6
adamson,200,string_ppi,IDH3A_pDS393,0.226455956697464,,1,0.3106082652066302,0.01741587556898594,0.14285714285714285
adamson,200,string_ppi,IER3IP1_pDS002,0.5866953134536743,,1,0.6426565664141605,0.024908728897571564,0.14285714285714285
adamson,200,string_ppi,IER3IP1_pDS110,0.5773097276687622,,1,0.5962004050101253,0.017823075875639915,0.25
adamson,200,string_ppi,KCTD16_pDS096,0.3648907542228699,,1,0.36905572639315987,0.01087683904916048,0.17647058823529413
adamson,200,string_ppi,MRGBP_pDS124,-0.006543751806020737,,1,0.256423910597765,0.02048143371939659,0.25
adamson,200,string_ppi,MTHFD1_pDS395,0.13390862941741943,,1,0.14879621990549766,0.0623401440680027,0.21212121212121213
adamson,200,string_ppi,OST4_pDS353,0.49104204773902893,,1,0.515466329958159,0.008948002010583878,0.17647058823529413
adamson,200,string_ppi,P4HB_pDS397,0.16036218404769897,,1,0.21512937823445588,0.014207057654857635,0.17647058823529413
adamson,200,string_ppi,PDIA6_pDS029,0.04868747293949127,,1,0.2898372459311483,0.0420200452208519,0.08108108108108109
adamson,200,string_ppi,PSMD4_pDS488,-0.08065754175186157,,1,0.17720324653239322,0.11144161224365234,0.14285714285714285
adamson,200,string_ppi,QARS_pDS510,0.8716440200805664,,1,0.788407710192755,0.10711106657981873,0.5384615384615384
adamson,200,string_ppi,SAMM50_pDS156,0.8060927391052246,,1,0.6673411835295884,0.016822149977087975,0.5384615384615384
adamson,200,string_ppi,SEC61A1_pDS031,0.6390221118927002,,1,0.6499797494937374,0.04018222913146019,0.3793103448275862
adamson,200,string_ppi,SEC61A1_pDS032,0.5697859525680542,,1,0.5595994899872497,0.04958568513393402,0.3333333333333333
adamson,200,string_ppi,SEC61B_pDS033,0.41730302572250366,,1,0.3514467861696543,0.011326929554343224,0.17647058823529413
adamson,200,string_ppi,SEC61B_pDS162,0.3618643581867218,,1,0.29275631890797277,0.013467233628034592,0.14285714285714285
adamson,200,string_ppi,SEL1L_pDS373,0.36061638593673706,,1,0.3723858096452412,0.02624811977148056,0.17647058823529413
adamson,200,string_ppi,SLC39A7_pDS219,0.4426482319831848,,1,0.2866211655291383,0.013357770629227161,0.25
adamson,200,string_ppi,SLMO2_pDS433,0.8447222113609314,,1,0.8056806420160505,0.07553167641162872,0.48148148148148145
adamson,200,string_ppi,SOCS1_pDS479,0.4069387912750244,,1,0.48219605490137263,0.02104271575808525,0.2903225806451613
adamson,200,string_ppi,SPCS2_pDS401,0.4942297339439392,,1,0.46381609540238516,0.00951442401856184,0.14285714285714285
adamson,200,string_ppi,SRPR_pDS482,-0.20054122805595398,,1,-0.20275856896422415,0.02770712599158287,0.05263157894736842
adamson,200,string_ppi,STT3A_pDS011,0.4071357250213623,,1,0.38928223205580137,0.010024921968579292,0.08108108108108109
adamson,200,string_ppi,TIMM23_pDS284,0.7972407341003418,,1,0.6856116402910073,0.013639258220791817,0.3793103448275862
adamson,200,string_ppi,TMEM167A_pDS038,0.6471412181854248,,1,0.7277652170424337,0.01811615191400051,0.25
adamson,200,string_ppi,TTI2_pDS408,-0.1668272316455841,,1,0.06703667591689794,0.017736423760652542,0.1111111111111111
adamson,200,string_ppi,UFL1_pDS410,0.5570864677429199,,1,0.4778849471236781,0.009258445352315903,0.21212121212121213
adamson,200,string_ppi,UFM1_pDS040,0.5532901287078857,,1,0.495895897397435,0.008253693580627441,0.21212121212121213
adamson,200,string_ppi,YIPF5_pDS186,0.558901846408844,,1,0.5719777994449863,0.02052895538508892,0.25
adamson,500,combined,AMIGO3_pDS434,0.3756608267625173,0.00035414504896894987,3,0.3845064321665033,0.0076350923627614975,0.06211474632527264
adamson,500,combined,ARHGAP22_pDS458,0.3606616059939067,9.448108173994521e-05,3,0.4327844654588293,0.01274007341514031,0.08108108108108109
adamson,500,combined,ASCC3_pDS052,0.2594352066516876,0.00048125202952414473,3,0.407242404064889,0.026335618148247402,0.09109109109109109
adamson,500,combined,ATP5B_pDS055,0.6587585806846619,0.00038831004316544697,3,0.45854747423102044,0.010490302927792072,0.3333333333333333
adamson,500,combined,CAD_pDS468,-0.0994469424088796,0.00024845871336001777,3,0.0880319904662654,0.05723213652769724,0.2903225806451613
adamson,500,combined,CARS_pDS460,0.8488637804985046,3.0289307061608475e-05,3,0.8185312974146929,0.15731222927570343,0.3333333333333333
adamson,500,combined,CCND3_pDS006,0.021409886578718822,0.0004236236902259691,3,0.2333406461631118,0.025722851355870564,0.14285714285714285
adamson,500,combined,DAD1_pDS499,0.45698510607083637,0.0004984980162563604,3,0.5568724275845266,0.007180045669277509,0.06211474632527264
adamson,500,combined,DARS_pDS495,0.7117897073427836,0.00022142609970609317,3,0.5280912939388965,0.011684623857339224,0.25
adamson,500,combined,DDRGK1_pDS041,0.5430873235066732,0.0005463440694345133,3,0.554684605300578,0.005830375322451194,0.09109109109109109
adamson,500,combined,DERL2_pDS042,0.5597983598709106,0.0006364790611570725,3,0.5491657138428326,0.007560794086505969,0.16526610644257703
adamson,500,combined,DNAJC19_pDS026,0.8882612784703573,0.00046775333276630687,3,0.7973539890984408,0.06984344869852066,0.42857142857142855
adamson,500,combined,EIF2AK3_pBA572,0.4479466676712036,0.0011163672338354456,3,0.560475439353168,0.02701742574572563,0.14285714285714285
adamson,500,combined,EIF2B4_pDS491,0.8489738901456197,0.00024475312048012084,3,0.7323832254188941,0.025262851268053055,0.3333333333333333
adamson,500,combined,GMPPB_pDS391,0.1966197987397512,0.0019542652462931714,3,0.2501232745019744,0.008959564380347729,0.06211474632527264
adamson,500,combined,GNPNAT1_pDS506,-0.1196086307366689,0.00031960816622493755,3,0.05898656019327325,0.011087261450787386,0.025641025641025644
adamson,500,combined,Gal4-4(mod)_pBA582,0.36744946241378784,8.383749255228306e-05,3,0.41857618444222416,0.007039414873967568,0.0346378767431399
adamson,500,combined,HARS_pDS466,0.7978495558102926,0.0005748005814383055,3,0.7174479774481659,0.0761629045009613,0.48148148148148145
adamson,500,combined,HSPA9_pDS088,0.8289539416631063,0.0004669903769060398,3,0.803398826721598,0.16796683271725973,0.31899641577060933
adamson,500,combined,HYOU1_pDS089,0.3720519542694092,0.00022000076001461015,3,0.5080322889002578,0.006968667730689049,0.06211474632527264
adamson,500,combined,IARS2_pDS090,0.8638391296068827,0.00019639728041567425,3,0.8119276741694913,0.07895355423291524,0.42857142857142855
adamson,500,combined,IDH3A_pDS393,0.2808419664700826,0.00042783510717107654,3,0.31597151146936225,0.010708069118360678,0.09109109109109109
adamson,500,combined,IER3IP1_pDS002,0.5914048155148824,0.0007050589877822043,3,0.6164630406472758,0.01361141229669253,0.15406162464985995
adamson,500,combined,IER3IP1_pDS110,0.5398366451263428,0.0013330002106942667,3,0.5598368665278941,0.011011254663268724,0.22474747474747478
adamson,500,combined,KCTD16_pDS096,0.3505035837491353,0.0008389204926240619,3,0.45633295713979455,0.007878621729711691,0.05263157894736842
adamson,500,combined,MRGBP_pDS124,0.10603472590446472,0.0004831088786622762,3,0.3163219424298605,0.01459877317150434,0.1111111111111111
adamson,500,combined,MTHFD1_pDS395,0.13585744301478067,0.0003023781823292278,3,0.23159243660262138,0.03990394373734792,0.1111111111111111
adamson,500,combined,OST4_pDS353,0.4651673634847005,0.0007314637767867925,3,0.5063583178910718,0.006341919302940369,0.14285714285714285
adamson,500,combined,P4HB_pDS397,0.11206816633542378,0.0011177625181013583,3,0.3402820497952776,0.011187135552366575,0.12169312169312169
adamson,500,combined,PDIA6_pDS029,0.07144616544246674,0.00012767308280322402,3,0.3261726878314763,0.02097408411403497,0.05263157894736842
adamson,500,combined,PSMD4_pDS488,0.07794650395711263,0.0001085677194775809,3,0.34778388086959167,0.07780145357052486,0.14285714285714285
adamson,500,combined,QARS_pDS510,0.8708027799924215,0.00033982952640692964,3,0.7941454417602408,0.06975238521893819,0.48148148148148145
adamson,500,combined,SAMM50_pDS156,0.7453575134277344,0.00013576132551321025,3,0.6085288605342156,0.012292088009417057,0.3639846743295019
adamson,500,combined,SEC61A1_pDS031,0.6964172522226969,0.0001319820917507921,3,0.671827632425314,0.024861811970671017,0.37931034482758613
adamson,500,combined,SEC61A1_pDS032,0.6392443378766378,0.0008290374887749973,3,0.6162095307832713,0.03051108680665493,0.2903225806451613
adamson,500,combined,SEC61B_pDS033,0.39726338783899945,0.0014633106387264593,3,0.4053435162870446,0.00797662977129221,0.07159791370317686
adamson,500,combined,SEC61B_pDS162,0.35322673122088116,0.0017104875930862417,3,0.3114209449507112,0.00934145941088597,0.05263157894736842
adamson,500,combined,SEL1L_pDS373,0.3477372427781423,0.0015998002164429733,3,0.4178944016070722,0.013712899138530096,0.043634727845254156
adamson,500,combined,SLC39A7_pDS219,0.3699820240338643,0.0003074175085956964,3,0.31215514207918765,0.009920446512599787,0.12169312169312169
adamson,500,combined,SLMO2_pDS433,0.8528591990470886,0.00015152671880874926,3,0.7319377948841944,0.040894766648610435,0.3333333333333333
adamson,500,combined,SOCS1_pDS479,0.4092718263467153,0.0013128894735620952,3,0.48324355456129514,0.011502910094956556,0.1111111111111111
adamson,500,combined,SPCS2_pDS401,0.48094330231348675,0.0005563748149338332,3,0.4933489209168072,0.00667302031069994,0.08108108108108109
adamson,500,combined,SRPR_pDS482,-0.11085962255795796,0.00037642508745244763,3,0.03543657714822016,0.01784450188279152,0.08108108108108109
adamson,500,combined,STT3A_pDS011,0.35711004336675006,0.0003215567813392624,3,0.42371992755682525,0.00808624674876531,0.05263157894736842
adamson,500,combined,TIMM23_pDS284,0.7639483213424683,0.0004971055818609005,3,0.5956268185725883,0.008420299738645554,0.30465949820788535
adamson,500,combined,TMEM167A_pDS038,0.6372090180714926,0.0017236613533057848,3,0.7222190902091782,0.010519036091864109,0.17647058823529413
adamson,500,combined,TTI2_pDS408,-0.006528988480567932,0.0007847950617006548,3,0.26535549979053125,0.011033666941026846,0.05263157894736842
adamson,500,combined,UFL1_pDS410,0.5199552575747172,0.0004066729749480778,3,0.4678202491024928,0.006783278038104375,0.08108108108108109
adamson,500,combined,UFM1_pDS040,0.4940791130065918,0.00024335311490765728,3,0.4894127768888288,0.006507469806820154,0.05263157894736842
adamson,500,combined,YIPF5_pDS186,0.534394363562266,0.0017193016686502037,3,0.5446882310429969,0.01185695081949234,0.21212121212121213
adamson,500,gene_ontology,AMIGO3_pDS434,0.3760942816734314,0.0022582281432137023,2,0.3865203204637231,0.007646538782864809,0.05263157894736842
adamson,500,gene_ontology,ARHGAP22_pDS458,0.3605789840221405,3.67099050529887e-05,2,0.43269539308971344,0.012691854499280453,0.08108108108108109
adamson,500,gene_ontology,ASCC3_pDS052,0.2592124789953232,5.670858467140792e-05,2,0.407258964132719,0.026250089518725872,0.1111111111111111
adamson,500,gene_ontology,ATP5B_pDS055,0.6582326889038086,0.001236504241612609,2,0.458755131101518,0.01050888653844595,0.3333333333333333
adamson,500,gene_ontology,CAD_pDS468,-0.09831992536783218,0.00048305556749548423,2,0.08736637975589859,0.05696098692715168,0.2903225806451613
adamson,500,gene_ontology,CARS_pDS460,0.8488025665283203,7.982613107963329e-05,2,0.8186574019251638,0.15742313861846924,0.3333333333333333
adamson,500,gene_ontology,CCND3_pDS006,0.02120305597782135,0.00034677373283550835,2,0.23329393397289971,0.025679941289126873,0.14285714285714285
adamson,500,gene_ontology,DAD1_pDS499,0.4578111469745636,0.0013658950665410537,2,0.5570335802407402,0.0071185987908393145,0.06685633001422475
adamson,500,gene_ontology,DARS_pDS495,0.711810976266861,7.127032083192181e-05,2,0.5284128750153186,0.011685567442327738,0.25
adamson,500,gene_ontology,DDRGK1_pDS041,0.5429604053497314,7.080670549830197e-06,2,0.5542930836875088,0.005770445801317692,0.08108108108108109
adamson,500,gene_ontology,DERL2_pDS042,0.5599593818187714,0.0005781283210239335,2,0.5503275905182243,0.007568327477201819,0.15966386554621848
adamson,500,gene_ontology,DNAJC19_pDS026,0.8880733847618103,0.00019109381114839355,2,0.7966934103768566,0.06987547129392624,0.40394088669950734
adamson,500,gene_ontology,EIF2AK3_pBA572,0.4470241218805313,0.0015603816989945743,2,0.559918557112274,0.027002827264368534,0.14285714285714285
adamson,500,gene_ontology,EIF2B4_pDS491,0.8490390479564667,9.74013669086761e-05,2,0.728320416680122,0.025253435596823692,0.3333333333333333
adamson,500,gene_ontology,GMPPB_pDS391,0.19672463834285736,0.00027819027359615603,2,0.250036858150087,0.008880977053195238,0.05263157894736842
adamson,500,gene_ontology,GNPNAT1_pDS506,-0.11966250836849213,3.4771150021487578e-06,2,0.05884876763218194,0.01100489404052496,0.02564102564102564
adamson,500,gene_ontology,Gal4-4(mod)_pBA582,0.36708053946495056,0.001350258585743512,2,0.4177192049526036,0.00704482919536531,0.02564102564102564
adamson,500,gene_ontology,HARS_pDS466,0.797813355922699,0.00067932290429859,2,0.7175141217175054,0.07637873664498329,0.48148148148148145
adamson,500,gene_ontology,HSPA9_pDS088,0.8278337121009827,0.00021806779419536573,2,0.8027688961414023,0.16857542097568512,0.3118279569892473
adamson,500,gene_ontology,HYOU1_pDS089,0.37164589762687683,0.0004415725318486368,2,0.5052502375049752,0.006922458531334996,0.05263157894736842
adamson,500,gene_ontology,IARS2_pDS090,0.8631782829761505,0.00031521628001297645,2,0.8113903119813525,0.07941218093037605,0.3793103448275862
adamson,500,gene_ontology,IDH3A_pDS393,0.2816365212202072,0.00013640827520550853,2,0.31599374355882415,0.010661470238119364,0.0960960960960961
adamson,500,gene_ontology,IER3IP1_pDS002,0.5919205844402313,0.00010465062485254988,2,0.616872154293549,0.01355613162741065,0.15966386554621848
adamson,500,gene_ontology,IER3IP1_pDS110,0.5394239723682404,0.0009840867658808647,2,0.5593548725420789,0.010973030235618353,0.21212121212121213
adamson,500,gene_ontology,KCTD16_pDS096,0.3514486998319626,0.0012912740712525158,2,0.4599117957987177,0.0077862790785729885,0.05263157894736842
adamson,500,gene_ontology,MRGBP_pDS124,0.10679925605654716,0.0029199283964786746,2,0.3165590634181808,0.014529513195157051,0.1111111111111111
adamson,500,gene_ontology,MTHFD1_pDS395,0.1355072632431984,0.0003507776834440433,2,0.23191006990364738,0.03981927968561649,0.1111111111111111
adamson,500,gene_ontology,OST4_pDS353,0.46634696424007416,0.00030069669070097345,2,0.5054794023121275,0.006313502788543701,0.15966386554621848
adamson,500,gene_ontology,P4HB_pDS397,0.11277405917644501,0.0008102099423491715,2,0.33766722308494734,0.0111481505446136,0.12698412698412698
adamson,500,gene_ontology,PDIA6_pDS029,0.07161575183272362,5.496475881426968e-05,2,0.32649993717974357,0.02085760608315468,0.05263157894736842
adamson,500,gene_ontology,PSMD4_pDS488,0.07804865390062332,0.0004913058130914917,2,0.3473735671790993,0.07778549939393997,0.14285714285714285
adamson,500,gene_ontology,QARS_pDS510,0.8704338073730469,0.0009773854169676326,2,0.7941630418319083,0.06991428136825562,0.48148148148148145
adamson,500,gene_ontology,SAMM50_pDS156,0.7443749904632568,0.0012606965326578622,2,0.6100817548948709,0.01232830947265029,0.3563218390804598
adamson,500,gene_ontology,SEC61A1_pDS031,0.6971845924854279,0.00025696933537092093,2,0.672158305819433,0.024937419220805168,0.40394088669950734
adamson,500,gene_ontology,SEC61A1_pDS032,0.6389316618442535,0.0004050733610382025,2,0.6164283076846322,0.0305571760982275,0.2903225806451613
adamson,500,gene_ontology,SEC61B_pDS033,0.3972857743501663,0.0014304851118839988,2,0.4060170070456628,0.007965702563524246,0.06685633001422475
adamson,500,gene_ontology,SEC61B_pDS162,0.3538600951433182,0.00259116717302551,2,0.31256205376162594,0.00930625619366765,0.06685633001422475
adamson,500,gene_ontology,SEL1L_pDS373,0.3489666283130646,0.0013398904610098321,2,0.4176592566608489,0.01367013668641448,0.05263157894736842
adamson,500,gene_ontology,SLC39A7_pDS219,0.369837149977684,0.0005892761624550649,2,0.311521115466998,0.009929288644343615,0.12698412698412698
adamson,500,gene_ontology,SLMO2_pDS433,0.8520850539207458,0.0002393098058448563,2,0.731325344404995,0.0412079356610775,0.2903225806451613
adamson,500,gene_ontology,SOCS1_pDS479,0.4092817157506943,0.0013097343909002875,2,0.4830310896808406,0.011494847014546394,0.1111111111111111
adamson,500,gene_ontology,SPCS2_pDS401,0.4802874028682709,0.0004479367059737818,2,0.49194754721041356,0.006607504095882177,0.0960960960960961
adamson,500,gene_ontology,SRPR_pDS482,-0.11071263626217842,8.467828701444997e-05,2,0.03573595437446929,0.017653340473771095,0.08108108108108109
adamson,500,gene_ontology,STT3A_pDS011,0.35763250291347504,0.00019756335239481577,2,0.4238871922419414,0.007992420345544815,0.06685633001422475
adamson,500,gene_ontology,TIMM23_pDS284,0.7637161612510681,0.0005665379376834376,2,0.5954722899285129,0.00842688838019967,0.3118279569892473
adamson,500,gene_ontology,TMEM167A_pDS038,0.6361434757709503,0.0023412152879316527,2,0.722089809670337,0.010491918306797743,0.17647058823529413
adamson,500,gene_ontology,TTI2_pDS408,-0.005622999742627144,0.0011896132384662075,2,0.264619400828469,0.01089033205062151,0.05263157894736842
adamson,500,gene_ontology,UFL1_pDS410,0.5198746621608734,0.0007790844947238762,2,0.46657841989674476,0.006750412052497268,0.08108108108108109
adamson,500,gene_ontology,UFM1_pDS040,0.49417074024677277,2.9481720533370376e-05,2,0.48909033557584775,0.006441447651013732,0.05263157894736842
adamson,500,gene_ontology,YIPF5_pDS186,0.5344669222831726,0.0016090823824489123,2,0.5450666645930606,0.011818761471658945,0.23106060606060608
adamson,500,no_graph,AMIGO3_pDS434,0.35506875813007355,0.000834233646000381,2,0.3719302283525435,0.007998819462954998,0.02564102564102564
adamson,500,no_graph,ARHGAP22_pDS458,0.37337785959243774,0.000352010478762987,2,0.4285052877259168,0.01260259561240673,0.1111111111111111
adamson,500,no_graph,ASCC3_pDS052,0.22168269008398056,0.0005332946109204699,2,0.3685594536195237,0.02753961831331253,0.08108108108108109
adamson,500,no_graph,ATP5B_pDS055,0.6188052296638489,0.0017372088019220302,2,0.41037474429093557,0.011477448511868715,0.3793103448275862
adamson,500,no_graph,CAD_pDS468,-0.09237190335988998,0.00022431606448710577,2,0.07762188407631215,0.057116519659757614,0.2903225806451613
adamson,500,no_graph,CARS_pDS460,0.8301423788070679,0.0009892708282477048,2,0.7645267188041586,0.15799203515052795,0.3333333333333333
adamson,500,no_graph,CCND3_pDS006,0.0613287016749382,0.0007722777786893668,2,0.23110927707697684,0.024948179721832275,0.14285714285714285
adamson,500,no_graph,DAD1_pDS499,0.4465526342391968,0.0005700782729583527,2,0.5126013593127364,0.0074511440470814705,0.02564102564102564
adamson,500,no_graph,DARS_pDS495,0.6870182454586029,7.742376071451233e-05,2,0.5008360433843042,0.012308775447309017,0.25
adamson,500,no_graph,DDRGK1_pDS041,0.5277270078659058,2.747974522910291e-05,2,0.5571980076557956,0.006138825789093971,0.05263157894736842
adamson,500,no_graph,DERL2_pDS042,0.5978386998176575,0.000327312425535603,2,0.571757828753503,0.00699797342531383,0.21212121212121213
adamson,500,no_graph,DNAJC19_pDS026,0.8578301668167114,0.0022524961718162206,2,0.7455576476975139,0.07103788107633591,0.3793103448275862
adamson,500,no_graph,EIF2AK3_pBA572,0.46791867911815643,0.002008191964422823,2,0.5619063171110201,0.02635797206312418,0.15966386554621848
adamson,500,no_graph,EIF2B4_pDS491,0.8195869326591492,0.0006267236373569943,2,0.6632275404974717,0.026200725696980953,0.3333333333333333
adamson,500,no_graph,GMPPB_pDS391,0.15308622270822525,0.0012419727952068976,2,0.172761175483507,0.009584171697497368,0.02564102564102564
adamson,500,no_graph,GNPNAT1_pDS506,-0.13525709509849548,0.0003448033676676241,2,0.02170129636767886,0.011430982034653425,0.05263157894736842
adamson,500,no_graph,Gal4-4(mod)_pBA582,0.40630488097667694,0.00020418040761102614,2,0.43092393872227963,0.006923043867573142,0.05263157894736842
adamson,500,no_graph,HARS_pDS466,0.7816708385944366,0.00041881323365275397,2,0.6525711292696401,0.0767379142343998,0.48148148148148145
adamson,500,no_graph,HSPA9_pDS088,0.7951536476612091,0.0007020400556459619,2,0.7465796979904464,0.16988768428564072,0.2903225806451613
adamson,500,no_graph,HYOU1_pDS089,0.348965048789978,0.00023197625420396075,2,0.4658177879896618,0.007298739859834313,0.1111111111111111
adamson,500,no_graph,IARS2_pDS090,0.8311423063278198,0.003555339552984977,2,0.749278371061529,0.08062852546572685,0.3793103448275862
adamson,500,no_graph,IDH3A_pDS393,0.27256105840206146,0.0004791464472960988,2,0.28597555076561637,0.010990995913743973,0.08108108108108109
adamson,500,no_graph,IER3IP1_pDS002,0.5708049833774567,3.932300966066413e-05,2,0.605810821782747,0.014124814420938492,0.1111111111111111
adamson,500,no_graph,IER3IP1_pDS110,0.5041404068470001,0.00037464333641333705,2,0.5522937314501775,0.011841080151498318,0.17647058823529413
adamson,500,no_graph,KCTD16_pDS096,0.35380446910858154,0.00020643526400635897,2,0.46998722906769247,0.007996610831469297,0.02564102564102564
adamson,500,no_graph,MRGBP_pDS124,0.10306976735591888,0.00036066111941984795,2,0.2949912535235488,0.014835981652140617,0.1111111111111111
adamson,500,no_graph,MTHFD1_pDS395,0.13891170173883438,0.00012632464169927714,2,0.2061474763800642,0.039955705404281616,0.08108108108108109
adamson,500,no_graph,OST4_pDS353,0.43778593838214874,0.0003238774573819652,2,0.4619013928624729,0.006771615473553538,0.14285714285714285
adamson,500,no_graph,P4HB_pDS397,0.11269774287939072,0.00017357125887998935,2,0.3522116666589883,0.011351714376360178,0.1111111111111111
adamson,500,no_graph,PDIA6_pDS029,0.059671277180314064,0.0001398353408250506,2,0.3138117809045396,0.021393336355686188,0.02564102564102564
adamson,500,no_graph,PSMD4_pDS488,0.10117317363619804,0.00048085866301685384,2,0.34901656594825425,0.07682442665100098,0.14285714285714285
adamson,500,no_graph,QARS_pDS510,0.861542820930481,0.000888961328791777,2,0.7465755760557475,0.06982911750674248,0.48148148148148145
adamson,500,no_graph,SAMM50_pDS156,0.7013001143932343,0.0005223258935955098,2,0.5519901649517183,0.01345971180126071,0.3333333333333333
adamson,500,no_graph,SEC61A1_pDS031,0.6674535870552063,2.1073424255447017e-06,2,0.6106979827027094,0.025783998891711235,0.3793103448275862
adamson,500,no_graph,SEC61A1_pDS032,0.6189937591552734,0.00016976750580188115,2,0.5606656139423335,0.03118397854268551,0.3333333333333333
adamson,500,no_graph,SEC61B_pDS033,0.3594135195016861,0.0001012578035474229,2,0.36045243641318125,0.008619381580501795,0.02564102564102564
adamson,500,no_graph,SEC61B_pDS162,0.30912376940250397,0.0027984032271535756,2,0.25694949929909505,0.010146400425583124,0.02564102564102564
adamson,500,no_graph,SEL1L_pDS373,0.31925269961357117,0.00044882178979251054,2,0.3982096503956333,0.014425769448280334,0.0
adamson,500,no_graph,SLC39A7_pDS219,0.35138024389743805,8.0142232443465e-05,2,0.3063216620452499,0.010369915049523115,0.08108108108108109
adamson,500,no_graph,SLMO2_pDS433,0.8201469480991364,0.00266119416182636,2,0.6811287092090157,0.04223741590976715,0.2903225806451613
adamson,500,no_graph,SOCS1_pDS479,0.3822149336338043,0.00011485016219218624,2,0.45467036415399376,0.012143435887992382,0.05263157894736842
adamson,500,no_graph,SPCS2_pDS401,0.4756424278020859,0.000664803314986587,2,0.49834558926324074,0.006840988760814071,0.08108108108108109
adamson,500,no_graph,SRPR_pDS482,-0.11668488010764122,0.00010133682888838083,2,-0.008892420423354095,0.01811907347291708,0.05263157894736842
adamson,500,no_graph,STT3A_pDS011,0.34786295890808105,0.0008040775758908364,2,0.4236896474327978,0.0083207911811769,0.02564102564102564
adamson,500,no_graph,TIMM23_pDS284,0.7238861620426178,0.00020807899109828384,2,0.5292555099369729,0.009381999727338552,0.2903225806451613
adamson,500,no_graph,TMEM167A_pDS038,0.6101443469524384,0.0016229486956089965,2,0.7112723885833256,0.011137064546346664,0.14285714285714285
adamson,500,no_graph,TTI2_pDS408,-0.016048001125454903,0.0012581387457888573,2,0.24535531530978888,0.011296899523586035,0.05263157894736842
adamson,500,no_graph,UFL1_pDS410,0.4919629991054535,0.00013331048183995784,2,0.4802505092101434,0.007273951545357704,0.05263157894736842
adamson,500,no_graph,UFM1_pDS040,0.46580109000205994,0.00026742175380162263,2,0.4926224059584383,0.006946710404008627,0.0
adamson,500,no_graph,YIPF5_pDS186,0.5049902498722076,0.0018131995697871722,2,0.534436253050895,0.012545052450150251,0.17647058823529413
adamson,500,random,AMIGO3_pDS434,0.3736108988523483,0.0042071194917816974,2,0.382959233792046,0.007069689920172095,0.06837606837606837
adamson,500,random,ARHGAP22_pDS458,0.3600618988275528,0.0003527059017634167,2,0.4326352968406746,0.012897884473204613,0.0960960960960961
adamson,500,random,ASCC3_pDS052,0.25593602657318115,0.001212311950567356,2,0.3881234697537339,0.026074647903442383,0.08187134502923976
adamson,500,random,ATP5B_pDS055,0.6590224206447601,0.0012169059570550434,2,0.45599946354975956,0.010521655436605215,0.3563218390804598
adamson,500,random,CAD_pDS468,-0.09996210038661957,0.0012653221492819329,2,0.08415197466684106,0.05688580311834812,0.2903225806451613
adamson,500,random,CARS_pDS460,0.8480411469936371,0.00031530057370999826,2,0.8138181903360353,0.15865162760019302,0.3333333333333333
adamson,500,random,CCND3_pDS006,0.0202527716755867,0.0031110801595437706,2,0.2282575854648886,0.02572414092719555,0.14285714285714285
adamson,500,random,DAD1_pDS499,0.45368093252182007,0.0072366138893205055,2,0.5409820268788148,0.007055705413222313,0.09774436090225563
adamson,500,random,DARS_pDS495,0.7101843059062958,0.0013150238203884046,2,0.5222360420114986,0.011843967717140913,0.25
adamson,500,random,DDRGK1_pDS041,0.5436276197433472,5.057621821307284e-05,2,0.5490525420964774,0.0054539216216653585,0.0960960960960961
adamson,500,random,DERL2_pDS042,0.5608700513839722,0.0034223240990845956,2,0.5283703341622248,0.007006270345300436,0.17647058823529413
adamson,500,random,DNAJC19_pDS026,0.8880764245986938,0.000330515586022431,2,0.795304404654153,0.07098579034209251,0.42857142857142855
adamson,500,random,EIF2AK3_pBA572,0.4503152519464493,0.0015642170622090657,2,0.5566618160071477,0.02818971499800682,0.15966386554621848
adamson,500,random,EIF2B4_pDS491,0.8466622233390808,0.0033148496353818157,2,0.7281182878473512,0.026224744506180286,0.3333333333333333
adamson,500,random,GMPPB_pDS391,0.19457785785198212,0.0018149486640003743,2,0.2501539546269039,0.00866863364353776,0.0960960960960961
adamson,500,random,GNPNAT1_pDS506,-0.11909803748130798,0.0005801829798888395,2,0.05250623780540048,0.010703135747462511,0.01282051282051282
adamson,500,random,Gal4-4(mod)_pBA582,0.3692122995853424,0.004792138822537162,2,0.41398274973775795,0.006735504837706685,0.039136302294197026
adamson,500,random,HARS_pDS466,0.7971417903900146,0.0004944668267298088,2,0.7172068964664843,0.07600634172558784,0.48148148148148145
adamson,500,random,HSPA9_pDS088,0.8297656774520874,0.001104921780561598,2,0.8025701513273436,0.1690364107489586,0.3118279569892473
adamson,500,random,HYOU1_pDS089,0.37143537402153015,0.00035778459700897946,2,0.5017621112176098,0.0064691409934312105,0.06685633001422475
adamson,500,random,IARS2_pDS090,0.8618896901607513,0.0001200763714075371,2,0.7979977054466585,0.0796692818403244,0.38095238095238093
adamson,500,random,IDH3A_pDS393,0.2795490175485611,0.002106731296241294,2,0.3168147868627024,0.01029674569144845,0.08108108108108109
adamson,500,random,IER3IP1_pDS002,0.588843584060669,0.0060999133849816934,2,0.6164519366025931,0.013380508404225111,0.1437908496732026
adamson,500,random,IER3IP1_pDS110,0.5396533310413361,6.570693682848379e-05,2,0.5583499884019563,0.010869515128433704,0.21323529411764708
adamson,500,random,KCTD16_pDS096,0.3519939184188843,0.0011151213179012344,2,0.4571441764625489,0.007256896235048771,0.05263157894736842
adamson,500,random,MRGBP_pDS124,0.1041693165898323,0.004752562931785433,2,0.3179020610157948,0.014131140429526567,0.1111111111111111
adamson,500,random,MTHFD1_pDS395,0.13790035247802734,0.0020834451624390246,2,0.2229531372160511,0.0403674878180027,0.0960960960960961
adamson,500,random,OST4_pDS353,0.46621476113796234,0.0030144058257719074,2,0.5021838528926503,0.006023728987202048,0.15966386554621848
adamson,500,random,P4HB_pDS397,0.10993067547678947,0.005419953009599376,2,0.3382721215626115,0.010522325523197651,0.11196911196911197
adamson,500,random,PDIA6_pDS029,0.07213078811764717,0.0005703891059661206,2,0.32248284862933874,0.020920232869684696,0.06837606837606837
adamson,500,random,PSMD4_pDS488,0.08199704065918922,0.00034015140926323416,2,0.3450173814716142,0.07691750302910805,0.14285714285714285
adamson,500,random,QARS_pDS510,0.870817095041275,0.0019501768274475778,2,0.781001196236873,0.0713658295571804,0.43039591315453385
adamson,500,random,SAMM50_pDS156,0.7420284152030945,0.004596872473386191,2,0.604677532759177,0.01268654502928257,0.3793103448275862
adamson,500,random,SEC61A1_pDS031,0.6966394484043121,0.00015505825567157914,2,0.672117697648229,0.025310630910098553,0.3793103448275862
adamson,500,random,SEC61A1_pDS032,0.6390626430511475,0.0021734286840097835,2,0.614920789473657,0.03142280038446188,0.2701612903225806
adamson,500,random,SEC61B_pDS033,0.3960871994495392,0.00141474326396518,2,0.4038726750309515,0.007558064302429557,0.02631578947368421
adamson,500,random,SEC61B_pDS162,0.3539104759693146,0.0018123566328169542,2,0.31267651024417453,0.00904196361079812,0.08187134502923976
adamson,500,random,SEL1L_pDS373,0.34528015553951263,0.005009511193732098,2,0.4101845225825189,0.013218140229582787,0.039136302294197026
adamson,500,random,SLC39A7_pDS219,0.36891359090805054,0.0012140821182048136,2,0.2964622294243874,0.009643427561968565,0.1437908496732026
adamson,500,random,SLMO2_pDS433,0.8515297174453735,0.0011349303367013544,2,0.7197675456190253,0.04222511686384678,0.3118279569892473
adamson,500,random,SOCS1_pDS479,0.410209059715271,0.0017262506213091978,2,0.4830632018139133,0.011084149591624737,0.1111111111111111
adamson,500,random,SPCS2_pDS401,0.4773248881101608,0.0017558587823881008,2,0.48230080392887487,0.007310711545869708,0.06685633001422475
adamson,500,random,SRPR_pDS482,-0.10940879583358765,0.0009156508206113005,2,0.027461632482846776,0.016835680231451988,0.06685633001422475
adamson,500,random,STT3A_pDS011,0.35608112812042236,0.005095132516481979,2,0.41388248726266974,0.007822454674169421,0.039136302294197026
adamson,500,random,TIMM23_pDS284,0.7609754204750061,0.003746264776739327,2,0.5905272613176336,0.008654624223709106,0.3118279569892473
adamson,500,random,TMEM167A_pDS038,0.6374902129173279,0.0016073965085084765,2,0.721790072421032,0.010898857843130827,0.14285714285714285
adamson,500,random,TTI2_pDS408,-0.007901197299361229,0.004419173457530165,2,0.24745808377132916,0.011500269640237093,0.05263157894736842
adamson,500,random,UFL1_pDS410,0.5192906558513641,5.390581924543347e-05,2,0.46328440608823884,0.006162333535030484,0.08108108108108109
adamson,500,random,UFM1_pDS040,0.49340173602104187,0.002897764422518008,2,0.48776500217909013,0.006153564201667905,0.039136302294197026
adamson,500,random,YIPF5_pDS186,0.5313290357589722,0.005075744966166969,2,0.5369501673478879,0.012115265242755413,0.15966386554621848
adamson,500,string_ppi,AMIGO3_pDS434,0.37397301197052,7.459992186428244e-05,2,0.38256217615616855,0.007704016752541065,0.039136302294197026
adamson,500,string_ppi,ARHGAP22_pDS458,0.3614611178636551,0.0002735119734114468,2,0.4326371688484322,0.012731886468827724,0.08108108108108109
adamson,500,string_ppi,ASCC3_pDS052,0.26029784977436066,0.0016413036481354908,2,0.40413523133790946,0.02616988029330969,0.0960960960960961
adamson,500,string_ppi,ATP5B_pDS055,0.6586361527442932,0.0002733644594416587,2,0.4585544902604316,0.010503130033612251,0.3333333333333333
adamson,500,string_ppi,CAD_pDS468,-0.09880302101373672,0.00040400915311330246,2,0.08602943031184046,0.05712813884019852,0.2903225806451613
adamson,500,string_ppi,CARS_pDS460,0.8489424884319305,7.818240398770843e-05,2,0.819013011364671,0.1575847789645195,0.3333333333333333
adamson,500,string_ppi,CCND3_pDS006,0.021912556141614914,0.001833287811458677,2,0.23297166066060282,0.025621351785957813,0.14285714285714285
adamson,500,string_ppi,DAD1_pDS499,0.4557557702064514,4.138820523769794e-05,2,0.5547636269974906,0.007103431038558483,0.05263157894736842
adamson,500,string_ppi,DARS_pDS495,0.711654782295227,0.0002653565582245888,2,0.5286755800787488,0.0116948620416224,0.25
adamson,500,string_ppi,DDRGK1_pDS041,0.542992502450943,0.00043887513354393955,2,0.5537782815665241,0.005761113250628114,0.08108108108108109
adamson,500,string_ppi,DERL2_pDS042,0.5597202777862549,0.0007749119567212977,2,0.5495952515712925,0.007616913877427578,0.14285714285714285
adamson,500,string_ppi,DNAJC19_pDS026,0.8881434500217438,5.4917343609694926e-05,2,0.7981061761974517,0.07012990862131119,0.40394088669950734
adamson,500,string_ppi,EIF2AK3_pBA572,0.4454018622636795,0.0006620637698333789,2,0.5574200750583822,0.027149011380970478,0.14285714285714285
adamson,500,string_ppi,EIF2B4_pDS491,0.8486792743206024,0.0007530377423441436,2,0.732691506689013,0.02523884456604719,0.3333333333333333
adamson,500,string_ppi,GMPPB_pDS391,0.19732992351055145,0.0011497028071044229,2,0.24978106510849776,0.00883182929828763,0.05263157894736842
adamson,500,string_ppi,GNPNAT1_pDS506,-0.11861991882324219,9.517812064972645e-05,2,0.060101092731649756,0.011023327242583036,0.02564102564102564
adamson,500,string_ppi,Gal4-4(mod)_pBA582,0.3671194612979889,0.0003325807815994648,2,0.41952434830314733,0.007017388707026839,0.039136302294197026
adamson,500,string_ppi,HARS_pDS466,0.7991175651550293,0.0006758668627206966,2,0.7165913179598487,0.07622335478663445,0.48148148148148145
adamson,500,string_ppi,HSPA9_pDS088,0.8285780847072601,0.00037253599398779237,2,0.8040420053560576,0.16830205917358398,0.3333333333333333
adamson,500,string_ppi,HYOU1_pDS089,0.37142209708690643,0.0007097318554992,2,0.5061888573495621,0.007001918740570545,0.06685633001422475
adamson,500,string_ppi,IARS2_pDS090,0.8631561994552612,0.0006667631434423436,2,0.8122101793198524,0.07957008481025696,0.3793103448275862
adamson,500,string_ppi,IDH3A_pDS393,0.2818603813648224,7.219755149916147e-05,2,0.3162575286202952,0.010633314494043589,0.0960960960960961
adamson,500,string_ppi,IER3IP1_pDS002,0.592155933380127,0.0015537014235055976,2,0.6150909151258426,0.013628826010972261,0.14285714285714285
adamson,500,string_ppi,IER3IP1_pDS110,0.5400663018226624,0.00017271778519764374,2,0.5586005254341688,0.010977790225297213,0.21212121212121213
adamson,500,string_ppi,KCTD16_pDS096,0.35116198658943176,9.841289127293757e-05,2,0.4603815737229281,0.00781869818456471,0.05263157894736842
adamson,500,string_ppi,MRGBP_pDS124,0.10509001463651657,0.00014722947856068058,2,0.3162691422097892,0.014566018711775541,0.1111111111111111
adamson,500,string_ppi,MTHFD1_pDS395,0.13508320599794388,8.074282503474524e-05,2,0.2312052350166437,0.03979899734258652,0.1111111111111111
adamson,500,string_ppi,OST4_pDS353,0.46525314450263977,0.0006181256802607718,2,0.5045963907165043,0.006309671560302377,0.14285714285714285
adamson,500,string_ppi,P4HB_pDS397,0.1120998002588749,0.003046094987496036,2,0.3369789482657737,0.011165222618728876,0.1111111111111111
adamson,500,string_ppi,PDIA6_pDS029,0.07085300609469414,2.1969044786303514e-06,2,0.3273022364852167,0.020773778669536114,0.06685633001422475
adamson,500,string_ppi,PSMD4_pDS488,0.07842962071299553,0.0011208585576547797,2,0.3466166040604112,0.07760301232337952,0.14285714285714285
adamson,500,string_ppi,QARS_pDS510,0.8712781369686127,8.146985817155816e-05,2,0.7928890926443873,0.06988437473773956,0.48148148148148145
adamson,500,string_ppi,SAMM50_pDS156,0.7451911866664886,0.00040423042406798466,2,0.6101726672672478,0.01232474809512496,0.3793103448275862
adamson,500,string_ppi,SEC61A1_pDS031,0.6967642307281494,0.00026282774731393516,2,0.6732268383243661,0.02496386505663395,0.3793103448275862
adamson,500,string_ppi,SEC61A1_pDS032,0.6394968032836914,0.0007043581323140611,2,0.6171205425366397,0.030440696515142918,0.2903225806451613
adamson,500,string_ppi,SEC61B_pDS033,0.398079589009285,0.0021655261499139906,2,0.40533734826178036,0.007951518520712852,0.06685633001422475
adamson,500,string_ppi,SEC61B_pDS162,0.35298243165016174,0.0017129322171797552,2,0.3116228338018746,0.009267568122595549,0.06685633001422475
adamson,500,string_ppi,SEL1L_pDS373,0.3476345092058182,0.0021904349373839294,2,0.4172002308137289,0.013757416978478432,0.039136302294197026
adamson,500,string_ppi,SLC39A7_pDS219,0.3690302073955536,3.864866008448983e-05,2,0.3109539451302562,0.009879177436232567,0.1111111111111111
adamson,500,string_ppi,SLMO2_pDS433,0.8520146906375885,0.0003742218679282281,2,0.7306428536422724,0.04133148677647114,0.3118279569892473
adamson,500,string_ppi,SOCS1_pDS479,0.4097951650619507,0.001607649389599542,2,0.4835636038875795,0.011525679379701614,0.1111111111111111
adamson,500,string_ppi,SPCS2_pDS401,0.47930213809013367,0.0002607625517369014,2,0.491671714087221,0.006534154526889324,0.08108108108108109
adamson,500,string_ppi,SRPR_pDS482,-0.1082657240331173,0.0035568831813116886,2,0.0384425654607483,0.017528772354125977,0.08108108108108109
adamson,500,string_ppi,STT3A_pDS011,0.35737115144729614,0.0013467603973171078,2,0.4244967947388732,0.007915953174233437,0.06685633001422475
adamson,500,string_ppi,TIMM23_pDS284,0.7639683783054352,0.0003701757704711823,2,0.5950463361531375,0.00844376441091299,0.3333333333333333
adamson,500,string_ppi,TMEM167A_pDS038,0.6367307007312775,0.0015537435703541086,2,0.7215080952457511,0.010448371060192585,0.19429590017825313
adamson,500,string_ppi,TTI2_pDS408,-0.006850743666291237,0.00020308195537171097,2,0.2622803994163273,0.01080394722521305,0.05263157894736842
adamson,500,string_ppi,UFL1_pDS410,0.5188625454902649,0.0015936566358939251,2,0.46536485480947987,0.006851419806480408,0.08108108108108109
adamson,500,string_ppi,UFM1_pDS040,0.4926602691411972,0.0009059254353174118,2,0.48531363219711166,0.0065099254716187716,0.05263157894736842
adamson,500,string_ppi,YIPF5_pDS186,0.5338304340839386,0.00218552482953241,2,0.5452524733541333,0.011776398867368698,0.23106060606060608
adamson,1000,combined,AMIGO3_pDS434,0.3540851374467214,0.0003721873627899408,3,0.43813928099972826,0.0058412919752299786,0.0
adamson,1000,combined,ARHGAP22_pDS458,0.40804992119471234,0.0007058877361199701,3,0.45258941095593497,0.009057792524496714,0.08108108108108109
adamson,1000,combined,ASCC3_pDS052,0.3167923887570699,0.00033442897440566407,3,0.45157770467236774,0.01689743312696616,0.0346378767431399
adamson,1000,combined,ATP5B_pDS055,0.6591546932856241,0.00011388233410592652,3,0.4985375069190467,0.007786669147511323,0.30465949820788535
adamson,1000,combined,CAD_pDS468,-0.0781891147295634,0.00036999076810921507,3,0.12521979973826336,0.042387218525012337,0.14285714285714285
adamson,1000,combined,CARS_pDS460,0.8524761994679769,9.460309319044999e-05,3,0.7950913696410306,0.12238964438438416,0.3333333333333333
adamson,1000,combined,CCND3_pDS006,0.1191512942314148,0.0009429158040393897,3,0.2754505883249205,0.018574054042498272,0.1111111111111111
adamson,1000,combined,DAD1_pDS499,0.47002588709195453,0.000981352071084706,3,0.5503088462801581,0.005463374468187491,0.008547008547008546
adamson,1000,combined,DARS_pDS495,0.7053341468175253,0.0003095679586805924,3,0.5601600924087382,0.008616302783290545,0.25
adamson,1000,combined,DDRGK1_pDS041,0.4783563017845154,0.00042498524273933814,3,0.5198718979449812,0.005103615578263998,0.0346378767431399
adamson,1000,combined,DERL2_pDS042,0.561525563398997,0.0009536488953073266,3,0.5347983196554545,0.006067942672719558,0.07159791370317686
adamson,1000,combined,DNAJC19_pDS026,0.8809882998466492,0.00026978794602555033,3,0.7593634545404403,0.04606059193611145,0.37931034482758613
adamson,1000,combined,EIF2AK3_pBA572,0.46258610486984253,0.001005635917758272,3,0.5524414899867086,0.01912137245138486,0.08108108108108109
adamson,1000,combined,EIF2B4_pDS491,0.8357296784718832,0.00013650688660578388,3,0.7107999417127395,0.01737462046245734,0.2903225806451613
adamson,1000,combined,GMPPB_pDS391,0.2103880743185679,0.0010926270186526767,3,0.29256870436741483,0.007005878568937381,0.008547008547008546
adamson,1000,combined,GNPNAT1_pDS506,-0.16189384957154593,5.957466417054166e-05,3,0.09243247825572458,0.008994694178303083,0.008547008547008546
adamson,1000,combined,Gal4-4(mod)_pBA582,0.3487583597501119,0.0004454904525750859,3,0.4404163994838828,0.005510916157315175,0.0
adamson,1000,combined,HARS_pDS466,0.8054951230684916,0.00023979838522520525,3,0.7046138268906578,0.054705675691366196,0.3639846743295019
adamson,1000,combined,HSPA9_pDS088,0.8499661087989807,0.0003409516298269581,3,0.7952400509544555,0.10978473474582036,0.2903225806451613
adamson,1000,combined,HYOU1_pDS089,0.3041183352470398,0.0005095075635873847,3,0.46534773526860024,0.005864078799883525,0.025641025641025644
adamson,1000,combined,IARS2_pDS090,0.8653895457585653,0.000794042170387461,3,0.7747881309510557,0.0524510902663072,0.3486590038314176
adamson,1000,combined,IDH3A_pDS393,0.3137076397736867,0.0002912198011561296,3,0.36565451830289925,0.008027305826544762,0.08108108108108109
adamson,1000,combined,IER3IP1_pDS002,0.5877010226249695,0.0015879995294328952,3,0.5995995379779139,0.009396837713817755,0.008547008547008546
adamson,1000,combined,IER3IP1_pDS110,0.506679097811381,0.0011603983204768163,3,0.5196995366770034,0.008379099580148855,0.0346378767431399
adamson,1000,combined,KCTD16_pDS096,0.34452999631563824,0.0002935346158596862,3,0.4551494392856485,0.00606637354940176,0.008547008547008546
adamson,1000,combined,MRGBP_pDS124,0.14287790656089783,0.0008882293042674506,3,0.3144576500419747,0.010536289463440577,0.14285714285714285
adamson,1000,combined,MTHFD1_pDS395,0.21249499917030334,0.00024415138272106785,3,0.294365224027138,0.02619933771590392,0.09109109109109109
adamson,1000,combined,OST4_pDS353,0.46700553099314374,0.00013751547675088945,3,0.5127374598074083,0.004926326063772042,0.025641025641025644
adamson,1000,combined,P4HB_pDS397,0.19876154760519663,0.0004602960227555083,3,0.41558964855087616,0.007823986311753591,0.08108108108108109
adamson,1000,combined,PDIA6_pDS029,0.10074169437090556,0.00010759729117809053,3,0.3577544898058682,0.012797988330324491,0.0
adamson,1000,combined,PSMD4_pDS488,0.19198433558146158,0.0007379723121857826,3,0.3600910027767366,0.05181541293859482,0.1111111111111111
adamson,1000,combined,QARS_pDS510,0.8701415260632833,0.00038921273651259164,3,0.7691947967313167,0.05367447684208552,0.42857142857142855
adamson,1000,combined,SAMM50_pDS156,0.7131395737330118,0.00031533111240503197,3,0.5691534078399151,0.009229494569202265,0.25
adamson,1000,combined,SEC61A1_pDS031,0.73443071047465,0.000339745818173722,3,0.6685646827184243,0.01923497145374616,0.14285714285714285
adamson,1000,combined,SEC61A1_pDS032,0.6916648348172506,0.0009169426775598641,3,0.649721548348996,0.022935713330904644,0.17647058823529413
adamson,1000,combined,SEC61B_pDS033,0.38621634244918823,0.0007723876212842653,3,0.4424050109309578,0.006142753021170695,0.017094017094017092
adamson,1000,combined,SEC61B_pDS162,0.33533400297164917,0.0009680682821298337,3,0.36147109366584007,0.007397662848234177,0.0
adamson,1000,combined,SEL1L_pDS373,0.33294013142585754,0.0015125479950018447,3,0.4378652147643199,0.009199738502502441,0.0
adamson,1000,combined,SLC39A7_pDS219,0.3298083245754242,0.0011415951284303267,3,0.3365155237160024,0.007999623815218607,0.0346378767431399
adamson,1000,combined,SLMO2_pDS433,0.8504780133565267,0.0003321765534251214,3,0.7315948944645135,0.027343662455677986,0.2903225806451613
adamson,1000,combined,SOCS1_pDS479,0.40012433131535846,0.0004413670471489065,3,0.4750949695776637,0.00857522152364254,0.008547008547008546
adamson,1000,combined,SPCS2_pDS401,0.4182945787906647,0.001353662510944158,3,0.49410798478981666,0.005645800226678451,0.025641025641025644
adamson,1000,combined,SRPR_pDS482,-0.0284611942867438,0.0004262699755831607,3,0.17746522611314,0.012538054337104162,0.05263157894736842
adamson,1000,combined,STT3A_pDS011,0.3548112412293752,0.00023112626639292758,3,0.4619099322387991,0.0062675025934974355,0.0
adamson,1000,combined,TIMM23_pDS284,0.7223299940427145,0.0007632182781829134,3,0.5547772167071684,0.005886865934977929,0.25
adamson,1000,combined,TMEM167A_pDS038,0.6313465436299642,0.0013640695067375617,3,0.7034595038746493,0.0072466156755884486,0.0
adamson,1000,combined,TTI2_pDS408,0.04230823243657748,0.002197873391606011,3,0.32526086087338263,0.007938203091422716,0.0
adamson,1000,combined,UFL1_pDS410,0.46175580223401386,0.000679300510202057,3,0.42921888398561503,0.0058234202054639654,0.0
adamson,1000,combined,UFM1_pDS040,0.4487583140532176,0.0005710554445342208,3,0.4674003626399829,0.0053599742241203785,0.0
adamson,1000,combined,YIPF5_pDS186,0.5191056728363037,0.001003676896775888,3,0.5510208810413232,0.008382881991565228,0.05263157894736842
adamson,1000,gene_ontology,AMIGO3_pDS434,0.35561053454875946,0.000834233646000381,2,0.4384547193388245,0.005817963508889079,0.02564102564102564
adamson,1000,gene_ontology,ARHGAP22_pDS458,0.40735217928886414,0.000744524078944943,2,0.4521265844722812,0.009057105053216219,0.06685633001422475
adamson,1000,gene_ontology,ASCC3_pDS052,0.3168340474367142,0.00021096605022128008,2,0.45149557958531517,0.016893682070076466,0.05263157894736842
adamson,1000,gene_ontology,ATP5B_pDS055,0.6591669321060181,0.000286767157268123,2,0.4979176452489762,0.007788543123751879,0.2701612903225806
adamson,1000,gene_ontology,CAD_pDS468,-0.0770476832985878,0.00042898116085600716,2,0.12501758451906206,0.042261259630322456,0.14285714285714285
adamson,1000,gene_ontology,CARS_pDS460,0.8524186015129089,0.000166648639012075,2,0.794577859101331,0.12243937700986862,0.3333333333333333
adamson,1000,gene_ontology,CCND3_pDS006,0.1183793693780899,0.0006880683753646005,2,0.2748768827202348,0.0185793898999691,0.1111111111111111
adamson,1000,gene_ontology,DAD1_pDS499,0.4702455550432205,0.00043678886454265027,2,0.5507117347108457,0.00545456213876605,0.01282051282051282
adamson,1000,gene_ontology,DARS_pDS495,0.7060676217079163,0.00045375297106828517,2,0.5599339071703391,0.008615473285317421,0.25
adamson,1000,gene_ontology,DDRGK1_pDS041,0.47948460280895233,0.001102751217863287,2,0.5198216666722065,0.005057480884715915,0.039136302294197026
adamson,1000,gene_ontology,DERL2_pDS042,0.5602883696556091,8.083765544389476e-05,2,0.5333026071014092,0.006084118038415909,0.08108108108108109
adamson,1000,gene_ontology,DNAJC19_pDS026,0.8808944225311279,0.00019674148884885333,2,0.7592784574470286,0.04620647057890892,0.3118279569892473
adamson,1000,gene_ontology,EIF2AK3_pBA572,0.4602130204439163,0.0009858780069425777,2,0.5525453920946628,0.019185082986950874,0.08108108108108109
adamson,1000,gene_ontology,EIF2B4_pDS491,0.8356008231639862,3.940730335768592e-05,2,0.7107048316113521,0.017398999072611332,0.23106060606060608
adamson,1000,gene_ontology,GMPPB_pDS391,0.2117474004626274,0.0012074966731249863,2,0.2923544991416425,0.006970617221668363,0.01282051282051282
adamson,1000,gene_ontology,GNPNAT1_pDS506,-0.16220498085021973,0.0004590213271321469,2,0.09222319403325543,0.008963163942098618,0.02564102564102564
adamson,1000,gene_ontology,Gal4-4(mod)_pBA582,0.3488275557756424,0.0008757061449351008,2,0.4395768125888832,0.0055086649954319,0.0
adamson,1000,gene_ontology,HARS_pDS466,0.8051201105117798,0.00056240754652937,2,0.704477714746379,0.05478675477206707,0.3333333333333333
adamson,1000,gene_ontology,HSPA9_pDS088,0.8481887876987457,0.0017950764249274878,2,0.7938623594941026,0.11004870384931564,0.2903225806451613
adamson,1000,gene_ontology,HYOU1_pDS089,0.3039575070142746,0.0007488862777658206,2,0.46393657477277006,0.005860304459929466,0.01282051282051282
adamson,1000,gene_ontology,IARS2_pDS090,0.8656964004039764,8.745471066010511e-05,2,0.7745450246940924,0.052571460604667664,0.3563218390804598
adamson,1000,gene_ontology,IDH3A_pDS393,0.3138930946588516,0.00045259393273423555,2,0.36567010231927805,0.008005671203136444,0.0960960960960961
adamson,1000,gene_ontology,IER3IP1_pDS002,0.5888726711273193,0.0012428262688892432,2,0.5999437703407349,0.009343503974378109,0.01282051282051282
adamson,1000,gene_ontology,IER3IP1_pDS110,0.5077292919158936,0.0007729732016897965,2,0.5197772467605417,0.008337856736034155,0.039136302294197026
adamson,1000,gene_ontology,KCTD16_pDS096,0.34446606040000916,0.0002564635731887902,2,0.4542561203253306,0.006001048954203725,0.01282051282051282
adamson,1000,gene_ontology,MRGBP_pDS124,0.14325983077287674,0.00022636018663988412,2,0.31520084384090796,0.010531965177506208,0.14285714285714285
adamson,1000,gene_ontology,MTHFD1_pDS395,0.21212998032569885,0.0003397878926948277,2,0.2946862863674641,0.02621989231556654,0.08108108108108109
adamson,1000,gene_ontology,OST4_pDS353,0.4677675813436508,0.0002326295303558796,2,0.5125528806073245,0.004890611162409186,0.02564102564102564
adamson,1000,gene_ontology,P4HB_pDS397,0.1997198984026909,0.0014312753652935782,2,0.4146874086161556,0.007809150498360395,0.08108108108108109
adamson,1000,gene_ontology,PDIA6_pDS029,0.10080287978053093,0.00019653602296236273,2,0.3586264307510522,0.012714664451777935,0.02564102564102564
adamson,1000,gene_ontology,PSMD4_pDS488,0.1909584179520607,8.078497188325613e-05,2,0.3602140609075475,0.05185328237712383,0.1111111111111111
adamson,1000,gene_ontology,QARS_pDS510,0.8704072535037994,3.409680044531327e-05,2,0.7688034813188704,0.05366998724639416,0.48148148148148145
adamson,1000,gene_ontology,SAMM50_pDS156,0.7129999697208405,0.00030821990316016806,2,0.5692829159791362,0.009232330601662397,0.25
adamson,1000,gene_ontology,SEC61A1_pDS031,0.7346350848674774,0.0005384259897266712,2,0.6687356969032907,0.019302047789096832,0.14285714285714285
adamson,1000,gene_ontology,SEC61A1_pDS032,0.6918810307979584,0.0008931338667943554,2,0.6483487188649673,0.023006511852145195,0.17647058823529413
adamson,1000,gene_ontology,SEC61B_pDS033,0.38758864998817444,0.00047722876568885315,2,0.44275332830330905,0.006115670315921307,0.02564102564102564
adamson,1000,gene_ontology,SEC61B_pDS162,0.3364509046077728,0.002615085509555442,2,0.36125475243262417,0.007358036004006863,0.02631578947368421
adamson,1000,gene_ontology,SEL1L_pDS373,0.3326297998428345,0.001169743633571353,2,0.4362237450145131,0.00916307745501399,0.0
adamson,1000,gene_ontology,SLC39A7_pDS219,0.33003823459148407,0.00031380436058786154,2,0.336595467800983,0.007997764274477959,0.039136302294197026
adamson,1000,gene_ontology,SLMO2_pDS433,0.8501180708408356,0.00021220938225235145,2,0.7314449193032904,0.027443363331258297,0.25
adamson,1000,gene_ontology,SOCS1_pDS479,0.4011830687522888,0.0006155968693501182,2,0.4751846466746047,0.008544270414859056,0.02564102564102564
adamson,1000,gene_ontology,SPCS2_pDS401,0.41670751571655273,0.0002413750014218901,2,0.4936299522859704,0.0056224544532597065,0.039136302294197026
adamson,1000,gene_ontology,SRPR_pDS482,-0.02743395511060953,0.0002577003197747817,2,0.17975937154493415,0.01248660497367382,0.06685633001422475
adamson,1000,gene_ontology,STT3A_pDS011,0.35478517413139343,5.9637790642915055e-05,2,0.4616188969311748,0.006193150067701936,0.02564102564102564
adamson,1000,gene_ontology,TIMM23_pDS284,0.7228067517280579,0.0004874704498770004,2,0.556251483314119,0.005878627533093095,0.25
adamson,1000,gene_ontology,TMEM167A_pDS038,0.632011741399765,0.0020139028623960497,2,0.7031639565436363,0.007203984307125211,0.01282051282051282
adamson,1000,gene_ontology,TTI2_pDS408,0.04453854449093342,3.44576828356878e-05,2,0.3250398586417722,0.007869093678891659,0.0
adamson,1000,gene_ontology,UFL1_pDS410,0.46186238527297974,0.0006627170459852978,2,0.4281942848780234,0.00578322890214622,0.0
adamson,1000,gene_ontology,UFM1_pDS040,0.45029982924461365,0.0006239840922037861,2,0.4686213319268845,0.00533307041041553,0.02631578947368421
adamson,1000,gene_ontology,YIPF5_pDS186,0.5204644799232483,0.0019988564374776602,2,0.5507878807922459,0.00832525035366416,0.08187134502923976
adamson,1000,no_graph,AMIGO3_pDS434,0.3356010615825653,0.00043887513354393955,2,0.4101521399135516,0.006154116243124008,0.0
adamson,1000,no_graph,ARHGAP22_pDS458,0.4227790981531143,9.632662227164831e-05,2,0.42741869065253213,0.00895488541573286,0.08108108108108109
adamson,1000,no_graph,ASCC3_pDS052,0.27917398512363434,0.0006798497399049762,2,0.40398426822332506,0.01781583670526743,0.02564102564102564
adamson,1000,no_graph,ATP5B_pDS055,0.6105729937553406,0.0017427721859254682,2,0.43646111781446983,0.008696045726537704,0.3333333333333333
adamson,1000,no_graph,CAD_pDS468,-0.06851878389716148,6.395257425921783e-05,2,0.10837668348032528,0.042320555076003075,0.14285714285714285
adamson,1000,no_graph,CARS_pDS460,0.8298895955085754,0.0004940453582446999,2,0.735136396628354,0.12294446676969528,0.3333333333333333
adamson,1000,no_graph,CCND3_pDS006,0.15575234591960907,5.79519167024793e-06,2,0.2632543604700963,0.018052680417895317,0.1111111111111111
adamson,1000,no_graph,DAD1_pDS499,0.4594999700784683,0.0003952320719109088,2,0.5134201948461896,0.0057201809249818325,0.0
adamson,1000,no_graph,DARS_pDS495,0.6738802492618561,0.0004473887969431401,2,0.5105292340978134,0.009229669347405434,0.17647058823529413
adamson,1000,no_graph,DDRGK1_pDS041,0.4605116546154022,2.8786297532940622e-05,2,0.5142124579799314,0.00542514817789197,0.0
adamson,1000,no_graph,DERL2_pDS042,0.5916250050067902,0.0009389053442771864,2,0.5357249536182273,0.005727968644350767,0.08108108108108109
adamson,1000,no_graph,DNAJC19_pDS026,0.8445272445678711,0.002115434620458793,2,0.6876727827523916,0.047203946858644485,0.3333333333333333
adamson,1000,no_graph,EIF2AK3_pBA572,0.4826607257127762,0.0007455988235819708,2,0.5436392378411685,0.018651550635695457,0.08108108108108109
adamson,1000,no_graph,EIF2B4_pDS491,0.7995123863220215,0.00015628051427839506,2,0.6336765334991861,0.018215284682810307,0.25
adamson,1000,no_graph,GMPPB_pDS391,0.16668889671564102,0.0002648402593303304,2,0.2098978312323144,0.007578735006973147,0.0
adamson,1000,no_graph,GNPNAT1_pDS506,-0.17658980190753937,0.00029715635542605835,2,0.04488314971078823,0.009355740621685982,0.0
adamson,1000,no_graph,Gal4-4(mod)_pBA582,0.3812357932329178,7.015342934638312e-05,2,0.43529023101938724,0.0055017932318151,0.0
adamson,1000,no_graph,HARS_pDS466,0.7847912311553955,0.0006059030941926126,2,0.6265997831957713,0.055163921788334846,0.3333333333333333
adamson,1000,no_graph,HSPA9_pDS088,0.8152448832988739,0.000341263032392709,2,0.7324099493545477,0.11105640232563019,0.25
adamson,1000,no_graph,HYOU1_pDS089,0.2832064926624298,0.00016028446488693,2,0.42550771903818296,0.0061838391702622175,0.02564102564102564
adamson,1000,no_graph,IARS2_pDS090,0.8279068470001221,0.0007660611185340099,2,0.7002584601731936,0.053488051518797874,0.2903225806451613
adamson,1000,no_graph,IDH3A_pDS393,0.3159130811691284,4.771023251433204e-05,2,0.32742848312733625,0.008163069374859333,0.14285714285714285
adamson,1000,no_graph,IER3IP1_pDS002,0.5693426132202148,0.0008837351195764261,2,0.571614272481444,0.009743554051965475,0.0
adamson,1000,no_graph,IER3IP1_pDS110,0.47314898669719696,0.00018091534723301263,2,0.4974445417528838,0.008993703871965408,0.02564102564102564
adamson,1000,no_graph,KCTD16_pDS096,0.35515378415584564,0.0002376028584801651,2,0.44663439013197065,0.006132683716714382,0.0
adamson,1000,no_graph,MRGBP_pDS124,0.14392776787281036,0.00018921827638965875,2,0.2920631839679236,0.010719956830143929,0.14285714285714285
adamson,1000,no_graph,MTHFD1_pDS395,0.21941064298152924,0.0006701981115959815,2,0.2611051147714221,0.026174897328019142,0.1111111111111111
adamson,1000,no_graph,OST4_pDS353,0.4435058534145355,0.0009920103734009128,2,0.4608689685819637,0.005264473846182227,0.02564102564102564
adamson,1000,no_graph,P4HB_pDS397,0.19636043161153793,2.6183729637392917e-05,2,0.409326241061986,0.00803711824119091,0.05263157894736842
adamson,1000,no_graph,PDIA6_pDS029,0.08806758746504784,8.802896147106604e-05,2,0.3350614772066425,0.013174304272979498,0.0
adamson,1000,no_graph,PSMD4_pDS488,0.21396811306476593,0.0006645925807440325,2,0.3479114948299197,0.051114412024617195,0.1111111111111111
adamson,1000,no_graph,QARS_pDS510,0.8555270433425903,0.0003671833442269088,2,0.7116747421051792,0.053809646517038345,0.42857142857142855
adamson,1000,no_graph,SAMM50_pDS156,0.6601360440254211,0.0005505221352492979,2,0.4994562509154712,0.010288318619132042,0.2903225806451613
adamson,1000,no_graph,SEC61A1_pDS031,0.7077659070491791,0.00032162260098663235,2,0.5967772921162549,0.019862843677401543,0.14285714285714285
adamson,1000,no_graph,SEC61A1_pDS032,0.6736993193626404,0.0006784799673283721,2,0.5802777452802446,0.023342649452388287,0.17647058823529413
adamson,1000,no_graph,SEC61B_pDS033,0.3496440649032593,0.0007184351797166997,2,0.3760051829495415,0.006648230599239469,0.0
adamson,1000,no_graph,SEC61B_pDS162,0.29714567959308624,0.0012727716047562334,2,0.30154057306073867,0.007966697681695223,0.0
adamson,1000,no_graph,SEL1L_pDS373,0.3069843202829361,0.0004934342289412919,2,0.4113599315096879,0.009706554934382439,0.0
adamson,1000,no_graph,SLC39A7_pDS219,0.30996307730674744,0.0004604543199815173,2,0.309632861139732,0.008407528977841139,0.02564102564102564
adamson,1000,no_graph,SLMO2_pDS433,0.8119142353534698,0.001182851303458241,2,0.6696422458654162,0.02829518634825945,0.2903225806451613
adamson,1000,no_graph,SOCS1_pDS479,0.37218964099884033,0.0008740413444189205,2,0.4257112031938121,0.009080897085368633,0.0
adamson,1000,no_graph,SPCS2_pDS401,0.4151323735713959,5.466446251862956e-05,2,0.48314640823631494,0.005864396691322327,0.02564102564102564
adamson,1000,no_graph,SRPR_pDS482,-0.02662668004631996,0.0003935962473530797,2,0.11439600425976472,0.01276690699160099,0.05263157894736842
adamson,1000,no_graph,STT3A_pDS011,0.34613701701164246,0.00027357519368421317,2,0.44029122638782703,0.006506474921479821,0.0
adamson,1000,no_graph,TIMM23_pDS284,0.6807523667812347,0.0012654591265395933,2,0.4963184469871092,0.006611507385969162,0.25
adamson,1000,no_graph,TMEM167A_pDS038,0.6058742105960846,0.0014380926180402153,2,0.682155368014017,0.007696409709751606,0.0
adamson,1000,no_graph,TTI2_pDS408,0.03158614970743656,0.00027846159393344494,2,0.29469553784092406,0.008268925826996565,0.0
adamson,1000,no_graph,UFL1_pDS410,0.4309590756893158,0.0006061981221321889,2,0.4218710220425763,0.006277251290157437,0.0
adamson,1000,no_graph,UFM1_pDS040,0.42021240293979645,6.429501740336885e-05,2,0.46793494020342763,0.0057809853460639715,0.0
adamson,1000,no_graph,YIPF5_pDS186,0.4910317212343216,0.0018224929498838244,2,0.522287673325524,0.008901024237275124,0.05263157894736842
adamson,1000,random,AMIGO3_pDS434,0.35370147228240967,0.002118258459309023,2,0.4344553130394628,0.005611006636172533,0.0
adamson,1000,random,ARHGAP22_pDS458,0.4057585448026657,0.0018358956477102885,2,0.4498307690731541,0.009594982024282217,0.05263157894736842
adamson,1000,random,ASCC3_pDS052,0.31697048246860504,0.0009474822279491533,2,0.4485783494930513,0.01653338223695755,0.02564102564102564
adamson,1000,random,ATP5B_pDS055,0.6577745974063873,0.002007412247725372,2,0.4974990277964507,0.00781492074020207,0.29166666666666663
adamson,1000,random,CAD_pDS468,-0.0761924609541893,0.001315392605312875,2,0.12327194862679275,0.04200565442442894,0.14285714285714285
adamson,1000,random,CARS_pDS460,0.8517370223999023,0.0007557772874973518,2,0.7868453209744335,0.1230984777212143,0.3118279569892473
adamson,1000,random,CCND3_pDS006,0.11922230944037437,0.0007990884426983593,2,0.2754207412934617,0.018852179870009422,0.1111111111111111
adamson,1000,random,DAD1_pDS499,0.4707767516374588,0.0020218896901888638,2,0.5371728492377772,0.006675505079329014,0.07142857142857142
adamson,1000,random,DARS_pDS495,0.7049301862716675,0.00025321826585345133,2,0.5569243039982172,0.008727667853236198,0.21212121212121213
adamson,1000,random,DDRGK1_pDS041,0.47967299818992615,0.0005248547045061634,2,0.5180841090606516,0.005448417738080025,0.06837606837606837
adamson,1000,random,DERL2_pDS042,0.5612969398498535,0.0011758970734539434,2,0.5278675974544342,0.00595592544414103,0.08187134502923976
adamson,1000,random,DNAJC19_pDS026,0.8801161050796509,3.24530733533884e-05,2,0.7562686351392338,0.04691524803638458,0.3563218390804598
adamson,1000,random,EIF2AK3_pBA572,0.4620307683944702,0.0020615709480618707,2,0.5493425137668724,0.019173376262187958,0.08108108108108109
adamson,1000,random,EIF2B4_pDS491,0.8353323936462402,0.0012185496841469682,2,0.7084463992038632,0.01752377487719059,0.2903225806451613
adamson,1000,random,GMPPB_pDS391,0.2123488336801529,8.787617914521405e-06,2,0.2877946623355745,0.0074223848059773445,0.05555555555555555
adamson,1000,random,GNPNAT1_pDS506,-0.16222844272851944,1.4277244933065353e-05,2,0.09027341396063923,0.008892512414604425,0.02564102564102564
adamson,1000,random,Gal4-4(mod)_pBA582,0.34889204800128937,0.0018696131265190038,2,0.43371508834028516,0.005224370397627354,0.0
adamson,1000,random,HARS_pDS466,0.8046507835388184,0.00034071512336206737,2,0.7011898882612828,0.05503957159817219,0.3333333333333333
adamson,1000,random,HSPA9_pDS088,0.8482342660427094,0.002125929185738006,2,0.7837684377945455,0.11042516306042671,0.2701612903225806
adamson,1000,random,HYOU1_pDS089,0.30314505100250244,4.8047407302419195e-06,2,0.4541670254170478,0.005433581070974469,0.02564102564102564
adamson,1000,random,IARS2_pDS090,0.8658983111381531,0.0004232386527463979,2,0.7717688727596999,0.05283838510513306,0.3333333333333333
adamson,1000,random,IDH3A_pDS393,0.3161815106868744,0.0038020250573192397,2,0.3634005849340153,0.007686485769227147,0.08108108108108109
adamson,1000,random,IER3IP1_pDS002,0.588336318731308,0.002032278888346799,2,0.5989060182469441,0.009329766500741243,0.02631578947368421
adamson,1000,random,IER3IP1_pDS110,0.5083107948303223,0.00035335917791533554,2,0.5171620779492352,0.00893684383481741,0.10105580693815988
adamson,1000,random,KCTD16_pDS096,0.3448314517736435,0.00015739740576393375,2,0.4485162951550185,0.005855391500517726,0.01282051282051282
adamson,1000,random,MRGBP_pDS124,0.14201486110687256,0.001917091551366526,2,0.3075277565923392,0.011224111542105675,0.12698412698412698
adamson,1000,random,MTHFD1_pDS395,0.20979361236095428,0.003355921739255682,2,0.2927604973261277,0.027689638547599316,0.06837606837606837
adamson,1000,random,OST4_pDS353,0.46487298607826233,0.002903117072278892,2,0.49765481645782284,0.004546604584902525,0.039136302294197026
adamson,1000,random,P4HB_pDS397,0.198616661131382,5.8268018066310995e-06,2,0.4081491538425236,0.007441591005772352,0.08108108108108109
adamson,1000,random,PDIA6_pDS029,0.0996871292591095,0.00164126150128698,2,0.3554406522976684,0.012099859304726124,0.0
adamson,1000,random,PSMD4_pDS488,0.19319063425064087,0.0025418132134192527,2,0.3568694803522583,0.051528019830584526,0.1111111111111111
adamson,1000,random,QARS_pDS510,0.8703359663486481,0.0004045675988560718,2,0.7717542244289537,0.05405804142355919,0.40394088669950734
adamson,1000,random,SAMM50_pDS156,0.7084677517414093,0.0009738872285412284,2,0.5609643630366918,0.009495304897427559,0.25
adamson,1000,random,SEC61A1_pDS031,0.7351114451885223,0.0012279484313648976,2,0.6605875680951634,0.021108397282660007,0.17748917748917747
adamson,1000,random,SEC61A1_pDS032,0.6926591098308563,0.0033057037692549515,2,0.6453892936658286,0.022998303174972534,0.17647058823529413
adamson,1000,random,SEC61B_pDS033,0.38328300416469574,0.000381239318205292,2,0.4243848456674011,0.0060704718343913555,0.02631578947368421
adamson,1000,random,SEC61B_pDS162,0.33393488824367523,0.003653057021257485,2,0.3565295493388553,0.007182781118899584,0.0
adamson,1000,random,SEL1L_pDS373,0.3294786065816879,0.005366790028558947,2,0.42336658330877874,0.00928299967199564,0.0
adamson,1000,random,SLC39A7_pDS219,0.3296324163675308,0.0006102652930134901,2,0.3383581706747361,0.008803046308457851,0.039136302294197026
adamson,1000,random,SLMO2_pDS433,0.84896320104599,0.0020234701970080226,2,0.7257893042235041,0.02763825561851263,0.2903225806451613
adamson,1000,random,SOCS1_pDS479,0.3999648243188858,0.00292589744389903,2,0.47255241382916097,0.008563143201172352,0.02631578947368421
adamson,1000,random,SPCS2_pDS401,0.41585737466812134,0.0006011405003108816,2,0.4919223594861676,0.005455582635477185,0.039136302294197026
adamson,1000,random,SRPR_pDS482,-0.02760170493274927,0.0012591384163519752,2,0.17563462517270298,0.011913563124835491,0.05263157894736842
adamson,1000,random,STT3A_pDS011,0.35457833111286163,0.0009120788752000023,2,0.4608442331123551,0.006031416822224855,0.0
adamson,1000,random,TIMM23_pDS284,0.7208754420280457,0.0022288096429530983,2,0.5521080377977634,0.00593565939925611,0.25
adamson,1000,random,TMEM167A_pDS038,0.6294838488101959,0.006501614998139024,2,0.7039946484740114,0.007230543531477451,0.01282051282051282
adamson,1000,random,TTI2_pDS408,0.04443053714931011,0.00042199268653729456,2,0.3191636624835187,0.007642555749043822,0.0
adamson,1000,random,UFL1_pDS410,0.4612938165664673,0.0005756838038103015,2,0.42844395714791916,0.0060277958400547504,0.0
adamson,1000,random,UFM1_pDS040,0.44972196221351624,0.001440621428950869,2,0.47043644784001665,0.005255811614915729,0.01282051282051282
adamson,1000,random,YIPF5_pDS186,0.5163385272026062,0.00233308094616905,2,0.535517162467848,0.008301848080009222,0.06685633001422475
adamson,1000,string_ppi,AMIGO3_pDS434,0.3544405996799469,0.0016413247215597462,2,0.43812005097905604,0.005882009631022811,0.01282051282051282
adamson,1000,string_ppi,ARHGAP22_pDS458,0.4079251289367676,5.521237154927118e-05,2,0.45242455078365607,0.009066291619092226,0.06685633001422475
adamson,1000,string_ppi,ASCC3_pDS052,0.31681424379348755,0.00031188667898061586,2,0.4516697087698921,0.016823996789753437,0.039136302294197026
adamson,1000,string_ppi,ATP5B_pDS055,0.6588153541088104,0.0008571404581660519,2,0.4967506259874284,0.007799752289429307,0.2903225806451613
adamson,1000,string_ppi,CAD_pDS468,-0.07757636904716492,0.0008150779033521797,2,0.12431903676183628,0.04234044626355171,0.14285714285714285
adamson,1000,string_ppi,CARS_pDS460,0.8529548943042755,0.0002986104216996842,2,0.7948501903875511,0.12246835976839066,0.3333333333333333
adamson,1000,string_ppi,CCND3_pDS006,0.11886768043041229,0.0009958035897668933,2,0.2734721762396741,0.018545090220868587,0.1111111111111111
adamson,1000,string_ppi,DAD1_pDS499,0.4702039510011673,0.0006245109278101723,2,0.5507748997783692,0.005481196101754904,0.01282051282051282
adamson,1000,string_ppi,DARS_pDS495,0.7059645652770996,0.00028339540938725145,2,0.5601824994323552,0.008628604467958212,0.25
adamson,1000,string_ppi,DDRGK1_pDS041,0.478874146938324,0.0006022363183721648,2,0.5191983402350513,0.005033446941524744,0.039136302294197026
adamson,1000,string_ppi,DERL2_pDS042,0.5606916546821594,0.0016030132362633437,2,0.533913482736109,0.0060876961797475815,0.06685633001422475
adamson,1000,string_ppi,DNAJC19_pDS026,0.8803028166294098,0.0003715244696235309,2,0.7581086211613783,0.046462200582027435,0.3793103448275862
adamson,1000,string_ppi,EIF2AK3_pBA572,0.4604526609182358,0.0027360680382059635,2,0.5523351128761826,0.019181057810783386,0.08108108108108109
adamson,1000,string_ppi,EIF2B4_pDS491,0.8358976244926453,0.00047701803144629864,2,0.7106996326058099,0.01728231180459261,0.2701612903225806
adamson,1000,string_ppi,GMPPB_pDS391,0.211088664829731,0.0012448809277541492,2,0.29271460152119044,0.0068981884978711605,0.01282051282051282
adamson,1000,string_ppi,GNPNAT1_pDS506,-0.1625375747680664,1.9935459345652875e-05,2,0.09246642829181347,0.008976788260042667,0.02564102564102564
adamson,1000,string_ppi,Gal4-4(mod)_pBA582,0.3475533723831177,0.0016901729189838725,2,0.4403015053614057,0.005480834515765309,0.0
adamson,1000,string_ppi,HARS_pDS466,0.8057048320770264,5.327361651777006e-05,2,0.7053951127188207,0.054698746651411057,0.3563218390804598
adamson,1000,string_ppi,HSPA9_pDS088,0.8491417765617371,0.0008862639304870797,2,0.7951846858957685,0.1102638803422451,0.2903225806451613
adamson,1000,string_ppi,HYOU1_pDS089,0.30316248536109924,0.00021440101837491793,2,0.46436034322196473,0.005774666788056493,0.02564102564102564
adamson,1000,string_ppi,IARS2_pDS090,0.8663186728954315,0.0005142336986814181,2,0.7744792886246092,0.05269955098628998,0.3793103448275862
adamson,1000,string_ppi,IDH3A_pDS393,0.313937783241272,2.2843591892904567e-05,2,0.36497447358817225,0.007992848753929138,0.08108108108108109
adamson,1000,string_ppi,IER3IP1_pDS002,0.5882387161254883,0.0019244251030074214,2,0.5985290438496131,0.009374321904033422,0.01282051282051282
adamson,1000,string_ppi,IER3IP1_pDS110,0.5067172348499298,0.0009440472597955154,2,0.5197052076830998,0.008373267948627472,0.02564102564102564
adamson,1000,string_ppi,KCTD16_pDS096,0.3434669077396393,0.0006459426002779619,2,0.4538412768793739,0.006049945019185543,0.0
adamson,1000,string_ppi,MRGBP_pDS124,0.14461518824100494,0.00010467169827680533,2,0.31553745920276954,0.010533506516367197,0.14285714285714285
adamson,1000,string_ppi,MTHFD1_pDS395,0.2124560996890068,0.00024920377853278867,2,0.29383179846170693,0.02607835829257965,0.08108108108108109
adamson,1000,string_ppi,OST4_pDS353,0.46761786937713623,0.00038294626556998316,2,0.5120521020644804,0.0048710196278989315,0.02564102564102564
adamson,1000,string_ppi,P4HB_pDS397,0.19889172911643982,0.002051497851267767,2,0.41496943290833277,0.007790226489305496,0.08108108108108109
adamson,1000,string_ppi,PDIA6_pDS029,0.10074339434504509,0.00020484948883113657,2,0.3579425740097515,0.012700153049081564,0.01282051282051282
adamson,1000,string_ppi,PSMD4_pDS488,0.19164126366376877,0.0010759352854982306,2,0.3599038125777535,0.05184740200638771,0.1111111111111111
adamson,1000,string_ppi,QARS_pDS510,0.8702612817287445,0.0004455343356086608,2,0.7693182608614481,0.053651172667741776,0.455026455026455
adamson,1000,string_ppi,SAMM50_pDS156,0.7145861387252808,0.0012841301804299193,2,0.5700818378379773,0.009203188121318817,0.25
adamson,1000,string_ppi,SEC61A1_pDS031,0.7347636222839355,0.00023753963820739876,2,0.6682202183460584,0.019237582571804523,0.14285714285714285
adamson,1000,string_ppi,SEC61A1_pDS032,0.6914653182029724,0.0003065761760682432,2,0.6491033996807773,0.023041815496981144,0.17647058823529413
adamson,1000,string_ppi,SEC61B_pDS033,0.38707399368286133,0.002010910436151776,2,0.44299386256044015,0.006157156778499484,0.02631578947368421
adamson,1000,string_ppi,SEC61B_pDS162,0.33440765738487244,0.0017612746524217507,2,0.3601862172807433,0.007310944609344006,0.0
adamson,1000,string_ppi,SEL1L_pDS373,0.33229516446590424,0.0018970507248995958,2,0.4377591136512161,0.009174005128443241,0.0
adamson,1000,string_ppi,SLC39A7_pDS219,0.32972976565361023,0.0003395771584522732,2,0.3364827456811593,0.008015783037990332,0.02564102564102564
adamson,1000,string_ppi,SLMO2_pDS433,0.8505333364009857,3.637273026490155e-05,2,0.7314932463552418,0.027539598755538464,0.2903225806451613
adamson,1000,string_ppi,SOCS1_pDS479,0.4003121107816696,0.0021230421266150096,2,0.47480175026069366,0.008613528683781624,0.02631578947368421
adamson,1000,string_ppi,SPCS2_pDS401,0.4158075451850891,0.0008583627167728678,2,0.49349559414435695,0.005574257345870137,0.02564102564102564
adamson,1000,string_ppi,SRPR_pDS482,-0.0276350025087595,0.0011039892815382945,2,0.17793157760747258,0.012369094882160425,0.05263157894736842
adamson,1000,string_ppi,STT3A_pDS011,0.3545829802751541,3.664668478022236e-05,2,0.46146100376428173,0.0061969596426934,0.0
adamson,1000,string_ppi,TIMM23_pDS284,0.7227103412151337,0.0009507064618602366,2,0.5561361511884071,0.005879514385014772,0.25
adamson,1000,string_ppi,TMEM167A_pDS038,0.6292603313922882,0.002525649897015325,2,0.7036277300630627,0.007241818821057677,0.0
adamson,1000,string_ppi,TTI2_pDS408,0.04430342651903629,0.0011836705328261716,2,0.3246581262417167,0.007817384554073215,0.0
adamson,1000,string_ppi,UFL1_pDS410,0.46163155138492584,0.0002072571275523214,2,0.4276472319276955,0.005760290892794728,0.0
adamson,1000,string_ppi,UFM1_pDS040,0.44927461445331573,0.0002058662815514619,2,0.46580280795616025,0.005319605581462383,0.01282051282051282
adamson,1000,string_ppi,YIPF5_pDS186,0.5172715783119202,0.0027247937562292993,2,0.5509015509137591,0.008348749484866858,0.05263157894736842
norman,200,coexpression,AHR_FEV,0.7317887544631958,0.0019119496358481968,2,0.6902932573314334,0.15660617500543594,0.25
norman,200,coexpression,ARID1A,0.675978422164917,0.0038045117213813826,2,0.5869444236105903,0.06315139681100845,0.6
norman,200,coexpression,BCL2L11,0.017506073229014874,0.004556159934813683,2,0.03285607140178504,0.0252459729090333,0.08108108108108109
norman,200,coexpression,BCORL1,0.47044283151626587,0.0003497345489433987,2,0.4216269487838551,0.01974666118621826,0.2701612903225806
norman,200,coexpression,C3orf72_FOXL2,0.6273464262485504,0.004727991319103581,2,0.47215255381384535,0.07894715294241905,0.42857142857142855
norman,200,coexpression,CBL_PTPN12,0.5963456034660339,0.024239916984070485,2,0.4170464261606541,0.07561448216438293,0.19429590017825313
norman,200,coexpression,CBL_TGFBR2,0.6400363147258759,0.028547367048732366,2,0.4251706292657317,0.038429753854870796,0.2701612903225806
norman,200,coexpression,CDKN1A,0.9317148327827454,0.0021108827608196166,2,0.5284152103802595,0.07686498761177063,0.455026455026455
norman,200,coexpression,CDKN1B,0.8288451731204987,0.00024929860894193817,2,0.6786902262735175,0.013336509466171265,0.42857142857142855
norman,200,coexpression,CDKN1C,0.7518275082111359,0.010422367727713452,2,0.591705542638566,0.029156234115362167,0.48148148148148145
norman,200,coexpression,CDKN1C_CDKN1A,0.47632069885730743,0.00906201497175158,2,0.43576239405985157,0.2202184870839119,0.3333333333333333
norman,200,coexpression,CDKN1C_CDKN1B,0.781156063079834,0.0011039102561973364,2,0.5414047851196281,0.045694971457123756,0.3793103448275862
norman,200,coexpression,CEBPB_PTPN12,0.7103550434112549,0.000430740791781337,2,0.5555493887347185,0.03565751388669014,0.3333333333333333
norman,200,coexpression,CSRNP1,-0.36843588948249817,0.0027357097899936207,2,-0.12739143478586967,0.04285918176174164,0.21212121212121213
norman,200,coexpression,DUSP9_PRTG,0.6100027561187744,0.004758042022091849,2,0.47306757668941735,0.1506357043981552,0.42857142857142855
norman,200,coexpression,FOSB,0.31742776930332184,0.036519759545931806,2,0.3908617715442887,0.056324707344174385,0.02564102564102564
norman,200,coexpression,FOXA3,0.6562790870666504,0.011480295772185404,2,0.5626535663391585,0.024224990978837013,0.5384615384615384
norman,200,coexpression,FOXA3_FOXF1,0.618699699640274,0.004240183694438494,2,0.5197142428560715,0.05888470076024532,0.2903225806451613
norman,200,coexpression,FOXA3_FOXL2,0.45656710863113403,0.009635275331772506,2,0.5669706742668568,0.37921422719955444,0.42857142857142855
norman,200,coexpression,HES7,0.9699200093746185,0.003807335560231612,2,0.5622628065701644,0.7669675648212433,0.3793103448275862
norman,200,coexpression,HOXB9,0.7426794767379761,0.0040951563887125075,2,0.5679321983049577,0.013887030072510242,0.5384615384615384
norman,200,coexpression,IGDCC3_MAPK1,0.5205478966236115,0.004523831984916811,2,0.42742368559213983,0.023020568303763866,0.2903225806451613
norman,200,coexpression,IRF1_SET,0.38038891553878784,0.010696364389882775,2,0.242881572039301,0.12850400805473328,0.25
norman,200,coexpression,ISL2,0.24189136922359467,0.0025508958592733505,2,0.30997899947498686,0.024409722536802292,0.3333333333333333
norman,200,coexpression,KLF1_BAK1,0.1377272605895996,0.01263225343568516,2,0.020506262656566417,0.06273298524320126,0.21212121212121213
norman,200,coexpression,KLF1_CLDN6,0.7167180478572845,0.0024963999841487645,2,0.5629903247581189,0.08216811344027519,0.3333333333333333
norman,200,coexpression,KLF1_COL2A1,0.35176025331020355,0.001753372118325958,2,0.5238693467336684,0.07132227718830109,0.21212121212121213
norman,200,coexpression,KLF1_TGFBR2,0.3343833237886429,0.0027121707751002863,2,0.28786244656116405,0.05745084211230278,0.21212121212121213
norman,200,coexpression,LHX1,0.9664081931114197,0.004204906782234875,2,0.5025050626265657,0.09217602573335171,0.50997150997151
norman,200,coexpression,LHX1_ELMSAN1,0.27150948345661163,0.0028358296286312493,2,0.44938498462461574,0.2056298479437828,0.3333333333333333
norman,200,coexpression,LYL1_IER5L,0.8385676741600037,0.0007009020907361677,2,0.6787422185554639,0.03009587712585926,0.6666666666666666
norman,200,coexpression,MAP2K3_IKZF3,0.5423867404460907,0.006814766082574967,2,0.5377604440111003,0.21970267593860626,0.3333333333333333
norman,200,coexpression,MAP2K3_MAP2K6,-0.505020409822464,0.0011096843744433289,2,-0.17920123003075084,0.04666205309331417,0.2903225806451613
norman,200,coexpression,MAP2K6,-0.5276615023612976,0.009811364864851022,2,-0.1355943898597465,0.04202493280172348,0.3333333333333333
norman,200,coexpression,MAP7D1,-0.011199260130524635,0.0038623872469209356,2,0.2404882622065552,0.02692657709121704,0.05263157894736842
norman,200,coexpression,MAPK1_IKZF3,0.7659739255905151,0.0007463363934309116,2,0.6416267906697668,0.08448022231459618,0.3333333333333333
norman,200,coexpression,MAPK1_PRTG,0.5654314458370209,0.0030758348574765355,2,0.44885097127428186,0.02412604819983244,0.21212121212121213
norman,200,coexpression,OSR2,0.2699655145406723,0.008030302267053407,2,0.4586942173554339,0.07797678932547569,0.05263157894736842
norman,200,coexpression,PTPN1,0.7821291983127594,0.0029117150293751144,2,0.4338325958148954,0.02979960758239031,0.5384615384615384
norman,200,coexpression,PTPN12_SNAI1,0.6369966268539429,0.005498140681943148,2,0.47546293987213273,0.02068575844168663,0.48148148148148145
norman,200,coexpression,SAMD1_PTPN12,0.7553580403327942,0.001458871014356086,2,0.6215475217684087,0.06960932537913322,0.42857142857142855
norman,200,coexpression,SET,0.4937998354434967,0.012816308723132233,2,0.24336083402085057,0.05399830639362335,0.3333333333333333
norman,200,coexpression,SET_KLF1,0.42205607891082764,0.013800226901619054,2,0.24383184579614492,0.06678751856088638,0.2903225806451613
norman,200,coexpression,SGK1_TBX3,0.44343118369579315,0.007792931216240051,2,0.6072211805295133,0.21391700953245163,0.48148148148148145
norman,200,coexpression,SLC4A1,0.1628297194838524,0.0031862701372872056,2,0.16885172129303233,0.06338079646229744,0.25
norman,200,coexpression,TGFBR2_PRTG,0.700332522392273,7.822455083621932e-05,2,0.4522148053701343,0.035776497796177864,0.42857142857142855
norman,200,coexpression,TP73,0.7127248644828796,1.7448795283510128e-05,2,0.6040838520963024,0.30722014605998993,0.5384615384615384
norman,200,coexpression,UBASH3A,0.7047131657600403,0.0026124302580992557,2,0.48845776961593834,0.014515564311295748,0.42857142857142855
norman,200,coexpression,UBASH3B,0.7190229594707489,0.0023045475297271746,2,0.42790369759243985,0.012372265569865704,0.5384615384615384
norman,200,coexpression,ZBTB25,0.5743287205696106,0.0010962395297683537,2,0.3569331733293333,0.0188886821269989,0.2903225806451613
norman,200,combined,AHR_FEV,0.7161285281181335,0.0004889299763541748,3,0.6772144303607591,0.15907282133897147,0.2903225806451613
norman,200,combined,ARID1A,0.6670525272687277,0.0017451823203985949,3,0.5884422110552765,0.06357127924760182,0.6
norman,200,combined,BCL2L11,0.0089645159120361,0.004919860278853147,3,0.01833245831145779,0.026227856054902077,0.08108108108108109
norman,200,combined,BCORL1,0.47116324305534363,0.0013739543066847296,3,0.4292741428314046,0.01987299571434657,0.27688172043010756
norman,200,combined,C3orf72_FOXL2,0.6285671989123026,0.0005020600539085762,3,0.47531188279707,0.07916751752297084,0.42857142857142855
norman,200,combined,CBL_PTPN12,0.5833123524983724,0.00718193484899133,3,0.39441136028400714,0.07684583465258281,0.18835412953060013
norman,200,combined,CBL_TGFBR2,0.6296945015589396,0.012324566967506664,3,0.4158733968349209,0.03964997207125028,0.26344086021505375
norman,200,combined,CDKN1A,0.8085519075393677,0.11999214808801882,3,0.4031285782144554,0.08576008429129918,0.24817834495253852
norman,200,combined,CDKN1B,0.8187345067660013,0.009672092481336969,3,0.6670556766838622,0.013830319667855898,0.3957307060755337
norman,200,combined,CDKN1C,0.7511074940363566,0.008163391904990706,3,0.5835905897647442,0.02907579205930233,0.48148148148148145
norman,200,combined,CDKN1C_CDKN1A,0.4728700915972392,0.00232916955024281,3,0.44698817470436764,0.22081217666467032,0.3333333333333333
norman,200,combined,CDKN1C_CDKN1B,0.7657251358032227,0.004790852879022762,3,0.526635165879147,0.04703510676821073,0.3486590038314176
norman,200,combined,CEBPB_PTPN12,0.7100659608840942,0.010031168429111408,3,0.5649761244031102,0.03558426722884178,0.3639846743295019
norman,200,combined,CSRNP1,-0.3698812524477641,0.003721171631601342,3,-0.1399559988999725,0.042601423958937325,0.21212121212121213
norman,200,combined,DUSP9_PRTG,0.5946386655171713,0.00605968593625272,3,0.4657956448911223,0.15208092331886292,0.42857142857142855
norman,200,combined,FOSB,0.32474686702092487,0.02021346988827113,3,0.38634215855396387,0.05563332885503769,0.025641025641025644
norman,200,combined,FOXA3,0.6497636040051779,0.002413488410172706,3,0.5528126404783368,0.024593928828835487,0.5794871794871795
norman,200,combined,FOXA3_FOXF1,0.6227225263913473,0.0035431877616111623,3,0.5272261806545164,0.05852860088149706,0.2903225806451613
norman,200,combined,FOXA3_FOXL2,0.458156685034434,0.0004359051222827704,3,0.5779494487362185,0.37879865368207294,0.42857142857142855
norman,200,combined,HES7,0.6305561860402426,0.29971594814875047,3,0.5497072426810671,1.444858233133952,0.4133673903788846
norman,200,combined,HOXB9,0.7457815408706665,0.00245146503482864,3,0.5841216030400761,0.013716936421891054,0.6
norman,200,combined,IGDCC3_MAPK1,0.5331711570421854,0.0036024351084536976,3,0.4245451136278408,0.023024167244633038,0.3333333333333333
norman,200,combined,IRF1_SET,0.38878336548805237,0.002808505530121953,3,0.24496862421560542,0.12733733157316843,0.27688172043010756
norman,200,combined,ISL2,0.2493876963853836,0.006419051197820759,3,0.31427985699642497,0.025081141541401546,0.2903225806451613
norman,200,combined,KLF1_BAK1,0.1303913394610087,0.006953180819997149,3,0.016190404760119004,0.06425655881563823,0.20023767082590613
norman,200,combined,KLF1_CLDN6,0.7005560199419657,0.00183871145182647,3,0.5488167204180106,0.08297174672285716,0.2903225806451613
norman,200,combined,KLF1_COL2A1,0.35312749942143756,0.003849927117483578,3,0.5125738143453588,0.07110877831776936,0.22474747474747478
norman,200,combined,KLF1_TGFBR2,0.314886877934138,0.005752081396906861,3,0.2764799119978,0.058815316607554756,0.18835412953060013
norman,200,combined,LHX1,0.810549815495809,0.13930303277589684,3,0.4931833295832397,0.08791796366373698,0.40012516356602373
norman,200,combined,LHX1_ELMSAN1,0.27315858006477356,0.0015057035303263804,3,0.4516792919822996,0.20576258997122446,0.3333333333333333
norman,200,combined,LYL1_IER5L,0.8317974209785461,0.0009216918197455694,3,0.6885377134428362,0.0303307647506396,0.6666666666666666
norman,200,combined,MAP2K3_IKZF3,0.5268897811571757,0.003182677634352478,3,0.5362119052976325,0.22200696170330048,0.2903225806451613
norman,200,combined,MAP2K3_MAP2K6,-0.49607227245966595,0.005360503207476478,3,-0.1856676416910423,0.047896988689899445,0.2903225806451613
norman,200,combined,MAP2K6,-0.5240503946940104,0.007438307094875767,3,-0.1426490662266557,0.041823551058769226,0.3333333333333333
norman,200,combined,MAP7D1,-0.010352989037831625,0.007952524979931517,3,0.23854096352408816,0.026744202400247257,0.05263157894736842
norman,200,combined,MAPK1_IKZF3,0.7699995239575704,0.0023604806964660713,3,0.6685687142178555,0.08388040959835052,0.3333333333333333
norman,200,combined,MAPK1_PRTG,0.5674047072728475,0.0049247529353366355,3,0.446835170879272,0.024295809989174206,0.22474747474747478
norman,200,combined,OSR2,0.2964126169681549,0.00601750551211925,3,0.4655591389784745,0.07660038769245148,0.06211474632527264
norman,200,combined,PTPN1,0.7559682925542196,0.0011457678950396108,3,0.4241281032025801,0.03151656066377958,0.5004748338081672
norman,200,combined,PTPN12_SNAI1,0.6321432590484619,0.00410733142685406,3,0.4878948803326228,0.02103281331559022,0.48148148148148145
norman,200,combined,SAMD1_PTPN12,0.729173998037974,0.0012081652132965573,3,0.6071216557120565,0.0719010978937149,0.37931034482758613
norman,200,combined,SET,0.49417378505071,0.004317287365671778,3,0.2397669941748544,0.05464296539624532,0.3486590038314176
norman,200,combined,SET_KLF1,0.41948391993840534,0.009033459453857915,3,0.25768744218605466,0.06706170737743378,0.2903225806451613
norman,200,combined,SGK1_TBX3,0.43666985630989075,0.0031617722783597656,3,0.6059591489787245,0.2147940844297409,0.48148148148148145
norman,200,combined,SLC4A1,0.16354654729366302,0.0018691585430468812,3,0.18208355208880223,0.06497545291980107,0.25
norman,200,combined,TGFBR2_PRTG,0.6803746819496155,0.0028756732849824326,3,0.437489437235931,0.03724762797355652,0.42857142857142855
norman,200,combined,TP73,0.702578047911326,0.0043298494802619875,3,0.607811195279882,0.30816684166590375,0.5004748338081672
norman,200,combined,UBASH3A,0.6938167214393616,0.005739748193830029,3,0.4993594212453492,0.015353932045400143,0.42857142857142855
norman,200,combined,UBASH3B,0.7052223086357117,0.003745478727101123,3,0.442491062276557,0.012913228323062262,0.48148148148148145
norman,200,combined,ZBTB25,0.5551252762476603,0.004287960123815388,3,0.3691952298807471,0.019837267696857452,0.25
norman,200,gene_ontology,AHR_FEV,0.717853456735611,0.0005264562847495773,2,0.694406360159004,0.15933306515216827,0.2903225806451613
norman,200,gene_ontology,ARID1A,0.6657893061637878,0.0010902546772798068,2,0.5928620715517889,0.0634244866669178,0.6
norman,200,gene_ontology,BCL2L11,0.0036184722557663918,0.0019487662251114787,2,0.019807995199880003,0.02665200922638178,0.08108108108108109
norman,200,gene_ontology,BCORL1,0.4722736030817032,0.0002752821410489044,2,0.424860280829656,0.019848114810884,0.25
norman,200,gene_ontology,C3orf72_FOXL2,0.6249852776527405,0.0007083199360740851,2,0.4761636540913524,0.07918579503893852,0.42857142857142855
norman,200,gene_ontology,CBL_PTPN12,0.5759563148021698,0.0004751214232633084,2,0.4037770944273607,0.0775366835296154,0.19429590017825313
norman,200,gene_ontology,CBL_TGFBR2,0.6193029582500458,0.0017486305978684825,2,0.4103105077626941,0.04013355262577534,0.25
norman,200,gene_ontology,CDKN1A,0.6234921813011169,0.040798233652242444,2,0.49678391959798995,0.13999418914318085,0.42857142857142855
norman,200,gene_ontology,CDKN1B,0.8078004121780396,0.0009177897731732285,2,0.6637378412495989,0.014567032922059298,0.3793103448275862
norman,200,gene_ontology,CDKN1C,0.7398365139961243,0.002715184274768815,2,0.5784399609990251,0.030021273531019688,0.48148148148148145
norman,200,gene_ontology,CDKN1C_CDKN1A,0.46666795015335083,0.0005296172983878944,2,0.42040576014400366,0.22180550545454025,0.3333333333333333
norman,200,gene_ontology,CDKN1C_CDKN1B,0.7590914368629456,0.0012828657749745925,2,0.5276036900922525,0.047548748552799225,0.3333333333333333
norman,200,gene_ontology,CEBPB_PTPN12,0.7154882252216339,0.000324151411897286,2,0.5785352133803346,0.03512438200414181,0.3793103448275862
norman,200,gene_ontology,CSRNP1,-0.361968070268631,0.002647412142363298,2,-0.13896422410560266,0.04301244765520096,0.21212121212121213
norman,200,gene_ontology,DUSP9_PRTG,0.5865572392940521,0.00011451298740409908,2,0.46518337958448963,0.1529649943113327,0.42857142857142855
norman,200,gene_ontology,FOSB,0.3598782867193222,0.001482199295006866,2,0.41853071326783176,0.05322863161563873,0.02564102564102564
norman,200,gene_ontology,FOXA3,0.6466805636882782,0.006535753945432848,2,0.5569991749793746,0.024913237430155277,0.5384615384615384
norman,200,gene_ontology,FOXA3_FOXF1,0.6225348114967346,0.0009314453520907581,2,0.5336578414460362,0.058446744456887245,0.2903225806451613
norman,200,gene_ontology,FOXA3_FOXL2,0.4599202871322632,0.0009333841071222592,2,0.5775586889672242,0.37837690114974976,0.42857142857142855
norman,200,gene_ontology,HES7,0.5049316883087158,0.043715048450287376,2,0.5678489462236556,1.8175408244132996,0.3793103448275862
norman,200,gene_ontology,HOXB9,0.7490378320217133,0.0005958299973985089,2,0.5942346058651466,0.013454064261168242,0.6
norman,200,gene_ontology,IGDCC3_MAPK1,0.531832367181778,0.0013142651771152086,2,0.43416410410260264,0.023157693445682526,0.3118279569892473
norman,200,gene_ontology,IRF1_SET,0.39212776720523834,0.001763782389908149,2,0.25075151878796975,0.12704189121723175,0.2903225806451613
norman,200,gene_ontology,ISL2,0.2522853687405586,0.003234844380196011,2,0.31025875646891177,0.024619226343929768,0.2903225806451613
norman,200,gene_ontology,KLF1_BAK1,0.124571293592453,0.000900045949950142,2,0.0032228305707642695,0.06479131057858467,0.19429590017825313
norman,200,gene_ontology,KLF1_CLDN6,0.6959177851676941,0.0009416448894303944,2,0.5354226355658893,0.08467702940106392,0.2903225806451613
norman,200,gene_ontology,KLF1_COL2A1,0.35551728308200836,0.0015661558172405667,2,0.515644641116028,0.0710781030356884,0.25
norman,200,gene_ontology,KLF1_TGFBR2,0.3085092753171921,3.934408308491958e-05,2,0.26546838670966777,0.059072220697999,0.17647058823529413
norman,200,gene_ontology,LHX1,0.3403182029724121,0.030842684418635656,2,0.4820528013200331,0.1976812332868576,0.455026455026455
norman,200,gene_ontology,LHX1_ELMSAN1,0.2761554718017578,0.0004703588293815774,2,0.46378534463361587,0.2049688771367073,0.3333333333333333
norman,200,gene_ontology,LYL1_IER5L,0.830056756734848,0.0007978819891597349,2,0.6892597314932873,0.03080611675977707,0.6666666666666666
norman,200,gene_ontology,MAP2K3_IKZF3,0.5282694101333618,0.0020338383217417023,2,0.5377311932798321,0.22150835394859314,0.3333333333333333
norman,200,gene_ontology,MAP2K3_MAP2K6,-0.4914789944887161,0.001876735943917345,2,-0.1804620115502888,0.04771462641656399,0.2903225806451613
norman,200,gene_ontology,MAP2K6,-0.513833612203598,0.00048068480726674645,2,-0.1335940898522463,0.041600460186600685,0.3333333333333333
norman,200,gene_ontology,MAP7D1,0.0015893061645328999,0.0051714387271664455,2,0.22616590414760374,0.027214614674448967,0.06685633001422475
norman,200,gene_ontology,MAPK1_IKZF3,0.7688106894493103,0.0013651364232678577,2,0.6748743718592967,0.0835922546684742,0.3333333333333333
norman,200,gene_ontology,MAPK1_PRTG,0.5689691305160522,0.0009474611545248978,2,0.4538393459836496,0.02417562436312437,0.25
norman,200,gene_ontology,OSR2,0.30153222382068634,0.0026807713729596703,2,0.4741603540088503,0.0761326290667057,0.05263157894736842
norman,200,gene_ontology,PTPN1,0.7532960176467896,0.001957299644845919,2,0.4141371034275857,0.03190990723669529,0.48148148148148145
norman,200,gene_ontology,PTPN12_SNAI1,0.6343198120594025,0.001168942843449646,2,0.4842760385045111,0.020981757901608944,0.48148148148148145
norman,200,gene_ontology,SAMD1_PTPN12,0.7294532060623169,0.003079248752205918,2,0.6116187698263273,0.07167341560125351,0.40394088669950734
norman,200,gene_ontology,SET,0.48641809821128845,0.0005881592709695262,2,0.23210230255756398,0.055099137127399445,0.3793103448275862
norman,200,gene_ontology,SET_KLF1,0.4088197946548462,0.00011034044940152057,2,0.23550588764719121,0.06795750185847282,0.2903225806451613
norman,200,gene_ontology,SGK1_TBX3,0.43579334020614624,0.0011837363872769697,2,0.59812795319883,0.21469717472791672,0.48148148148148145
norman,200,gene_ontology,SLC4A1,0.16809630393981934,0.00045788336222235277,2,0.1852321308032701,0.06315498054027557,0.25
norman,200,gene_ontology,TGFBR2_PRTG,0.6737427115440369,0.0018992212875979068,2,0.450793519837996,0.03768723085522652,0.42857142857142855
norman,200,gene_ontology,TP73,0.6974978148937225,2.726901098654844e-05,2,0.5945916147903698,0.3089229613542557,0.48148148148148145
norman,200,gene_ontology,UBASH3A,0.695439875125885,0.00463126430177108,2,0.49416503943791057,0.0152138308621943,0.42857142857142855
norman,200,gene_ontology,UBASH3B,0.6971662938594818,0.004113827442602834,2,0.43036450911272783,0.013130735140293837,0.48148148148148145
norman,200,gene_ontology,ZBTB25,0.5463882684707642,0.0034177722394454187,2,0.3505490137253432,0.02023566234856844,0.25
norman,200,no_graph,AHR_FEV,0.7399054765701294,0.0002618162229496737,2,0.6810567764194106,0.15468257665634155,0.2903225806451613
norman,200,no_graph,ARID1A,0.689520388841629,0.0003297990895977458,2,0.5983477086927174,0.061265258118510246,0.6
norman,200,no_graph,BCL2L11,0.031807854771614075,0.0003062073911437729,2,0.0021413035325883152,0.026397342793643475,0.1111111111111111
norman,200,no_graph,BCORL1,0.47474581003189087,0.00016546852725376996,2,0.4235222468770443,0.02046979870647192,0.25
norman,200,no_graph,C3orf72_FOXL2,0.6493183672428131,0.00037902660865847,2,0.473614340358509,0.07662961259484291,0.48148148148148145
norman,200,no_graph,CBL_PTPN12,0.6045188009738922,0.0014144903828741146,2,0.3895447386184655,0.07426582649350166,0.21212121212121213
norman,200,no_graph,CBL_TGFBR2,0.6651830673217773,0.00015670198276350402,2,0.4309472736818421,0.036548126488924026,0.2903225806451613
norman,200,no_graph,CDKN1A,0.9481105804443359,0.0013365608599774715,2,0.4880087002175055,0.03121003694832325,0.48148148148148145
norman,200,no_graph,CDKN1B,0.8302680850028992,0.0005887914736971896,2,0.6644889855915659,0.01330343633890152,0.3793103448275862
norman,200,no_graph,CDKN1C,0.7591438889503479,0.0012201512643903822,2,0.5862289057226431,0.028411786071956158,0.48148148148148145
norman,200,no_graph,CDKN1C_CDKN1A,0.48305875062942505,0.0008822178330300339,2,0.42679516987924704,0.2189866006374359,0.3793103448275862
norman,200,no_graph,CDKN1C_CDKN1B,0.7875081300735474,0.0008540637382247567,2,0.5446913672841822,0.045045651495456696,0.3333333333333333
norman,200,no_graph,CEBPB_PTPN12,0.7050457298755646,0.0006607361441052857,2,0.5580462011550289,0.03590717725455761,0.3333333333333333
norman,200,no_graph,CSRNP1,-0.37863633036613464,0.00021018633352382855,2,-0.13886072151803797,0.0435183010995388,0.25
norman,200,no_graph,DUSP9_PRTG,0.6076368689537048,0.000652686096039705,2,0.4761936548413711,0.15003574639558792,0.48148148148148145
norman,200,no_graph,FOSB,0.28454679250717163,0.0013143916176607412,2,0.3942248556213906,0.05893581360578537,0.05263157894736842
norman,200,no_graph,FOXA3,0.6765323281288147,0.000227508688261806,2,0.5812022800570015,0.02313056029379368,0.6
norman,200,no_graph,FOXA3_FOXF1,0.6487849056720734,0.0002323555758405588,2,0.5609840246006151,0.05595399998128414,0.3333333333333333
norman,200,no_graph,FOXA3_FOXL2,0.47786128520965576,0.0001391267469344612,2,0.5977461936548414,0.37393367290496826,0.48148148148148145
norman,200,no_graph,HES7,0.940749853849411,0.0010533761848327745,2,0.5770396759918999,1.305056393146515,0.3793103448275862
norman,200,no_graph,HOXB9,0.7495760321617126,0.0008602171781073472,2,0.5751653791344784,0.01367114344611764,0.5384615384615384
norman,200,no_graph,IGDCC3_MAPK1,0.5103611052036285,0.00021010203982680674,2,0.4080979524488113,0.02436736226081848,0.2903225806451613
norman,200,no_graph,IRF1_SET,0.37263020873069763,6.553834943444021e-05,2,0.20701342533563338,0.12960591167211533,0.25
norman,200,no_graph,ISL2,0.2527344077825546,0.00020982808531148594,2,0.32124803120078005,0.02502075769007206,0.3333333333333333
norman,200,no_graph,KLF1_BAK1,0.11786660552024841,0.0008658016355350406,2,0.007971199279982001,0.06512973830103874,0.17647058823529413
norman,200,no_graph,KLF1_CLDN6,0.7196618616580963,0.0006558471096780221,2,0.552017550438761,0.08124125376343727,0.3333333333333333
norman,200,no_graph,KLF1_COL2A1,0.33395741879940033,0.0006314651578144698,2,0.5141641041026026,0.072980597615242,0.21212121212121213
norman,200,no_graph,KLF1_TGFBR2,0.3080972731113434,0.0008212313432347702,2,0.2745061126528164,0.05894739367067814,0.21212121212121213
norman,200,no_graph,LHX1,0.9201459586620331,0.0017434886823501534,2,0.5004545113627842,0.044976215809583664,0.48148148148148145
norman,200,no_graph,LHX1_ELMSAN1,0.24152297526597977,0.0007343772251659454,2,0.47042076051901305,0.210282564163208,0.3333333333333333
norman,200,no_graph,LYL1_IER5L,0.8653472661972046,0.0005865155438776014,2,0.7021848046201156,0.027806484140455723,0.7391304347826086
norman,200,no_graph,MAP2K3_IKZF3,0.5417713820934296,0.0019993200528112803,2,0.5157076426910674,0.21913059055805206,0.3333333333333333
norman,200,no_graph,MAP2K3_MAP2K6,-0.4975265711545944,9.691667815080082e-05,2,-0.19895222380559516,0.048498015850782394,0.2903225806451613
norman,200,no_graph,MAP2K6,-0.5353555679321289,0.0008956205308564982,2,-0.17928073201830047,0.04256437532603741,0.3333333333333333
norman,200,no_graph,MAP7D1,-0.007084189914166927,0.0005452274374051168,2,0.22201155028875724,0.027857905253767967,0.05263157894736842
norman,200,no_graph,MAPK1_IKZF3,0.7606427073478699,9.339741630014117e-05,2,0.644300607515188,0.08438936248421669,0.3333333333333333
norman,200,no_graph,MAPK1_PRTG,0.5556469559669495,0.0004715389411398824,2,0.40477761944048607,0.02512775082141161,0.21212121212121213
norman,200,no_graph,OSR2,0.2436010092496872,0.0004613604772245015,2,0.45149253731343286,0.0810699537396431,0.08108108108108109
norman,200,no_graph,PTPN1,0.7872279584407806,0.0014092641736587637,2,0.43248106202655073,0.029010954312980175,0.48148148148148145
norman,200,no_graph,PTPN12_SNAI1,0.6483653485774994,0.00019526634915097206,2,0.49022443944518546,0.020336306653916836,0.48148148148148145
norman,200,no_graph,SAMD1_PTPN12,0.7614917457103729,0.0026343887661734317,2,0.6210787598735755,0.06788845360279083,0.42857142857142855
norman,200,no_graph,SET,0.4753982424736023,0.000654624851071206,2,0.2255163879096978,0.05616835504770279,0.3333333333333333
norman,200,no_graph,SET_KLF1,0.4018450379371643,1.4329928493703971e-05,2,0.20444386109652746,0.06858450174331665,0.25
norman,200,no_graph,SGK1_TBX3,0.4137517809867859,0.0006604411161657094,2,0.6173096827420688,0.21805132180452347,0.48148148148148145
norman,200,no_graph,SLC4A1,0.1518554911017418,0.0012840564234450254,2,0.17780769519237982,0.06549837067723274,0.2903225806451613
norman,200,no_graph,TGFBR2_PRTG,0.716810405254364,0.0014276823464580244,2,0.4577109427735695,0.034137312322854996,0.48148148148148145
norman,200,no_graph,TP73,0.7134177088737488,0.000381428979023591,2,0.6425253131328283,0.3056311458349228,0.5384615384615384
norman,200,no_graph,UBASH3A,0.7059724926948547,0.0009033755509825027,2,0.48828264017202877,0.015139206312596798,0.42857142857142855
norman,200,no_graph,UBASH3B,0.7275257110595703,0.0004300664422051627,2,0.43442736068401716,0.012550164479762316,0.48148148148148145
norman,200,no_graph,ZBTB25,0.5782978236675262,0.0011895105055229622,2,0.34603840096002403,0.019269746728241444,0.2903225806451613
norman,200,random,AHR_FEV,0.7124408781528473,0.0034580224797733225,2,0.6774146853671343,0.16061913967132568,0.2701612903225806
norman,200,random,ARID1A,0.672813892364502,0.0018693813188521938,2,0.5926243156078903,0.06303759664297104,0.6
norman,200,random,BCL2L11,-0.009679553098976612,0.0038865229031385022,2,-0.01606390159753994,0.02599136997014284,0.08108108108108109
norman,200,random,BCORL1,0.4773772060871124,0.004003908461686422,2,0.42455277302664546,0.019309593364596367,0.25
norman,200,random,C3orf72_FOXL2,0.6317610442638397,0.0006796179322381663,2,0.4695432385809646,0.07867737859487534,0.42857142857142855
norman,200,random,CBL_PTPN12,0.5736674070358276,0.009960311827488522,2,0.38586289657241435,0.0775974877178669,0.17647058823529413
norman,200,random,CBL_TGFBR2,0.6104680001735687,0.002614242572585224,2,0.4035055876396911,0.040851911529898643,0.25
norman,200,random,CDKN1A,0.8194011449813843,0.17203155021018937,2,0.462222305557639,0.39600800909101963,0.26705653021442494
norman,200,random,CDKN1B,0.8069960176944733,0.00030046488303416355,2,0.6537247084114255,0.014441309031099081,0.3793103448275862
norman,200,random,CDKN1C,0.7395655512809753,0.00043706281905797113,2,0.5690602265056628,0.02996518649160862,0.48148148148148145
norman,200,random,CDKN1C_CDKN1A,0.4682721197605133,0.0018958073928685244,2,0.4381827045676142,0.2221989408135414,0.3333333333333333
norman,200,random,CDKN1C_CDKN1B,0.7552334070205688,0.003381863124514137,2,0.519868746718668,0.048301901668310165,0.3333333333333333
norman,200,random,CEBPB_PTPN12,0.7139690518379211,0.0013378252654327983,2,0.5656198904972625,0.03519895300269127,0.3793103448275862
norman,200,random,CSRNP1,-0.3702428936958313,0.0025127951082195023,2,-0.1376359408985225,0.04313002713024616,0.21212121212121213
norman,200,random,DUSP9_PRTG,0.5819783508777618,0.0021470869036904748,2,0.4586057151428786,0.15425993502140045,0.42857142857142855
norman,200,random,FOSB,0.3625610023736954,0.004244419452713839,2,0.42601140028500717,0.052761973813176155,0.02564102564102564
norman,200,random,FOXA3,0.6528440117835999,0.007979157066385436,2,0.5513417835445887,0.02449409570544958,0.5384615384615384
norman,200,random,FOXA3_FOXF1,0.6335607171058655,0.005401961573641288,2,0.5436705917647942,0.05762016773223877,0.2903225806451613
norman,200,random,FOXA3_FOXL2,0.46082720160484314,0.0028903887240286016,2,0.5686649666241657,0.37851986289024353,0.42857142857142855
norman,200,random,HES7,0.9272315800189972,0.060940423289841256,2,0.5354616365409136,0.6769863963127136,0.3793103448275862
norman,200,random,HOXB9,0.7544008791446686,0.003282438708876938,2,0.5883882097052427,0.013308982830494642,0.6
norman,200,random,IGDCC3_MAPK1,0.5416382551193237,0.0034735746668738427,2,0.43702992574814375,0.022351820021867752,0.3333333333333333
norman,200,random,IRF1_SET,0.3977397084236145,0.00212234670361458,2,0.2633353333833346,0.12629985064268112,0.2903225806451613
norman,200,random,ISL2,0.26349709928035736,0.001855620372813387,2,0.3025350633765845,0.02462245523929596,0.2903225806451613
norman,200,random,KLF1_BAK1,0.1154121607542038,0.0019699647728234427,2,-0.002893572339308483,0.06526362150907516,0.17647058823529413
norman,200,random,KLF1_CLDN6,0.6893952488899231,0.0037595831808687695,2,0.5386169654241357,0.08615944907069206,0.3118279569892473
norman,200,random,KLF1_COL2A1,0.35993002355098724,0.002222677276494763,2,0.5016665416635416,0.07046391069889069,0.25
norman,200,random,KLF1_TGFBR2,0.30188438296318054,5.913202846078433e-05,2,0.26402610065251636,0.05941112898290157,0.17647058823529413
norman,200,random,LHX1,0.8999611735343933,0.09778102572006224,2,0.43060901522538075,0.8686621263623238,0.3203463203463203
norman,200,random,LHX1_ELMSAN1,0.2755512297153473,5.188277051691055e-05,2,0.45855471386784674,0.20507395267486572,0.3333333333333333
norman,200,random,LYL1_IER5L,0.8286310434341431,0.00012188868589350553,2,0.6835190879771995,0.03122393786907196,0.6666666666666666
norman,200,random,MAP2K3_IKZF3,0.5163005590438843,0.003456210165287354,2,0.5273074326858171,0.2240157648921013,0.2903225806451613
norman,200,random,MAP2K3_MAP2K6,-0.5020045638084412,0.004266525474757803,2,-0.18247506187654694,0.04765905812382698,0.2903225806451613
norman,200,random,MAP2K6,-0.5264719426631927,0.0030506310420670207,2,-0.14482412060301508,0.041751330718398094,0.3333333333333333
norman,200,random,MAP7D1,0.002044165041297674,0.0011879846578979664,2,0.21870546763669096,0.02707734238356352,0.08108108108108109
norman,200,random,MAPK1_IKZF3,0.7622820734977722,0.00328205938724034,2,0.6381752043801096,0.08571237698197365,0.3333333333333333
norman,200,random,MAPK1_PRTG,0.5759909451007843,0.001984315774741402,2,0.4382359558988975,0.024001197889447212,0.25
norman,200,random,OSR2,0.310598224401474,0.0015054432819606239,2,0.46908722718067963,0.07563317567110062,0.08108108108108109
norman,200,random,PTPN1,0.7465072870254517,0.0009238589193587972,2,0.397684692117303,0.03249865025281906,0.48148148148148145
norman,200,random,PTPN12_SNAI1,0.6351134479045868,0.001980859733163509,2,0.493233890810014,0.020898091606795788,0.48148148148148145
norman,200,random,SAMD1_PTPN12,0.7227631211280823,0.0008128441203811023,2,0.6042517078871301,0.0724804550409317,0.40394088669950734
norman,200,random,SET,0.494820311665535,0.00034318071399995465,2,0.2328035700892523,0.054179929196834564,0.3793103448275862
norman,200,random,SET_KLF1,0.405056893825531,0.001716219671363605,2,0.2385907147678692,0.06863752380013466,0.2903225806451613
norman,200,random,SGK1_TBX3,0.4371251165866852,0.001267566468965138,2,0.5962904072601816,0.2145649939775467,0.48148148148148145
norman,200,random,SLC4A1,0.1728876605629921,0.0009066103216057138,2,0.17944048601215035,0.06343396008014679,0.25
norman,200,random,TGFBR2_PRTG,0.6733105480670929,0.001950851177023752,2,0.4394592364809121,0.037755828350782394,0.42857142857142855
norman,200,random,TP73,0.6981095373630524,0.00046079149476960446,2,0.5883739593489838,0.30844439566135406,0.48148148148148145
norman,200,random,UBASH3A,0.701137363910675,0.0055567248013732905,2,0.476077205459122,0.015497606247663498,0.42857142857142855
norman,200,random,UBASH3B,0.6946630775928497,0.0032901937290029425,2,0.42746793669841754,0.01344066858291626,0.48148148148148145
norman,200,random,ZBTB25,0.5414263010025024,0.005638573981181447,2,0.34746193654841373,0.020105241797864437,0.25
norman,200,string_ppi,AHR_FEV,0.7206821143627167,0.001926996060766586,2,0.6872309307732694,0.15784336626529694,0.25
norman,200,string_ppi,ARID1A,0.6678247153759003,0.0028273370386563044,2,0.5884114602865073,0.06345417350530624,0.6
norman,200,string_ppi,BCL2L11,0.0063398657366633415,0.00030887976475716674,2,0.01463511587789695,0.025947920978069305,0.08108108108108109
norman,200,string_ppi,BCORL1,0.4722875505685806,0.00036648792122647903,2,0.4241395125401606,0.020385095849633217,0.2701612903225806
norman,200,string_ppi,C3orf72_FOXL2,0.6313748061656952,0.010366986768770138,2,0.47829595739893505,0.07861208915710449,0.42857142857142855
norman,200,string_ppi,CBL_PTPN12,0.5845491588115692,0.01129202579988724,2,0.3936825920648017,0.07682638615369797,0.19429590017825313
norman,200,string_ppi,CBL_TGFBR2,0.6315243542194366,0.003504721187923393,2,0.40349733743343585,0.039226531982421875,0.2903225806451613
norman,200,string_ppi,CDKN1A,0.9037481248378754,0.025370506195375217,2,0.41835145878646973,0.06981399655342102,0.2727272727272727
norman,200,string_ppi,CDKN1B,0.8099820613861084,0.0015397086697999808,2,0.6623248048639117,0.014683726709336042,0.3793103448275862
norman,200,string_ppi,CDKN1C,0.7390753626823425,0.0008745471066010512,2,0.5762761569039228,0.029816508293151855,0.48148148148148145
norman,200,string_ppi,CDKN1C_CDKN1A,0.4680427610874176,0.0005641777141668275,2,0.4254541363534089,0.22142889350652695,0.3333333333333333
norman,200,string_ppi,CDKN1C_CDKN1B,0.7692756056785583,0.009061488136145195,2,0.5282022050551265,0.047218820080161095,0.3563218390804598
norman,200,string_ppi,CEBPB_PTPN12,0.7119854092597961,0.0003440025775459171,2,0.5685014625365634,0.03531670197844505,0.3333333333333333
norman,200,string_ppi,CSRNP1,-0.3642319291830063,0.0014859082176758246,2,-0.14110402760069002,0.04274026118218899,0.21212121212121213
norman,200,string_ppi,DUSP9_PRTG,0.5924713313579559,0.002728376238352725,2,0.45761644041101035,0.15291692316532135,0.42857142857142855
norman,200,string_ppi,FOSB,0.3284357786178589,0.004315668700121505,2,0.39549088727218185,0.055164067074656487,0.02564102564102564
norman,200,string_ppi,FOXA3,0.645715594291687,0.006056164956227386,2,0.5576711917797945,0.02501926477998495,0.5384615384615384
norman,200,string_ppi,FOXA3_FOXF1,0.6233373582363129,0.0031634160086821735,2,0.5350663766594166,0.05848296172916889,0.2903225806451613
norman,200,string_ppi,FOXA3_FOXL2,0.4564935117959976,0.002061676315183148,2,0.5809390234755869,0.3786107748746872,0.42857142857142855
norman,200,string_ppi,HES7,0.9717655181884766,0.00030278295970226273,2,0.5694232355808896,0.6631143689155579,0.3793103448275862
norman,200,string_ppi,HOXB9,0.7459661364555359,0.003590321437249019,2,0.5832648316207907,0.013724695425480604,0.5692307692307692
norman,200,string_ppi,IGDCC3_MAPK1,0.5175768733024597,0.004077201831246867,2,0.4196842421060527,0.023492174223065376,0.2903225806451613
norman,200,string_ppi,IRF1_SET,0.3856210261583328,0.0017964040506555808,2,0.23690167254181357,0.12795306742191315,0.25
norman,200,string_ppi,ISL2,0.24972929060459137,0.0033015944515251395,2,0.31549913747843694,0.02505128737539053,0.3333333333333333
norman,200,string_ppi,KLF1_BAK1,0.1257309690117836,0.00017660583197277372,2,0.0076704417610440265,0.06365133076906204,0.21212121212121213
norman,200,string_ppi,KLF1_CLDN6,0.6990189552307129,0.0006048915698283512,2,0.5427548188704718,0.08382001891732216,0.2903225806451613
norman,200,string_ppi,KLF1_COL2A1,0.3507181853055954,0.0011272385368481163,2,0.511838295957399,0.07142318785190582,0.21212121212121213
norman,200,string_ppi,KLF1_TGFBR2,0.3150983154773712,0.0023818448498961545,2,0.27201905047626196,0.0583398062735796,0.21212121212121213
norman,200,string_ppi,LHX1,0.968290776014328,0.0002742495432603875,2,0.5050033750843772,0.8126661777496338,0.48148148148148145
norman,200,string_ppi,LHX1_ELMSAN1,0.27108633518218994,0.006624304474154237,2,0.45480162004050106,0.20632446557283401,0.3333333333333333
norman,200,string_ppi,LYL1_IER5L,0.83805251121521,0.010073096794103674,2,0.6822148053701343,0.030645624734461308,0.6666666666666666
norman,200,string_ppi,MAP2K3_IKZF3,0.5359917283058167,0.006755381173023117,2,0.5232453311332783,0.22145046293735504,0.3333333333333333
norman,200,string_ppi,MAP2K3_MAP2K6,-0.4940919131040573,0.0042684010095165375,2,-0.18391284782119555,0.046903759241104126,0.2903225806451613
norman,200,string_ppi,MAP2K6,-0.5253001749515533,0.01127971892012206,2,-0.1539450986274657,0.041772209107875824,0.3333333333333333
norman,200,string_ppi,MAP7D1,-0.007932997308671474,0.011766263456420836,2,0.22006000150003752,0.02677641250193119,0.05263157894736842
norman,200,string_ppi,MAPK1_IKZF3,0.7667653560638428,0.0014223718435456517,2,0.6603165079126978,0.08498464897274971,0.3333333333333333
norman,200,string_ppi,MAPK1_PRTG,0.5643171668052673,0.005385271421630974,2,0.44929123228080703,0.02434858586639166,0.23106060606060608
norman,200,string_ppi,OSR2,0.27741222083568573,0.0026305744763831956,2,0.44906397659941505,0.07734105363488197,0.05263157894736842
norman,200,string_ppi,PTPN1,0.764265239238739,0.01051892615765191,2,0.4148803720093003,0.03091424982994795,0.50997150997151
norman,200,string_ppi,PTPN12_SNAI1,0.6414821147918701,0.004089424417315026,2,0.49339101979716204,0.020457303151488304,0.48148148148148145
norman,200,string_ppi,SAMD1_PTPN12,0.7426369786262512,0.004843094362386833,2,0.5981701785683233,0.07127240300178528,0.42857142857142855
norman,200,string_ppi,SET,0.483990341424942,0.0007838892354541181,2,0.22696242406060152,0.0551220066845417,0.3333333333333333
norman,200,string_ppi,SET_KLF1,0.41187191009521484,0.0038877096003418874,2,0.23057601440036005,0.06765039265155792,0.2903225806451613
norman,200,string_ppi,SGK1_TBX3,0.4365236312150955,0.0004964266551855653,2,0.5989424735618392,0.2149069383740425,0.48148148148148145
norman,200,string_ppi,SLC4A1,0.16661294549703598,0.002482965676185917,2,0.18761194029850747,0.06379921734333038,0.25
norman,200,string_ppi,TGFBR2_PRTG,0.6901198923587799,0.00395147778213887,2,0.4436053401335034,0.03651921637356281,0.42857142857142855
norman,200,string_ppi,TP73,0.703737199306488,0.009172755816213955,2,0.6017242931073278,0.30797944962978363,0.50997150997151
norman,200,string_ppi,UBASH3A,0.7029314637184143,0.009393436715016997,2,0.4836576478128473,0.015056322328746319,0.42857142857142855
norman,200,string_ppi,UBASH3B,0.7114322483539581,0.012611896507854397,2,0.4304965124128104,0.012672078795731068,0.5384615384615384
norman,200,string_ppi,ZBTB25,0.5499492883682251,0.0005494263171880146,2,0.3409532738318458,0.020231112837791443,0.25
norman,500,combined,AHR_FEV,0.5607682466506958,0.000566949903309281,3,0.5696614283175877,0.1779247671365738,0.12169312169312169
norman,500,combined,ARID1A,0.6929444273312887,0.0018108200721471948,3,0.5281344578882862,0.04099225997924805,0.3486590038314176
norman,500,combined,BCL2L11,-0.009183872801562151,0.0008870548800374735,3,-0.025467448314668416,0.01876288962860902,0.05263157894736842
norman,500,combined,BCORL1,0.318618506193161,0.0015912962117232072,3,0.33188073545321745,0.018249782423178356,0.22474747474747478
norman,500,combined,C3orf72_FOXL2,0.6709282795588175,0.002134769130698572,3,0.4460214321992731,0.04546059047182401,0.26344086021505375
norman,500,combined,CBL_PTPN12,0.6013307770093282,0.002608797600073811,3,0.3457824480261293,0.041062019765377045,0.06211474632527264
norman,500,combined,CBL_TGFBR2,0.6116971770922343,0.0016710207738780897,3,0.37784190657224453,0.021937378371755283,0.08108108108108109
norman,500,combined,CDKN1A,0.8476560910542806,0.07539864377848714,3,0.4547501179144746,0.033359396581848465,0.20023767082590613
norman,500,combined,CDKN1B,0.7843618194262186,0.0031865768788319343,3,0.5566819468088888,0.010980101923147837,0.21212121212121213
norman,500,combined,CDKN1C,0.738226056098938,0.00014612297182999234,3,0.5442673231941249,0.019400947416822117,0.17647058823529413
norman,500,combined,CDKN1C_CDKN1A,0.5259834329287211,0.0009603970701880567,3,0.40942199951412617,0.09745149314403534,0.21212121212121213
norman,500,combined,CDKN1C_CDKN1B,0.7620457410812378,0.0009874090899527322,3,0.4277357269429078,0.028592799479762714,0.17647058823529413
norman,500,combined,CEBPB_PTPN12,0.5611777901649475,0.0009120774902181209,3,0.5722035985472806,0.06218797837694486,0.26344086021505375
norman,500,combined,CSRNP1,-0.4405975639820099,0.0007032385244727193,3,-0.19249622598490393,0.032211367040872574,0.05263157894736842
norman,500,combined,DUSP9_PRTG,0.6098139484723409,0.0010377622207958358,3,0.42689313157252623,0.08314064393440883,0.14285714285714285
norman,500,combined,FOSB,0.42872103055318195,0.003588521231655677,3,0.4773657403765175,0.029733294621109962,0.0
norman,500,combined,FOXA3,0.7193128863970438,0.000899084559067324,3,0.5244587275959401,0.012724348343908787,0.6666666666666666
norman,500,combined,FOXA3_FOXF1,0.6857127149899801,0.0008314871068749117,3,0.5265123915085133,0.03548772136370341,0.3333333333333333
norman,500,combined,FOXA3_FOXL2,0.524683435757955,0.0011987069487769193,3,0.49561770226045926,0.20530901352564493,0.25
norman,500,combined,HES7,0.7761011322339376,0.052820794725931514,3,0.5182428534092423,0.6785346269607544,0.18903318903318903
norman,500,combined,HOXB9,0.7961686253547668,0.0009436375765039123,3,0.5967845774611399,0.00808796752244234,0.4462081128747795
norman,500,combined,IGDCC3_MAPK1,0.3297138015429179,0.0018319413030204773,3,0.4057541447546786,0.04636204366882642,0.17647058823529413
norman,500,combined,IRF1_SET,0.35733694831530255,0.0004737206275894285,3,0.33596284785139136,0.21868486205736795,0.12169312169312169
norman,500,combined,ISL2,0.4050360321998596,0.0016969006360361332,3,0.38365323544365415,0.01490341437359651,0.1111111111111111
norman,500,combined,KLF1_BAK1,0.05843658993641535,0.011893923505316208,3,-0.028207554184179365,0.039900033424297966,0.0346378767431399
norman,500,combined,KLF1_CLDN6,0.4937729338804881,0.001233252350420033,3,0.5002370729710531,0.13773870468139648,0.15406162464985995
norman,500,combined,KLF1_COL2A1,0.2798372010389964,0.0016773654983463881,3,0.35616426520500327,0.05845782160758972,0.025641025641025644
norman,500,combined,KLF1_TGFBR2,0.26119644443194073,0.0018065162986204662,3,0.1705278902969001,0.03578448171416918,0.05263157894736842
norman,500,combined,LHX1,0.49747520685195923,0.19170006931029507,3,0.4533374722299883,0.07651209582885106,0.13227513227513227
norman,500,combined,LHX1_ELMSAN1,0.3328388035297394,0.00029201534096745416,3,0.4647786222691761,0.09536715845266978,0.1111111111111111
norman,500,combined,LYL1_IER5L,0.8372925917307535,0.0005606887921832217,3,0.6063529665168091,0.02113516132036845,0.5194681861348528
norman,500,combined,MAP2K3_IKZF3,0.5456101695696512,0.003226703303161969,3,0.46738909677372553,0.09827796369791031,0.12169312169312169
norman,500,combined,MAP2K3_MAP2K6,-0.5250744024912516,0.002679504120969401,3,-0.12045776761304344,0.040163456151882805,0.23737373737373738
norman,500,combined,MAP2K6,-0.5401698350906372,0.004325548476189766,3,-0.12143333664774669,0.03343110655744871,0.21212121212121213
norman,500,combined,MAP7D1,-0.14674008886019388,0.0010742620920437228,3,0.14713295465658294,0.022714956973989803,0.05263157894736842
norman,500,combined,MAPK1_IKZF3,0.7714468439420065,0.0011036479856725617,3,0.5614932118761984,0.04723273838559786,0.1111111111111111
norman,500,combined,MAPK1_PRTG,0.5685586730639139,0.0002448895136515561,3,0.37871410903471375,0.016061805188655853,0.14285714285714285
norman,500,combined,OSR2,0.3291712701320648,0.0003951057061097668,3,0.5061867607470429,0.06267757962147395,0.0
norman,500,combined,PTPN1,0.7465637922286987,0.00194853031529954,3,0.362938891755567,0.021758075182636578,0.25
norman,500,combined,PTPN12_SNAI1,0.6846370100975037,0.002791329601937743,3,0.4523032017786388,0.013537333346903324,0.3333333333333333
norman,500,combined,SAMD1_PTPN12,0.7463444670041403,0.0007069761976726637,3,0.5389688132277836,0.03882856294512749,0.18835412953060013
norman,500,combined,SET,0.49312061071395874,0.021042816525540454,3,0.2641423429087879,0.057257515688737236,0.17647058823529413
norman,500,combined,SET_KLF1,0.40442708134651184,0.0017856469807662654,3,0.22432514283578608,0.04525115837653478,0.1111111111111111
norman,500,combined,SGK1_TBX3,0.5147925217946371,0.00014484268807182291,3,0.5242310535057594,0.09132106105486552,0.3639846743295019
norman,500,combined,SLC4A1,0.2938617219527562,0.06286090808364331,3,0.24926182501186792,0.09978806972503662,0.1111111111111111
norman,500,combined,TGFBR2_PRTG,0.6423679788907369,0.0015292366650319922,3,0.41312659425149284,0.02349160984158516,0.13227513227513227
norman,500,combined,TP73,0.6198332905769348,0.001010442752685888,3,0.55923918922198,0.2769351800282796,0.25
norman,500,combined,UBASH3A,0.6898722449938456,0.0035075914518785498,3,0.4406331062580098,0.010251217211286226,0.4121510673234811
norman,500,combined,UBASH3B,0.6890926361083984,0.001417402799028578,3,0.3989915606936361,0.009761547048886618,0.26344086021505375
norman,500,combined,ZBTB25,0.538144032160441,0.0004448768437869826,3,0.33444204984802783,0.014879473485052586,0.07159791370317686
norman,500,gene_ontology,AHR_FEV,0.5607998967170715,,1,0.5775897802212757,0.17848525941371918,0.1111111111111111
norman,500,gene_ontology,ARID1A,0.6933922171592712,,1,0.5317966967130289,0.0407506562769413,0.3793103448275862
norman,500,gene_ontology,BCL2L11,-0.008862756192684174,,1,-0.02337551974612899,0.01835194043815136,0.05263157894736842
norman,500,gene_ontology,BCORL1,0.31765180826187134,,1,0.3262754647630817,0.018432283774018288,0.25
norman,500,gene_ontology,C3orf72_FOXL2,0.6694247722625732,,1,0.4338794787572386,0.045660413801670074,0.25
norman,500,gene_ontology,CBL_PTPN12,0.6034795641899109,,1,0.34551966295606845,0.04082896560430527,0.08108108108108109
norman,500,gene_ontology,CBL_TGFBR2,0.6128479838371277,,1,0.36746967233650674,0.02180098369717598,0.08108108108108109
norman,500,gene_ontology,CDKN1A,0.7821615934371948,,1,0.47873242241926794,0.04552193731069565,0.21212121212121213
norman,500,gene_ontology,CDKN1B,0.7836756706237793,,1,0.5600811126502921,0.010763575322926044,0.21212121212121213
norman,500,gene_ontology,CDKN1C,0.7397288084030151,,1,0.5472983114635653,0.019319813698530197,0.17647058823529413
norman,500,gene_ontology,CDKN1C_CDKN1A,0.5248422622680664,,1,0.40593916949921816,0.0975630059838295,0.21212121212121213
norman,500,gene_ontology,CDKN1C_CDKN1B,0.7610934972763062,,1,0.42871352285409137,0.028403811156749725,0.17647058823529413
norman,500,gene_ontology,CEBPB_PTPN12,0.5615480542182922,,1,0.5813769954610298,0.062162112444639206,0.25
norman,500,gene_ontology,CSRNP1,-0.4394264221191406,,1,-0.19506874827499307,0.03190416470170021,0.05263157894736842
norman,500,gene_ontology,DUSP9_PRTG,0.6103725433349609,,1,0.4266130344521378,0.08309418708086014,0.1111111111111111
norman,500,gene_ontology,FOSB,0.43068253993988037,,1,0.4807405700378281,0.029814191162586212,0.0
norman,500,gene_ontology,FOXA3,0.7183418869972229,,1,0.5257505568562688,0.012705720961093903,0.6666666666666666
norman,500,gene_ontology,FOXA3_FOXF1,0.6837602853775024,,1,0.525592815599718,0.035614438354969025,0.3333333333333333
norman,500,gene_ontology,FOXA3_FOXL2,0.5241124629974365,,1,0.5027426591022846,0.20532628893852234,0.25
norman,500,gene_ontology,HES7,0.6061108708381653,,1,0.5215885308722483,0.7564463019371033,0.21212121212121213
norman,500,gene_ontology,HOXB9,0.7950330972671509,,1,0.6020689667255222,0.008189167827367783,0.48148148148148145
norman,500,gene_ontology,IGDCC3_MAPK1,0.32948118448257446,,1,0.40443772345739926,0.04645802453160286,0.17647058823529413
norman,500,gene_ontology,IRF1_SET,0.35637933015823364,,1,0.3339303277213108,0.2190026342868805,0.1111111111111111
norman,500,gene_ontology,ISL2,0.4051606357097626,,1,0.3851843937152784,0.015027321875095367,0.1111111111111111
norman,500,gene_ontology,KLF1_BAK1,0.05894695222377777,,1,-0.015448046533692385,0.03975871950387955,0.02564102564102564
norman,500,gene_ontology,KLF1_CLDN6,0.49531427025794983,,1,0.5040300005068844,0.13793028891086578,0.17647058823529413
norman,500,gene_ontology,KLF1_COL2A1,0.2810755670070648,,1,0.35889134817878515,0.058387428522109985,0.02564102564102564
norman,500,gene_ontology,KLF1_TGFBR2,0.2620045840740204,,1,0.16739410161132348,0.03591334447264671,0.05263157894736842
norman,500,gene_ontology,LHX1,0.6103637218475342,,1,0.4488168780391174,0.06760825961828232,0.14285714285714285
norman,500,gene_ontology,LHX1_ELMSAN1,0.33226659893989563,,1,0.46562654568121997,0.09526984393596649,0.1111111111111111
norman,500,gene_ontology,LYL1_IER5L,0.8395061492919922,,1,0.6069482009263181,0.020865974947810173,0.5384615384615384
norman,500,gene_ontology,MAP2K3_IKZF3,0.5518868565559387,,1,0.4648495185544628,0.09821411222219467,0.14285714285714285
norman,500,gene_ontology,MAP2K3_MAP2K6,-0.5240905284881592,,1,-0.12327184300442062,0.04045141115784645,0.25
norman,500,gene_ontology,MAP2K6,-0.5398141145706177,,1,-0.11998829083288234,0.03305676952004433,0.21212121212121213
norman,500,gene_ontology,MAP7D1,-0.14637532830238342,,1,0.14824731122098744,0.02274470031261444,0.05263157894736842
norman,500,gene_ontology,MAPK1_IKZF3,0.7726454734802246,,1,0.5612311148026489,0.04759252816438675,0.1111111111111111
norman,500,gene_ontology,MAPK1_PRTG,0.5660886764526367,,1,0.3798556816557998,0.016111945733428,0.14285714285714285
norman,500,gene_ontology,OSR2,0.3280775547027588,,1,0.5078012312049248,0.06311812251806259,0.0
norman,500,gene_ontology,PTPN1,0.7452881932258606,,1,0.34692148368593473,0.02159188501536846,0.2903225806451613
norman,500,gene_ontology,PTPN12_SNAI1,0.6861771941184998,,1,0.4544542345376442,0.013264503329992294,0.3333333333333333
norman,500,gene_ontology,SAMD1_PTPN12,0.747154712677002,,1,0.5471908960894152,0.038926269859075546,0.17647058823529413
norman,500,gene_ontology,SET,0.5633608102798462,,1,0.26263080082634255,0.04790116101503372,0.17647058823529413
norman,500,gene_ontology,SET_KLF1,0.4038514792919159,,1,0.21452747070452097,0.045298606157302856,0.1111111111111111
norman,500,gene_ontology,SGK1_TBX3,0.5155216455459595,,1,0.5168683358781837,0.09110872447490692,0.3793103448275862
norman,500,gene_ontology,SLC4A1,0.18863241374492645,,1,0.2534957461507807,0.10740633308887482,0.08108108108108109
norman,500,gene_ontology,TGFBR2_PRTG,0.6436247825622559,,1,0.4150532260967377,0.023309940472245216,0.14285714285714285
norman,500,gene_ontology,TP73,0.6200659275054932,,1,0.562820339804425,0.27706000208854675,0.25
norman,500,gene_ontology,UBASH3A,0.6907059550285339,,1,0.4472121570479047,0.010009197518229485,0.42857142857142855
norman,500,gene_ontology,UBASH3B,0.6916990280151367,,1,0.40412185358418884,0.009224386885762215,0.3333333333333333
norman,500,gene_ontology,ZBTB25,0.5384294986724854,,1,0.3334966699984411,0.014866855926811695,0.08108108108108109
norman,500,no_graph,AHR_FEV,0.5636345148086548,,1,0.5682855667811209,0.1775805801153183,0.1111111111111111
norman,500,no_graph,ARID1A,0.710160493850708,,1,0.5330044296019316,0.03981131315231323,0.3333333333333333
norman,500,no_graph,BCL2L11,-0.0018651559948921204,,1,-0.04197741993951227,0.01893000490963459,0.05263157894736842
norman,500,no_graph,BCORL1,0.3201559782028198,,1,0.32969519060613195,0.018259558826684952,0.25
norman,500,no_graph,C3orf72_FOXL2,0.6903982758522034,,1,0.4434524457383602,0.043946489691734314,0.2903225806451613
norman,500,no_graph,CBL_PTPN12,0.6151539087295532,,1,0.3353124213921808,0.04007391631603241,0.08108108108108109
norman,500,no_graph,CBL_TGFBR2,0.6367034316062927,,1,0.37726867223803434,0.020809533074498177,0.08108108108108109
norman,500,no_graph,CDKN1A,0.9236904978752136,,1,0.4400162826255214,0.01492065005004406,0.25
norman,500,no_graph,CDKN1B,0.7971745133399963,,1,0.5576462547355507,0.010398456826806068,0.21212121212121213
norman,500,no_graph,CDKN1C,0.754829466342926,,1,0.5547993018275744,0.018436362966895103,0.21212121212121213
norman,500,no_graph,CDKN1C_CDKN1A,0.5343650579452515,,1,0.4038515450986176,0.09665469080209732,0.21212121212121213
norman,500,no_graph,CDKN1C_CDKN1B,0.777144730091095,,1,0.43339546158184633,0.027448585256934166,0.17647058823529413
norman,500,no_graph,CEBPB_PTPN12,0.5584074258804321,,1,0.5635880758784175,0.06242934241890907,0.25
norman,500,no_graph,CSRNP1,-0.4454297423362732,,1,-0.1873010692042768,0.03254100680351257,0.05263157894736842
norman,500,no_graph,DUSP9_PRTG,0.6219714879989624,,1,0.43896463585854345,0.08184341341257095,0.1111111111111111
norman,500,no_graph,FOSB,0.38679438829421997,,1,0.45350583579162373,0.031925018876791,0.0
norman,500,no_graph,FOXA3,0.7420371770858765,,1,0.5532695489136045,0.011750554665923119,0.6666666666666666
norman,500,no_graph,FOXA3_FOXF1,0.705303430557251,,1,0.5433170313473434,0.03418750688433647,0.3793103448275862
norman,500,no_graph,FOXA3_FOXL2,0.542625904083252,,1,0.5246987159804029,0.20245373249053955,0.25
norman,500,no_graph,HES7,0.9249585866928101,,1,0.5456109955386462,0.5198067426681519,0.17647058823529413
norman,500,no_graph,HOXB9,0.8000264763832092,,1,0.5980146304108729,0.008115967735648155,0.48148148148148145
norman,500,no_graph,IGDCC3_MAPK1,0.31385713815689087,,1,0.3831712858812545,0.04735545814037323,0.21212121212121213
norman,500,no_graph,IRF1_SET,0.3322315812110901,,1,0.29854977019908074,0.22197988629341125,0.1111111111111111
norman,500,no_graph,ISL2,0.4037424325942993,,1,0.3924583435093768,0.015032149851322174,0.1111111111111111
norman,500,no_graph,KLF1_BAK1,0.04081614315509796,,1,-0.02200592908000094,0.04075426608324051,0.02564102564102564
norman,500,no_graph,KLF1_CLDN6,0.49150246381759644,,1,0.5016575907894941,0.13795232772827148,0.17647058823529413
norman,500,no_graph,KLF1_COL2A1,0.268291175365448,,1,0.37283367628271347,0.05939704179763794,0.02564102564102564
norman,500,no_graph,KLF1_TGFBR2,0.25754958391189575,,1,0.1804476104519273,0.03587406128644943,0.05263157894736842
norman,500,no_graph,LHX1,0.8901212811470032,,1,0.4551787276392001,0.021511035040020943,0.14285714285714285
norman,500,no_graph,LHX1_ELMSAN1,0.30390769243240356,,1,0.4564263966598203,0.09799584001302719,0.1111111111111111
norman,500,no_graph,LYL1_IER5L,0.8619717359542847,,1,0.6271963628908777,0.01948779635131359,0.6
norman,500,no_graph,MAP2K3_IKZF3,0.5494786500930786,,1,0.4546442934886371,0.09796236455440521,0.14285714285714285
norman,500,no_graph,MAP2K3_MAP2K6,-0.5297247171401978,,1,-0.13983373404695557,0.04085618630051613,0.21212121212121213
norman,500,no_graph,MAP2K6,-0.548450231552124,,1,-0.14319220820544587,0.03384122624993324,0.21212121212121213
norman,500,no_graph,MAP7D1,-0.14435939490795135,,1,0.13062375103488486,0.0229738038033247,0.08108108108108109
norman,500,no_graph,MAPK1_IKZF3,0.7633228302001953,,1,0.5439240679129846,0.04751565307378769,0.1111111111111111
norman,500,no_graph,MAPK1_PRTG,0.5549638271331787,,1,0.35509420542134396,0.0166409220546484,0.17647058823529413
norman,500,no_graph,OSR2,0.2978520691394806,,1,0.4920477601910408,0.06505262851715088,0.0
norman,500,no_graph,PTPN1,0.7713992595672607,,1,0.36781001524006096,0.020166750997304916,0.25
norman,500,no_graph,PTPN12_SNAI1,0.6984778642654419,,1,0.4527740356958745,0.01294789183884859,0.2903225806451613
norman,500,no_graph,SAMD1_PTPN12,0.7621419429779053,,1,0.5432333273093234,0.037551749497652054,0.17647058823529413
norman,500,no_graph,SET,0.386363685131073,,1,0.24515743451351651,0.08722921460866928,0.14285714285714285
norman,500,no_graph,SET_KLF1,0.38380342721939087,,1,0.1932653516148811,0.04648241400718689,0.1111111111111111
norman,500,no_graph,SGK1_TBX3,0.4989795386791229,,1,0.5297632037671322,0.09268998354673386,0.3793103448275862
norman,500,no_graph,SLC4A1,0.47072815895080566,,1,0.24069356632755676,0.09882637113332748,0.1111111111111111
norman,500,no_graph,TGFBR2_PRTG,0.6619521379470825,,1,0.42826129587999795,0.022417979314923286,0.14285714285714285
norman,500,no_graph,TP73,0.6259604692459106,,1,0.5823174911968256,0.2757701277732849,0.25
norman,500,no_graph,UBASH3A,0.6982049942016602,,1,0.4376204219903595,0.010518335737287998,0.42857142857142855
norman,500,no_graph,UBASH3B,0.7115015387535095,,1,0.39707100887314917,0.009165233932435513,0.2903225806451613
norman,500,no_graph,ZBTB25,0.5612773895263672,,1,0.33052617790259725,0.014201280660927296,0.08108108108108109
norman,500,random,AHR_FEV,0.5590082108974457,0.001860994095998526,2,0.5686362081921019,0.1783086434006691,0.1111111111111111
norman,500,random,ARID1A,0.6193531155586243,0.09950162866367097,2,0.46884852189881715,6.630926253274083,0.2072072072072072
norman,500,random,BCL2L11,-0.013645112048834562,0.004808376554470493,2,-0.05697760138025552,2.540186514146626,0.06685633001422475
norman,500,random,BCORL1,0.22499512881040573,0.03110301496517532,2,0.22109124697736798,10.26713514328003,0.15966386554621848
norman,500,random,C3orf72_FOXL2,0.666117250919342,0.0033912197248835555,2,0.41803502223861166,0.04648703336715698,0.25
norman,500,random,CBL_PTPN12,0.5904040336608887,0.0043522521646289615,2,0.31335206796962156,0.046005088835954666,0.1513157894736842
norman,500,random,CBL_TGFBR2,0.38058361411094666,0.3169396225017384,2,0.25383050559781944,0.23816878162324429,0.05336105336105336
norman,500,random,CDKN1A,0.6081524193286896,0.42914237255156135,2,0.3221881204849969,1.0624243980273604,0.11888111888111888
norman,500,random,CDKN1B,0.7757379710674286,0.00854877172401017,2,0.5352644115966854,0.011126661207526922,0.21212121212121213
norman,500,random,CDKN1C,0.6898015439510345,0.026794985381346413,2,0.4854739411985145,0.6830388475209475,0.06685633001422475
norman,500,random,CDKN1C_CDKN1A,0.4579169452190399,0.09692599260432173,2,0.369924984578138,0.2854853942990303,0.11888111888111888
norman,500,random,CDKN1C_CDKN1B,0.6378573775291443,0.003762617753961554,2,0.3412597650390602,1.774229884147644,0.1111111111111111
norman,500,random,CEBPB_PTPN12,0.5455756783485413,0.02212431377621765,2,0.5623695669751377,0.48136764019727707,0.19642857142857142
norman,500,random,CSRNP1,-0.42305997014045715,0.023332368895085404,2,-0.19948274993099974,0.03518764302134514,0.06685633001422475
norman,500,random,DUSP9_PRTG,0.6109965443611145,0.0003996364175802972,2,0.4225547622190488,0.17816001921892166,0.17748917748917747
norman,500,random,FOSB,0.43214555084705353,1.7343428162232895e-05,2,0.47296638656793333,0.02957435604184866,0.0
norman,500,random,FOXA3,0.4914955198764801,0.32496117929772583,2,0.39675209557453417,4.909013689495623,0.3333333333333333
norman,500,random,FOXA3_FOXF1,0.5949603915214539,0.025633544676931706,2,0.42608630079734605,0.08911790326237679,0.05263157894736842
norman,500,random,FOXA3_FOXL2,0.5234551429748535,0.0032421041748520126,2,0.4962910249860697,0.20601008087396622,0.23106060606060608
norman,500,random,HES7,0.862004429101944,0.10406128546982205,2,0.44706967100835626,0.7011168301105499,0.15966386554621848
norman,500,random,HOXB9,0.794404923915863,0.0013175947781475692,2,0.5858812375861002,0.007924879901111126,0.42857142857142855
norman,500,random,IGDCC3_MAPK1,0.3311469405889511,0.000921730503508997,2,0.40248821961259584,0.046427613124251366,0.17647058823529413
norman,500,random,IRF1_SET,0.3600560277700424,0.0014510949208058261,2,0.33317576470305876,0.21833722293376923,0.1111111111111111
norman,500,random,ISL2,0.38092780113220215,0.028415447412893268,2,0.31492648193887146,0.02121421368792653,0.1111111111111111
norman,500,random,KLF1_BAK1,0.05056476779282093,0.001966853808567732,2,-0.030434811200115767,0.039856528863310814,0.02564102564102564
norman,500,random,KLF1_CLDN6,0.49351079761981964,0.0009669119251126755,2,0.49449027343216223,0.13793890178203583,0.15966386554621848
norman,500,random,KLF1_COL2A1,0.274832621216774,0.009498108413293802,2,0.32682011512414333,0.12100663222372532,0.05336105336105336
norman,500,random,KLF1_TGFBR2,0.27083979547023773,0.017536439654988533,2,0.1508492746378639,0.035315245389938354,0.09774436090225563
norman,500,random,LHX1,0.9006778001785278,0.02643559920409402,2,0.46083363039452885,0.05751531105488539,0.0960960960960961
norman,500,random,LHX1_ELMSAN1,0.2898205369710922,0.05888709205066327,2,0.3859676571338524,0.5801065266132355,0.08108108108108109
norman,500,random,LYL1_IER5L,0.8386965692043304,0.00038947902708917176,2,0.6065762474206502,0.020900193601846695,0.48148148148148145
norman,500,random,MAP2K3_IKZF3,0.535676896572113,0.008643054224129039,2,0.4157117928242544,0.10040923580527306,0.2007168458781362
norman,500,random,MAP2K3_MAP2K6,-0.5236902236938477,0.0012364199479155873,2,-0.12682877740289109,0.045939549803733826,0.2701612903225806
norman,500,random,MAP2K6,-0.5422859787940979,0.004794962661387393,2,-0.12148028083665012,0.03370319679379463,0.21212121212121213
norman,500,random,MAP7D1,-0.14591263979673386,0.0017544573996751136,2,0.1438224850968996,0.023079952225089073,0.06685633001422475
norman,500,random,MAPK1_IKZF3,0.7686488628387451,0.0004187710868042431,2,0.555357306743531,0.047729987651109695,0.1111111111111111
norman,500,random,MAPK1_PRTG,0.569391518831253,0.0004527835935525346,2,0.3798455776148986,0.01588393608108163,0.14285714285714285
norman,500,random,OSR2,0.33250659704208374,0.004534495137590067,2,0.4918059832239329,0.06333465501666069,0.0
norman,500,random,PTPN1,0.742565393447876,0.0011046688994705326,2,0.34607797631190523,0.02089235559105873,0.25
norman,500,random,PTPN12_SNAI1,0.4844677299261093,0.2809161842438709,2,0.3397654715250009,1.3702259142883122,0.17147707979626486
norman,500,random,SAMD1_PTPN12,0.720745861530304,0.028076881778805254,2,0.4818737791448374,0.04588194936513901,0.19429590017825313
norman,500,random,SET,0.3733397275209427,0.08033869997779854,2,0.19469749546272175,0.1837492287158966,0.17147707979626486
norman,500,random,SET_KLF1,0.4029844105243683,0.00017039970852954456,2,0.21372001139716768,0.045240091159939766,0.1111111111111111
norman,500,random,SGK1_TBX3,0.46724025905132294,0.04696231561408198,2,0.46575187418554187,0.27803755551576614,0.23809523809523808
norman,500,random,SLC4A1,0.3509143590927124,0.13430025843038765,2,0.1378374059658195,0.6257415115833282,0.05263157894736842
norman,500,random,TGFBR2_PRTG,0.6367178559303284,0.003745759014557196,2,0.4123554471113817,0.023801935836672783,0.1111111111111111
norman,500,random,TP73,0.5810824334621429,0.04858414741820543,2,0.4905838856575837,0.29162923991680145,0.2333965844402277
norman,500,random,UBASH3A,0.6756798923015594,0.008132107979631471,2,0.3939105080035896,0.013835927471518517,0.3348164627363738
norman,500,random,UBASH3B,0.6867212355136871,8.189132665666711e-05,2,0.39384167572330453,0.00934146298095584,0.2903225806451613
norman,500,random,ZBTB25,0.514829009771347,0.014341013114862336,2,0.29608490965775286,0.35276652686297894,0.12698412698412698
norman,500,string_ppi,AHR_FEV,0.5598686039447784,9.39453253307828e-05,2,0.5757835569530333,0.17821326106786728,0.1111111111111111
norman,500,string_ppi,ARID1A,0.6949895918369293,7.291404792384667e-06,2,0.531622048006051,0.04078359715640545,0.3793103448275862
norman,500,string_ppi,BCL2L11,-0.009947425685822964,0.0005104022867339746,2,-0.03187299455178583,0.018884310498833656,0.05263157894736842
norman,500,string_ppi,BCORL1,0.3188370168209076,0.0001666907858605859,2,0.3256309421540542,0.018382607027888298,0.25
norman,500,string_ppi,C3orf72_FOXL2,0.6690702140331268,3.418109414233506e-05,2,0.43617674411170315,0.045518236234784126,0.25
norman,500,string_ppi,CBL_PTPN12,0.6011089384555817,0.0014025206778970206,2,0.3417178074749129,0.04099908098578453,0.06685633001422475
norman,500,string_ppi,CBL_TGFBR2,0.6131820976734161,0.0002690233340450366,2,0.36400840224221487,0.022094598971307278,0.08108108108108109
norman,500,string_ppi,CDKN1A,0.7722242474555969,0.02116226981210798,2,0.32429984098256015,0.05744749493896961,0.08187134502923976
norman,500,string_ppi,CDKN1B,0.7836773991584778,0.0005603002041038252,2,0.5588968038277866,0.011079211253672838,0.21212121212121213
norman,500,string_ppi,CDKN1C,0.7370553910732269,3.8732953781511616e-05,2,0.5413169112508573,0.019516943022608757,0.17647058823529413
norman,500,string_ppi,CDKN1C_CDKN1A,0.5248196423053741,1.2601907704757316e-05,2,0.4014314713602408,0.09764440730214119,0.21212121212121213
norman,500,string_ppi,CDKN1C_CDKN1B,0.7623569667339325,0.00018683697944879324,2,0.427628190512762,0.02825972344726324,0.17647058823529413
norman,500,string_ppi,CEBPB_PTPN12,0.5609243810176849,0.0003466578290021034,2,0.5726120161907533,0.062239812687039375,0.25
norman,500,string_ppi,CSRNP1,-0.43865440785884857,0.0012239234073321073,2,-0.19593543974175898,0.03258705325424671,0.05263157894736842
norman,500,string_ppi,DUSP9_PRTG,0.6109868288040161,0.0007969126116439844,2,0.4215359101436405,0.08299999684095383,0.12698412698412698
norman,500,string_ppi,FOSB,0.43084441125392914,0.00043093045259963604,2,0.4792603640459541,0.02979015465825796,0.0
norman,500,string_ppi,FOXA3,0.7170133292675018,3.4138947293824166e-06,2,0.5283075752684478,0.012866348959505558,0.6666666666666666
norman,500,string_ppi,FOXA3_FOXF1,0.6846751570701599,0.0012129863001435301,2,0.5248043404079705,0.035549622029066086,0.3333333333333333
norman,500,string_ppi,FOXA3_FOXL2,0.5256219804286957,0.0006332563988761829,2,0.5046409947867474,0.20507308095693588,0.25
norman,500,string_ppi,HES7,0.9390468299388885,0.006859273154602471,2,0.5339568366423109,0.4446881264448166,0.21212121212121213
norman,500,string_ppi,HOXB9,0.7952439486980438,0.0010681275818115875,2,0.5956719329838585,0.008209445513784885,0.48148148148148145
norman,500,string_ppi,IGDCC3_MAPK1,0.33037522435188293,0.0006802079881173188,2,0.4006555002377331,0.04643095098435879,0.17647058823529413
norman,500,string_ppi,IRF1_SET,0.354876384139061,0.0007808335889370782,2,0.3264763299053196,0.2190740555524826,0.1111111111111111
norman,500,string_ppi,ISL2,0.40506523847579956,0.0004202040796536135,2,0.3845686951933773,0.01499820314347744,0.1111111111111111
norman,500,string_ppi,KLF1_BAK1,0.05031374841928482,0.000729129942526339,2,-0.019037501063804328,0.04021613299846649,0.02564102564102564
norman,500,string_ppi,KLF1_CLDN6,0.49511192739009857,0.00017383467668318243,2,0.49696806758120715,0.1373278871178627,0.17647058823529413
norman,500,string_ppi,KLF1_COL2A1,0.2779671549797058,0.0011133511502637767,2,0.35701953264659947,0.05872920714318752,0.02564102564102564
norman,500,string_ppi,KLF1_TGFBR2,0.2608451247215271,0.001055188499318743,2,0.16939746172092524,0.03572164103388786,0.05263157894736842
norman,500,string_ppi,LHX1,0.9194775819778442,0.0007546814694360686,2,0.46881459850994456,0.03912562318146229,0.12698412698412698
norman,500,string_ppi,LHX1_ELMSAN1,0.33314651250839233,2.705827674399397e-05,2,0.4607415660240618,0.09536727517843246,0.1111111111111111
norman,500,string_ppi,LYL1_IER5L,0.8391282260417938,0.0008955783840079873,2,0.607350898556438,0.02078898251056671,0.5384615384615384
norman,500,string_ppi,MAP2K3_IKZF3,0.5465289354324341,0.0032491848454018427,2,0.46001534710175684,0.09829941764473915,0.12698412698412698
norman,500,string_ppi,MAP2K3_MAP2K6,-0.5255623459815979,7.358839750002098e-05,2,-0.12592978176375672,0.04080294445157051,0.25
norman,500,string_ppi,MAP2K6,-0.5397680997848511,0.0003255422578981455,2,-0.12652462113507548,0.033686691895127296,0.21212121212121213
norman,500,string_ppi,MAP7D1,-0.14566620439291,0.0006310963728899995,2,0.1453705154376319,0.022796880453824997,0.05263157894736842
norman,500,string_ppi,MAPK1_IKZF3,0.770902693271637,0.0009649099498084079,2,0.5542756463130498,0.04704120755195618,0.1111111111111111
norman,500,string_ppi,MAPK1_PRTG,0.5660446882247925,0.0012725819439379344,2,0.3733134231727374,0.016055667772889137,0.14285714285714285
norman,500,string_ppi,OSR2,0.32974468171596527,0.0011199892789042426,2,0.5103920415681663,0.0626828558743,0.0
norman,500,string_ppi,PTPN1,0.7464260458946228,0.0008566768428324321,2,0.3461612566450265,0.021516332402825356,0.25
norman,500,string_ppi,PTPN12_SNAI1,0.688890665769577,0.0004050733610382025,2,0.4580970893713491,0.013300550635904074,0.3333333333333333
norman,500,string_ppi,SAMD1_PTPN12,0.7481698393821716,0.00036709905052988704,2,0.5381491457523935,0.03879307396709919,0.19429590017825313
norman,500,string_ppi,SET,0.28204214572906494,0.009646444246627894,2,0.22190513294625502,0.15475085377693176,0.17647058823529413
norman,500,string_ppi,SET_KLF1,0.40328867733478546,0.0011182612581152958,2,0.20892781576833433,0.04535824432969093,0.1111111111111111
norman,500,string_ppi,SGK1_TBX3,0.5148589611053467,6.600196476806006e-05,2,0.5173834259509061,0.09126732125878334,0.3563218390804598
norman,500,string_ppi,SLC4A1,0.32866737246513367,0.015392408397815098,2,0.24676484690410055,0.2558193951845169,0.08108108108108109
norman,500,string_ppi,TGFBR2_PRTG,0.6433127820491791,7.750805441153412e-05,2,0.41189872525161025,0.023432514630258083,0.14285714285714285
norman,500,string_ppi,TP73,0.6199501752853394,0.000100225205758906,2,0.5608421797493574,0.27686023712158203,0.25
norman,500,string_ppi,UBASH3A,0.692043662071228,0.0021260556262835384,2,0.4401282882023907,0.010336143430322409,0.42857142857142855
norman,500,string_ppi,UBASH3B,0.6891809105873108,0.0010561157299859827,2,0.39468038313852116,0.009811463300138712,0.3333333333333333
norman,500,string_ppi,ZBTB25,0.53762486577034,0.00016846095349804346,2,0.32183228650107143,0.01506073446944356,0.08108108108108109
norman,1000,combined,AHR_FEV,0.49856014053026837,0.0008345221816723897,3,0.49011668682018766,0.17224511007467905,0.05263157894736842
norman,1000,combined,ARID1A,0.6141818563143412,0.0011839902800800097,3,0.5024967885567116,0.049279626458883286,0.21212121212121213
norman,1000,combined,BCL2L11,0.008705300589402517,0.0015390782965191078,3,0.04554609400558315,0.014472679855922857,0.025641025641025644
norman,1000,combined,BCORL1,0.34597869714101154,0.0009010306229343248,3,0.2805098428158452,0.012982949304083983,0.14285714285714285
norman,1000,combined,C3orf72_FOXL2,0.6593902111053467,0.00023508933309785866,3,0.4235825342900105,0.04231631134947141,0.21212121212121213
norman,1000,combined,CBL_PTPN12,0.5974952777226766,0.0023562035529592572,3,0.31691828337658695,0.02809930096069972,0.025641025641025644
norman,1000,combined,CBL_TGFBR2,0.6133664051691691,0.001127570884998942,3,0.3411254085695574,0.015394018342097601,0.08108108108108109
norman,1000,combined,CDKN1A,0.8809379935264587,0.004765171619789398,3,0.44862543073831757,0.014078032535811266,0.22474747474747478
norman,1000,combined,CDKN1B,0.7553076148033142,0.00013253562879555954,3,0.5203609350939291,0.009466082168122133,0.14285714285714285
norman,1000,combined,CDKN1C,0.7431105573972067,0.003029616824776656,3,0.5067709834944263,0.014705516708393892,0.21212121212121213
norman,1000,combined,CDKN1C_CDKN1A,0.5683106780052185,0.000581825930642151,3,0.3906136557067937,0.055787348498900734,0.14285714285714285
norman,1000,combined,CDKN1C_CDKN1B,0.7213770548502604,0.00015836205208739402,3,0.3960619423201725,0.02455626924832662,0.17647058823529413
norman,1000,combined,CEBPB_PTPN12,0.5448631246884664,0.00036379716463773505,3,0.5682431355857005,0.05102628221114477,0.17647058823529413
norman,1000,combined,CSRNP1,-0.4120461642742157,0.0007854398096156325,3,-0.13031522944279497,0.024286268278956413,0.05263157894736842
norman,1000,combined,DUSP9_PRTG,0.6065313816070557,0.00040651876178284766,3,0.41890388249784594,0.06608704229195912,0.05263157894736842
norman,1000,combined,FOSB,0.415359099706014,0.0013076595712038755,3,0.4706540607736828,0.022376374651988346,0.0
norman,1000,combined,FOXA3,0.7061657110850016,0.0010594628771094638,3,0.5257858051367371,0.010966766315201918,0.21212121212121213
norman,1000,combined,FOXA3_FOXF1,0.6927036643028259,0.00040572602369283656,3,0.488653185846822,0.02881811559200287,0.14285714285714285
norman,1000,combined,FOXA3_FOXL2,0.5914622147878011,0.00036357772790834733,3,0.5120036250437886,0.12619352837403616,0.14285714285714285
norman,1000,combined,HES7,0.8827070991198221,0.015680986591118367,3,0.5177654297247637,0.2997169593969981,0.14285714285714285
norman,1000,combined,HOXB9,0.7675840059916178,0.0014722163766967321,3,0.5817464722179088,0.0073939833479623,0.37931034482758613
norman,1000,combined,IGDCC3_MAPK1,0.405483216047287,0.0005115910263666272,3,0.42406094768805663,0.02913109337290128,0.05263157894736842
norman,1000,combined,IRF1_SET,0.33858222762743634,0.00011656974238568639,3,0.3610192232650887,0.20647862056891123,0.025641025641025644
norman,1000,combined,ISL2,0.4245448708534241,0.0015288301387531295,3,0.3931038435107633,0.011414182061950365,0.1111111111111111
norman,1000,combined,KLF1_BAK1,-0.0028511506194869676,0.004486839609975216,3,-0.021865492718246952,0.029462344323595364,0.025641025641025644
norman,1000,combined,KLF1_CLDN6,0.5161035656929016,0.0008903917380830669,3,0.4725375100545362,0.0744660273194313,0.1111111111111111
norman,1000,combined,KLF1_COL2A1,0.23416447142759958,0.001016222409864653,3,0.3256759322394609,0.060567078491051994,0.0
norman,1000,combined,KLF1_TGFBR2,0.22714349130789438,0.0023874585333739824,3,0.15401534463580505,0.02485860325396061,0.05263157894736842
norman,1000,combined,LHX1,0.8059991598129272,0.03889572724422895,3,0.4288193916839736,0.020256508762637775,0.08108108108108109
norman,1000,combined,LHX1_ELMSAN1,0.3695265054702759,0.00042620643322832696,3,0.4424098983183442,0.052428474028905235,0.0
norman,1000,combined,LYL1_IER5L,0.8335543473561605,0.0006565339807108689,3,0.5828202652987169,0.015485124662518501,0.37931034482758613
norman,1000,combined,MAP2K3_IKZF3,0.5481477777163187,0.0010261651251363354,3,0.41701066527408154,0.05311141908168793,0.06211474632527264
norman,1000,combined,MAP2K3_MAP2K6,-0.48115540544192,0.0022298697047199866,3,-0.08089555037278245,0.03235488012433052,0.08108108108108109
norman,1000,combined,MAP2K6,-0.4681776563326518,0.001169913137426425,3,-0.06273733280766483,0.026433004687229793,0.08108108108108109
norman,1000,combined,MAP7D1,-0.1374663015206655,0.0020495355755621837,3,0.16963906927282757,0.018519146367907524,0.0
norman,1000,combined,MAPK1_IKZF3,0.755698025226593,0.0016911230832046978,3,0.4983138482531471,0.03260053445895513,0.05263157894736842
norman,1000,combined,MAPK1_PRTG,0.44290004173914593,0.0002117337645699523,3,0.4295602645810303,0.030318576842546463,0.08108108108108109
norman,1000,combined,OSR2,0.32958070437113446,0.00031403753619061565,3,0.5256203718121221,0.04268644253412882,0.0
norman,1000,combined,PTPN1,0.7303169369697571,0.0005465429141111064,3,0.3321595891138134,0.016844256470600765,0.21212121212121213
norman,1000,combined,PTPN12_SNAI1,0.6222977836926779,0.0012559041147543724,3,0.4315263843559137,0.014607020343343416,0.17647058823529413
norman,1000,combined,SAMD1_PTPN12,0.7437421679496765,0.000503246745783468,3,0.5117549250660162,0.029285987839102745,0.05263157894736842
norman,1000,combined,SET,0.4675080180168152,0.051789298778974396,3,0.2956863881052167,0.04721721510092417,0.12169312169312169
norman,1000,combined,SET_KLF1,0.40039270122845966,0.0007718374130100742,3,0.22987911905114142,0.02961178993185361,0.05263157894736842
norman,1000,combined,SGK1_TBX3,0.5599259336789449,0.0010654301665563518,3,0.49848230040945146,0.05553756530086199,0.17647058823529413
norman,1000,combined,SLC4A1,0.41045426328976947,0.02703460424242083,3,0.2580946657089259,0.052410160501797996,0.05263157894736842
norman,1000,combined,TGFBR2_PRTG,0.5200221935907999,0.00045568540065019645,3,0.39313045400071633,0.03750001018246015,0.08108108108108109
norman,1000,combined,TP73,0.647597074508667,0.001235204155777815,3,0.5287730126362032,0.16817345718542734,0.18835412953060013
norman,1000,combined,UBASH3A,0.6395130753517151,0.005508903916389911,3,0.4166505226497483,0.008495958211521307,0.3333333333333333
norman,1000,combined,UBASH3B,0.6586524844169617,0.001445603592784302,3,0.34843489802385935,0.008122737209002176,0.08108108108108109
norman,1000,combined,ZBTB25,0.5278280774752299,0.001965185286873511,3,0.2896702407884773,0.011403878840307394,0.025641025641025644
norman,1000,gene_ontology,AHR_FEV,0.4989720582962036,0.00021406384358683077,2,0.49537498823623816,0.17214370518922806,0.05263157894736842
norman,1000,gene_ontology,ARID1A,0.6137786209583282,0.0004230279185038434,2,0.5008731778941342,0.049357833340764046,0.21212121212121213
norman,1000,gene_ontology,BCL2L11,0.00834265723824501,0.0001033045598782332,2,0.04105804927518399,0.014377241488546133,0.02564102564102564
norman,1000,gene_ontology,BCORL1,0.34626539051532745,0.001334980353158313,2,0.285205703751195,0.012843349482864141,0.14285714285714285
norman,1000,gene_ontology,C3orf72_FOXL2,0.6590099334716797,0.00071750794904946,2,0.42343253213550824,0.04240071587264538,0.19429590017825313
norman,1000,gene_ontology,CBL_PTPN12,0.5976575016975403,0.001936984863863668,2,0.3202218612708712,0.02822593506425619,0.02564102564102564
norman,1000,gene_ontology,CBL_TGFBR2,0.6125900745391846,9.575763981675124e-05,2,0.33788419565050554,0.015565476380288601,0.08108108108108109
norman,1000,gene_ontology,CDKN1A,0.8286063373088837,0.08726711503738313,2,0.45009461724717215,0.018986728508025408,0.21212121212121213
norman,1000,gene_ontology,CDKN1B,0.7555717825889587,0.00036591893877158197,2,0.5192653209588729,0.009413260035216808,0.14285714285714285
norman,1000,gene_ontology,CDKN1C,0.7317489981651306,0.010728817463236163,2,0.5008980464276822,0.015261323191225529,0.21212121212121213
norman,1000,gene_ontology,CDKN1C_CDKN1A,0.5681235194206238,0.000299495505518413,2,0.39066077775646035,0.05574600584805012,0.14285714285714285
norman,1000,gene_ontology,CDKN1C_CDKN1B,0.7202710509300232,0.00031239244116274657,2,0.3960925013518317,0.024541703052818775,0.17647058823529413
norman,1000,gene_ontology,CEBPB_PTPN12,0.5444574952125549,0.00030935786806996217,2,0.5641952434285153,0.05101091042160988,0.17647058823529413
norman,1000,gene_ontology,CSRNP1,-0.4118672311306,0.0008463508649472631,2,-0.12576362678195385,0.024288863874971867,0.05263157894736842
norman,1000,gene_ontology,DUSP9_PRTG,0.6060765087604523,5.352649760883542e-06,2,0.4204579711172063,0.06601285189390182,0.05263157894736842
norman,1000,gene_ontology,FOSB,0.4165927320718765,0.001411729764296651,2,0.4714477435911761,0.022207122296094894,0.0
norman,1000,gene_ontology,FOXA3,0.706277072429657,0.0014639286361773933,2,0.5231551054192243,0.010969302151352167,0.21212121212121213
norman,1000,gene_ontology,FOXA3_FOXF1,0.6929222643375397,0.0005196284952908125,2,0.49438113747347,0.028802653774619102,0.14285714285714285
norman,1000,gene_ontology,FOXA3_FOXL2,0.5913733839988708,9.457752805844621e-05,2,0.5098251857673197,0.12623053789138794,0.12698412698412698
norman,1000,gene_ontology,HES7,0.8295289874076843,0.005652903909675151,2,0.5231021753496936,0.3307172507047653,0.14285714285714285
norman,1000,gene_ontology,HOXB9,0.7665570676326752,0.0016440221198644434,2,0.579627773061073,0.007363013224676251,0.3793103448275862
norman,1000,gene_ontology,IGDCC3_MAPK1,0.4042922556400299,0.00047078029786668636,2,0.41302395508817735,0.02915479615330696,0.05263157894736842
norman,1000,gene_ontology,IRF1_SET,0.338742658495903,0.00015061176315367983,2,0.36262617394435215,0.2065756395459175,0.02564102564102564
norman,1000,gene_ontology,ISL2,0.4248051643371582,0.00031648068546830327,2,0.39089786917904834,0.011447991244494915,0.1111111111111111
norman,1000,gene_ontology,KLF1_BAK1,-0.005359481554478407,0.0013811963481840323,2,-0.011650749105128332,0.029419276863336563,0.02564102564102564
norman,1000,gene_ontology,KLF1_CLDN6,0.517236053943634,0.0012650798049029953,2,0.4710522224890431,0.07424823194742203,0.1111111111111111
norman,1000,gene_ontology,KLF1_COL2A1,0.23441089689731598,0.0009978477119196717,2,0.326774634400789,0.06067919358611107,0.0
norman,1000,gene_ontology,KLF1_TGFBR2,0.22902202606201172,0.00010439774376148451,2,0.1541373027614219,0.02496026363223791,0.05263157894736842
norman,1000,gene_ontology,LHX1,0.8150968253612518,0.057990565362563785,2,0.417164004678925,0.01917460421100259,0.08108108108108109
norman,1000,gene_ontology,LHX1_ELMSAN1,0.3694674074649811,0.0005981059272180973,2,0.43843059215996927,0.05242983624339104,0.0
norman,1000,gene_ontology,LYL1_IER5L,0.833803653717041,0.00048704898139189143,2,0.5832456917420112,0.015462175011634827,0.40394088669950734
norman,1000,gene_ontology,MAP2K3_IKZF3,0.5485645830631256,0.0020067378981491976,2,0.4199941273738987,0.0531416442245245,0.06685633001422475
norman,1000,gene_ontology,MAP2K3_MAP2K6,-0.4800647348165512,0.0004027763577943588,2,-0.08046351584298357,0.032368769869208336,0.08108108108108109
norman,1000,gene_ontology,MAP2K6,-0.46827922761440277,0.0012424680206769006,2,-0.06283272190620176,0.02651120536029339,0.08108108108108109
norman,1000,gene_ontology,MAP7D1,-0.13864170014858246,0.0062711771039057115,2,0.17381204563358787,0.018616273999214172,0.0
norman,1000,gene_ontology,MAPK1_IKZF3,0.7553334832191467,0.001789470894075539,2,0.4941198919082083,0.03256989270448685,0.05263157894736842
norman,1000,gene_ontology,MAPK1_PRTG,0.4415408819913864,0.0006232886692033564,2,0.4364884216546786,0.030401844531297684,0.08108108108108109
norman,1000,gene_ontology,OSR2,0.3277072310447693,0.006213962757052173,2,0.5222241203241719,0.04272056557238102,0.0
norman,1000,gene_ontology,PTPN1,0.7308141589164734,0.0011112438078382321,2,0.3327959437749859,0.01681429985910654,0.21212121212121213
norman,1000,gene_ontology,PTPN12_SNAI1,0.6219292879104614,0.0009338055756073682,2,0.4265224101567845,0.01462338911369443,0.19429590017825313
norman,1000,gene_ontology,SAMD1_PTPN12,0.7445213198661804,0.0001073058763087362,2,0.5135524859876088,0.029215972870588303,0.05263157894736842
norman,1000,gene_ontology,SET,0.5128563046455383,0.016434994989429085,2,0.2911566873852685,0.04185924306511879,0.1111111111111111
norman,1000,gene_ontology,SET_KLF1,0.4008511006832123,0.0002782113470204115,2,0.22885137395556515,0.029627252370119095,0.05263157894736842
norman,1000,gene_ontology,SGK1_TBX3,0.5603080987930298,0.0001045241843070172,2,0.5027341368653762,0.05551237799227238,0.21212121212121213
norman,1000,gene_ontology,SLC4A1,0.3670448958873749,0.06997198716354372,2,0.23882541357255743,0.054346852004528046,0.039136302294197026
norman,1000,gene_ontology,TGFBR2_PRTG,0.5200939178466797,0.0001441422219072576,2,0.39550405848825376,0.037494685500860214,0.08108108108108109
norman,1000,gene_ontology,TP73,0.6483691334724426,4.442277833048231e-05,2,0.532067054029066,0.16794244945049286,0.17647058823529413
norman,1000,gene_ontology,UBASH3A,0.6410011351108551,0.0017454274373816545,2,0.4183989064820545,0.008404246997088194,0.3333333333333333
norman,1000,gene_ontology,UBASH3B,0.6590263247489929,0.0006192214983220552,2,0.34855620814990057,0.008001911453902721,0.0960960960960961
norman,1000,gene_ontology,ZBTB25,0.5269741415977478,0.0031943096486406588,2,0.28918592927220127,0.011396888643503189,0.02564102564102564
norman,1000,no_graph,AHR_FEV,0.4963773936033249,0.0003889100446342747,2,0.4808841033106267,0.17250832170248032,0.05263157894736842
norman,1000,no_graph,ARID1A,0.6190583109855652,0.00136665370981425,2,0.495630846525987,0.048936909064650536,0.21212121212121213
norman,1000,no_graph,BCL2L11,0.003597748000174761,0.0015041755837827571,2,0.022228214428538038,0.014522342942655087,0.01282051282051282
norman,1000,no_graph,BCORL1,0.35285423696041107,0.00047859853826545716,2,0.27578663585175467,0.013035251293331385,0.14285714285714285
norman,1000,no_graph,C3orf72_FOXL2,0.6798731088638306,0.0007939623322482217,2,0.4247064294476225,0.04114701598882675,0.21212121212121213
norman,1000,no_graph,CBL_PTPN12,0.6005934476852417,0.005643631603002754,2,0.304483250531198,0.028080279007554054,0.02564102564102564
norman,1000,no_graph,CBL_TGFBR2,0.6295844614505768,0.002385553772565113,2,0.3350333251302252,0.014827093575149775,0.08108108108108109
norman,1000,no_graph,CDKN1A,0.8972257375717163,0.0027575840043707746,2,0.4294882710844546,0.011405535507947206,0.25
norman,1000,no_graph,CDKN1B,0.7609082758426666,0.00259755242057491,2,0.5099825163418873,0.009262574836611748,0.14285714285714285
norman,1000,no_graph,CDKN1C,0.6230175197124481,0.0011416316856145867,2,0.5084802842601339,0.02838018909096718,0.25
norman,1000,no_graph,CDKN1C_CDKN1A,0.5707041621208191,0.0034836899105164573,2,0.3845832183507127,0.0555292759090662,0.14285714285714285
norman,1000,no_graph,CDKN1C_CDKN1B,0.7263096868991852,0.003275610919418173,2,0.39127002335574446,0.024187874048948288,0.19429590017825313
norman,1000,no_graph,CEBPB_PTPN12,0.5476157367229462,0.0012244080960899825,2,0.5530141899455734,0.05082178674638271,0.17647058823529413
norman,1000,no_graph,CSRNP1,-0.41994234919548035,0.0012528150719863251,2,-0.1298929270103573,0.024463134817779064,0.05263157894736842
norman,1000,no_graph,DUSP9_PRTG,0.6096415519714355,0.003998387224531495,2,0.4264030263119538,0.0658210813999176,0.05263157894736842
norman,1000,no_graph,FOSB,0.38105370104312897,0.016509911012657197,2,0.44372043403204725,0.023438026197254658,0.0
norman,1000,no_graph,FOXA3,0.7265650928020477,0.0016605436844807139,2,0.530061853553895,0.010292004328221083,0.21212121212121213
norman,1000,no_graph,FOXA3_FOXF1,0.7153059542179108,0.000904850690680384,2,0.4987222581877594,0.027482829988002777,0.14285714285714285
norman,1000,no_graph,FOXA3_FOXL2,0.6117202341556549,0.0007017871745548965,2,0.5210508044980913,0.12404709309339523,0.14285714285714285
norman,1000,no_graph,HES7,0.9076054990291595,0.001403195027473195,2,0.5327688605383798,0.2913076728582382,0.12698412698412698
norman,1000,no_graph,HOXB9,0.7740039825439453,0.0008311358526348304,2,0.5709629302402632,0.007193044060841203,0.42857142857142855
norman,1000,no_graph,IGDCC3_MAPK1,0.390366330742836,0.000136619009448063,2,0.40077091921023666,0.02989103738218546,0.05263157894736842
norman,1000,no_graph,IRF1_SET,0.3048095405101776,0.0001752044492597865,2,0.3239108004867869,0.21034565567970276,0.0
norman,1000,no_graph,ISL2,0.4370303153991699,0.0008385536979727477,2,0.3872668123410213,0.011188505217432976,0.1111111111111111
norman,1000,no_graph,KLF1_BAK1,-0.0199865335598588,0.0017066404829504883,2,-0.019145542892219085,0.030019940808415413,0.02564102564102564
norman,1000,no_graph,KLF1_CLDN6,0.5103836059570312,0.0031089201335575876,2,0.4690525313813687,0.07474199682474136,0.1111111111111111
norman,1000,no_graph,KLF1_COL2A1,0.22604240477085114,0.0009834756365774567,2,0.3255893031478939,0.06129520945250988,0.0
norman,1000,no_graph,KLF1_TGFBR2,0.21703577786684036,0.0020365251833342718,2,0.15381575643022918,0.025178181007504463,0.05263157894736842
norman,1000,no_graph,LHX1,0.8533421456813812,0.006728365043127634,2,0.41798473052427265,0.015409374609589577,0.08108108108108109
norman,1000,no_graph,LHX1_ELMSAN1,0.3460901379585266,0.0006973617554612527,2,0.4299572123052873,0.053871678188443184,0.0
norman,1000,no_graph,LYL1_IER5L,0.850115180015564,0.0029154660988925836,2,0.5871012387594913,0.014588473830372095,0.3793103448275862
norman,1000,no_graph,MAP2K3_IKZF3,0.5462340414524078,0.0011460992515567414,2,0.4092153027880746,0.05328110232949257,0.05263157894736842
norman,1000,no_graph,MAP2K3_MAP2K6,-0.4826177805662155,0.0018974300465361938,2,-0.09995395715202343,0.03265729732811451,0.05263157894736842
norman,1000,no_graph,MAP2K6,-0.47549621760845184,0.0014652984087539973,2,-0.088116028023857,0.026420925743877888,0.08108108108108109
norman,1000,no_graph,MAP7D1,-0.1315004527568817,0.0021530717561790216,2,0.1519015287370977,0.01824332680553198,0.0
norman,1000,no_graph,MAPK1_IKZF3,0.7447439432144165,0.0004115218288603693,2,0.48150623784046276,0.0332370400428772,0.05263157894736842
norman,1000,no_graph,MAPK1_PRTG,0.4254097640514374,0.0004998194764906924,2,0.41152808417017406,0.03106781095266342,0.08108108108108109
norman,1000,no_graph,OSR2,0.30484509468078613,0.0003055646517039817,2,0.5044651520857115,0.04374586045742035,0.0
norman,1000,no_graph,PTPN1,0.7354393601417542,0.0018118087237863126,2,0.3323437113051163,0.016563395969569683,0.25
norman,1000,no_graph,PTPN12_SNAI1,0.6313751935958862,0.002081717141650078,2,0.42353471305256724,0.014334157574921846,0.21212121212121213
norman,1000,no_graph,SAMD1_PTPN12,0.7543428242206573,0.0018111765210586492,2,0.5071847901805419,0.028858933597803116,0.06685633001422475
norman,1000,no_graph,SET,0.3783653676509857,0.0024934497047530016,2,0.27905297677320207,0.05989720858633518,0.08108108108108109
norman,1000,no_graph,SET_KLF1,0.3712611198425293,0.0005617331969531956,2,0.20542610698423053,0.030830598436295986,0.02564102564102564
norman,1000,no_graph,SGK1_TBX3,0.5468992590904236,0.0018432502727754397,2,0.5060486843390217,0.05638881027698517,0.21212121212121213
norman,1000,no_graph,SLC4A1,0.45502980053424835,0.0011173761742965672,2,0.25413948457576163,0.05612240731716156,0.02564102564102564
norman,1000,no_graph,TGFBR2_PRTG,0.5256058275699615,0.001262761728234896,2,0.3989192410673651,0.03720833174884319,0.08108108108108109
norman,1000,no_graph,TP73,0.65266153216362,0.0018491929784154757,2,0.5353976304595596,0.16717486083507538,0.17647058823529413
norman,1000,no_graph,UBASH3A,0.6448264122009277,0.0028460923862436522,2,0.40438182979215814,0.00857835030183196,0.3333333333333333
norman,1000,no_graph,UBASH3B,0.664443165063858,0.0027839257846900833,2,0.33673308786567857,0.008048555348068476,0.1111111111111111
norman,1000,no_graph,ZBTB25,0.5337591171264648,0.004010356929508589,2,0.2847252935171635,0.011330143082886934,0.02564102564102564
norman,1000,random,AHR_FEV,0.4964633733034134,0.013306834819526273,2,0.4461074141880216,5.475607097148895,0.15966386554621848
norman,1000,random,ARID1A,0.45900242030620575,0.18572171061692222,2,0.35786911245797126,0.4078045729547739,0.05555555555555555
norman,1000,random,BCL2L11,0.01452664379030466,0.013169753511833606,2,-0.0019472150523646681,10.113089919090271,0.039136302294197026
norman,1000,random,BCORL1,0.34752248227596283,0.0018066035879952171,2,0.2745952265995836,0.012773027643561363,0.14285714285714285
norman,1000,random,C3orf72_FOXL2,0.64090895652771,0.021340635275006084,2,0.40586122903706606,0.04902640916407108,0.12698412698412698
norman,1000,random,CBL_PTPN12,0.5139039307832718,0.05549524012305205,2,0.270856029794279,0.18547575362026691,0.21212121212121213
norman,1000,random,CBL_TGFBR2,0.5694872736930847,0.04651334631031968,2,0.29181400444740313,0.872549083083868,0.23106060606060608
norman,1000,random,CDKN1A,0.8086521625518799,0.07247487776236317,2,0.37318525426125626,0.24027014151215553,0.11455108359133127
norman,1000,random,CDKN1B,0.7345346808433533,0.025981761939328715,2,0.495883887735708,0.017009766772389412,0.1437908496732026
norman,1000,random,CDKN1C,0.49034225940704346,0.12461162518840035,2,0.43234193660922077,0.09570476785302162,0.11888111888111888
norman,1000,random,CDKN1C_CDKN1A,0.4205760359764099,0.20745698790796005,2,0.3288424070078837,6.013359760865569,0.08424908424908424
norman,1000,random,CDKN1C_CDKN1B,0.5349994003772736,0.21465495313719607,2,0.3330986220901727,1.7363969832658768,0.05263157894736842
norman,1000,random,CEBPB_PTPN12,0.5386335551738739,0.0077901284508140765,2,0.5503439719982365,5.09196712449193,0.14285714285714285
norman,1000,random,CSRNP1,-0.3356514275074005,0.03801009318270127,2,-0.1627056766106129,0.2075832113623619,0.06685633001422475
norman,1000,random,DUSP9_PRTG,0.5870135128498077,0.019543535801350074,2,0.3731055285086823,0.3953016586601734,0.11455108359133127
norman,1000,random,FOSB,0.38497814536094666,0.039806223278841535,2,0.34741850948497355,10.952783517539501,0.0960960960960961
norman,1000,random,FOXA3,0.6934573948383331,0.020034462292804967,2,0.506146236849063,0.011883409693837166,0.21212121212121213
norman,1000,random,FOXA3_FOXF1,0.5080724954605103,0.2531766247671226,2,0.359808639523473,1.5749856792390347,0.11455108359133127
norman,1000,random,FOXA3_FOXL2,0.3923751413822174,0.22828145072925324,2,0.3490463108299521,21.035898447036743,0.039136302294197026
norman,1000,random,HES7,0.8836308717727661,0.06704695373003916,2,0.47449560811837166,0.2697676420211792,0.15966386554621848
norman,1000,random,HOXB9,0.5758536756038666,0.24367550285416026,2,0.46437206494547195,7.600074529647827,0.039136302294197026
norman,1000,random,IGDCC3_MAPK1,0.32002222537994385,0.05166293255507773,2,0.33551050418740724,5.689014591276646,0.0960960960960961
norman,1000,random,IRF1_SET,0.32483039796352386,0.011410184489687532,2,0.31485837104893477,4.230423256754875,0.08108108108108109
norman,1000,random,ISL2,0.39213351905345917,0.017563413638035506,2,0.34361241673679316,8.960000872612,0.1111111111111111
norman,1000,random,KLF1_BAK1,-0.002605221699923277,0.007573519332703893,2,-0.025747682751842402,0.10911977011710405,0.039136302294197026
norman,1000,random,KLF1_CLDN6,0.41393837332725525,0.070764221475003,2,0.3725674526860957,0.5762889534235001,0.23106060606060608
norman,1000,random,KLF1_COL2A1,0.24656375497579575,0.003132027143253685,2,0.30475831612954063,4.806602239608765,0.05263157894736842
norman,1000,random,KLF1_TGFBR2,0.2522525191307068,0.003915400079813545,2,0.11632308298316078,3.488155424594879,0.21323529411764708
norman,1000,random,LHX1,0.5811978280544281,0.09062116124188008,2,0.20216352451870284,4.190202474594116,0.05336105336105336
norman,1000,random,LHX1_ELMSAN1,0.3203079402446747,0.0698988202345288,2,0.36990224054784177,2.9944892898201942,0.1437908496732026
norman,1000,random,LYL1_IER5L,0.6039241701364517,0.28973098687568183,2,0.4425351861216643,5.527672262862325,0.12698412698412698
norman,1000,random,MAP2K3_IKZF3,0.4663170874118805,0.11703602419650673,2,0.34110996041324915,0.09198005124926567,0.09774436090225563
norman,1000,random,MAP2K3_MAP2K6,-0.3646209239959717,0.00774692793109041,2,-0.0978382862410092,53.138442039489746,0.0
norman,1000,random,MAP2K6,-0.46583645045757294,0.006515881706359962,2,-0.0699832562927038,0.028020324185490608,0.08108108108108109
norman,1000,random,MAP7D1,-0.07100303843617439,0.03558477912692219,2,0.06084348672419555,11.274393081665039,0.0
norman,1000,random,MAPK1_IKZF3,0.6853330135345459,0.0937959568996602,2,0.44446513346587857,4.6229071989655495,0.1513157894736842
norman,1000,random,MAPK1_PRTG,0.43987317383289337,0.003564169317748009,2,0.42205087391394236,0.03143797907978296,0.06685633001422475
norman,1000,random,OSR2,0.2556738629937172,0.10435760942499002,2,0.3780489259536991,10.359692122787237,0.04054054054054054
norman,1000,random,PTPN1,0.6724796295166016,0.040912788786495055,2,0.304920100811985,2.6418132446706295,0.14285714285714285
norman,1000,random,PTPN12_SNAI1,0.603692889213562,0.021590144618190577,2,0.3862191232816694,0.016928793396800756,0.15966386554621848
norman,1000,random,SAMD1_PTPN12,0.7326675653457642,0.012499490862875842,2,0.47944372752534586,0.4472398776561022,0.17147707979626486
norman,1000,random,SET,0.35215288400650024,0.02171009454905258,2,0.20415733473194292,2.136954605579376,0.08187134502923976
norman,1000,random,SET_KLF1,0.39882853627204895,0.006370917620906742,2,0.21768870405615898,0.030092038214206696,0.06685633001422475
norman,1000,random,SGK1_TBX3,0.5315425395965576,0.01797681100165461,2,0.4709240295283835,8.302571263164282,0.17647058823529413
norman,1000,random,SLC4A1,0.28547458350658417,0.05065505389321247,2,0.1423843727916697,8.38033413887024,0.02564102564102564
norman,1000,random,TGFBR2_PRTG,0.5133646130561829,0.010533256086145614,2,0.37577339181051506,0.9184890184551477,0.09774436090225563
norman,1000,random,TP73,0.6226348280906677,0.012001146526083032,2,0.49485299516109793,4.592487163841724,0.17748917748917747
norman,1000,random,UBASH3A,0.5848132073879242,0.06507840087664084,2,0.37911257583769487,8.604373794980347,0.05263157894736842
norman,1000,random,UBASH3B,0.6600216031074524,0.003606505827077202,2,0.34157764289917125,0.00926560489460826,0.06685633001422475
norman,1000,random,ZBTB25,0.5260101556777954,0.0005415027096679666,2,0.29433510176121913,0.011486375704407692,0.02564102564102564
norman,1000,string_ppi,AHR_FEV,0.498318612575531,0.0004056212700688442,2,0.4940721138942775,0.17220909148454666,0.05263157894736842
norman,1000,string_ppi,ARID1A,0.6138173639774323,0.0007698121880514795,2,0.5015797866177016,0.04928495176136494,0.21212121212121213
norman,1000,string_ppi,BCL2L11,0.007764793932437897,0.00022424494168024362,2,0.03856543664797028,0.014669705647975206,0.02564102564102564
norman,1000,string_ppi,BCORL1,0.3463926315307617,0.00013166675474803296,2,0.27904175927288943,0.013042860198765993,0.14285714285714285
norman,1000,string_ppi,C3orf72_FOXL2,0.6581595540046692,0.0003450141019101785,2,0.4208395214647073,0.04232928156852722,0.21212121212121213
norman,1000,string_ppi,CBL_PTPN12,0.5978480577468872,0.0005474875621565134,2,0.3158042212257607,0.028241083957254887,0.02564102564102564
norman,1000,string_ppi,CBL_TGFBR2,0.6127886176109314,0.0005092182237086217,2,0.337546502786654,0.015472795348614454,0.08108108108108109
norman,1000,string_ppi,CDKN1A,0.6218718141317368,0.29557603826771817,2,0.3589266780943565,0.08596466109156609,0.13237639553429026
norman,1000,string_ppi,CDKN1B,0.7550806999206543,0.0004126176469216526,2,0.5189428716248154,0.009498033206909895,0.14285714285714285
norman,1000,string_ppi,CDKN1C,0.5910603106021881,0.05101753786383041,2,0.5031946568000808,0.03684608731418848,0.21212121212121213
norman,1000,string_ppi,CDKN1C_CDKN1A,0.5681121945381165,0.00014810402566728162,2,0.38874634073864367,0.055725738406181335,0.14285714285714285
norman,1000,string_ppi,CDKN1C_CDKN1B,0.7213540971279144,8.956205308564982e-05,2,0.3959521132063895,0.024502303451299667,0.17647058823529413
norman,1000,string_ppi,CEBPB_PTPN12,0.5448582172393799,0.0001807256864147136,2,0.5669793032877447,0.050986701622605324,0.17647058823529413
norman,1000,string_ppi,CSRNP1,-0.41136884689331055,0.00027159429180420114,2,-0.12932339742715898,0.024177052080631256,0.05263157894736842
norman,1000,string_ppi,DUSP9_PRTG,0.6066760420799255,0.000299495505518413,2,0.42142047112013126,0.06589477509260178,0.05263157894736842
norman,1000,string_ppi,FOSB,0.4163561463356018,0.0004926966590923513,2,0.4700611571629921,0.02222814690321684,0.0
norman,1000,string_ppi,FOXA3,0.7054486572742462,8.416725647625538e-05,2,0.5218890891114294,0.01102357218042016,0.21212121212121213
norman,1000,string_ppi,FOXA3_FOXF1,0.6930056810379028,0.00039634896339644745,2,0.49054329278796194,0.02877773530781269,0.14285714285714285
norman,1000,string_ppi,FOXA3_FOXL2,0.5914610922336578,0.0002777898785353026,2,0.5102621309895492,0.1260615587234497,0.14285714285714285
norman,1000,string_ppi,HES7,0.9278686940670013,0.011090985332490276,2,0.5231349173842037,0.2247016802430153,0.14285714285714285
norman,1000,string_ppi,HOXB9,0.7662560343742371,0.0001418662920876693,2,0.5809367973936599,0.00743957469239831,0.3793103448275862
norman,1000,string_ppi,IGDCC3_MAPK1,0.40487681329250336,0.00022723473374648516,2,0.4198520432644981,0.02923041768372059,0.05263157894736842
norman,1000,string_ppi,IRF1_SET,0.3382957875728607,0.0001404754460868098,2,0.3620818383755215,0.20652926713228226,0.02564102564102564
norman,1000,string_ppi,ISL2,0.4248073399066925,0.0006805451629054059,2,0.3904019926549069,0.011426522396504879,0.1111111111111111
norman,1000,string_ppi,KLF1_BAK1,-0.00495861005038023,0.0008947802280643122,2,-0.014360147920193701,0.029605845920741558,0.02564102564102564
norman,1000,string_ppi,KLF1_CLDN6,0.5172535181045532,0.000159483674765223,2,0.46962190798149167,0.07427018508315086,0.1111111111111111
norman,1000,string_ppi,KLF1_COL2A1,0.23438586294651031,0.000351589010277878,2,0.3244958439921076,0.06065587140619755,0.0
norman,1000,string_ppi,KLF1_TGFBR2,0.22798079997301102,0.0018415327886986206,2,0.15293768252581305,0.024878076277673244,0.05263157894736842
norman,1000,string_ppi,LHX1,0.8910916149616241,0.0044089396758761135,2,0.42578730956092903,0.021413413807749748,0.08108108108108109
norman,1000,string_ppi,LHX1_ELMSAN1,0.3695262670516968,0.00011607242079900217,2,0.4412984601568913,0.05250927247107029,0.0
norman,1000,string_ppi,LYL1_IER5L,0.8330317735671997,0.00032402497135175333,2,0.583036666524207,0.015478140208870173,0.3793103448275862
norman,1000,string_ppi,MAP2K3_IKZF3,0.547699511051178,0.0009070844736514613,2,0.41682159407763664,0.05307869613170624,0.05263157894736842
norman,1000,string_ppi,MAP2K3_MAP2K6,-0.47926151752471924,0.0014200959137260635,2,-0.08310207259235972,0.03255793824791908,0.08108108108108109
norman,1000,string_ppi,MAP2K6,-0.46803118288517,0.000637365716605995,2,-0.06459364872523918,0.026593479327857494,0.08108108108108109
norman,1000,string_ppi,MAP7D1,-0.13766127824783325,0.00022790908332265947,2,0.16751039504836301,0.018403210677206516,0.0
norman,1000,string_ppi,MAPK1_IKZF3,0.7549779117107391,0.0006866986027879965,2,0.49308681683794253,0.03246108256280422,0.05263157894736842
norman,1000,string_ppi,MAPK1_PRTG,0.44321294128894806,6.547512916167388e-05,2,0.42788773987338247,0.030342000536620617,0.08108108108108109
norman,1000,string_ppi,OSR2,0.3290223479270935,0.0012119747757792687,2,0.5256087838002212,0.042636845260858536,0.0
norman,1000,string_ppi,PTPN1,0.7300714254379272,5.967993749142595e-05,2,0.3299212657881955,0.01691284403204918,0.23106060606060608
norman,1000,string_ppi,PTPN12_SNAI1,0.6227531433105469,9.238589193587972e-05,2,0.42979262655453937,0.01466471841558814,0.17647058823529413
norman,1000,string_ppi,SAMD1_PTPN12,0.7438187599182129,0.00013824166311573243,2,0.5081644202277664,0.02927536517381668,0.05263157894736842
norman,1000,string_ppi,SET,0.2432733103632927,0.013260715630543228,2,0.2650792802126102,0.11517049744725227,0.06685633001422475
norman,1000,string_ppi,SET_KLF1,0.4015577733516693,8.180703295964532e-05,2,0.22681591078576138,0.029642652720212936,0.05263157894736842
norman,1000,string_ppi,SGK1_TBX3,0.5600994825363159,0.000287947269026428,2,0.49889016983689854,0.05550013482570648,0.17647058823529413
norman,1000,string_ppi,SLC4A1,0.3658614754676819,0.01864766238940251,2,0.2584611630919157,0.10595590248703957,0.05263157894736842
norman,1000,string_ppi,TGFBR2_PRTG,0.5211097300052643,0.0003221283631687631,2,0.39394226285149203,0.037457119673490524,0.08108108108108109
norman,1000,string_ppi,TP73,0.6484433710575104,4.9944015485409424e-05,2,0.5306449325642808,0.16781748086214066,0.17647058823529413
norman,1000,string_ppi,UBASH3A,0.6411067843437195,0.0010277087540896401,2,0.41717278119707524,0.008669995237141848,0.3333333333333333
norman,1000,string_ppi,UBASH3B,0.6578854322433472,0.000535770738270485,2,0.34568581116755803,0.008167935069650412,0.08108108108108109
norman,1000,string_ppi,ZBTB25,0.5263808965682983,5.706683288375052e-05,2,0.2855209123652932,0.011551257688552141,0.02564102564102564
replogle_k562,200,coexpression,ANAPC15,0.3013470570246379,0.001003213858157769,3,0.3139098477461937,0.00754304959749182,0.025641025641025644
replogle_k562,200,coexpression,ASF1B,-0.11775768299897511,0.0004309627643714374,3,-0.1401030025750644,0.01240769245972236,0.025641025641025644
replogle_k562,200,coexpression,BUB1,0.5939187208811442,0.0014333136964166874,3,0.6104097602440062,0.005397079512476921,0.21212121212121213
replogle_k562,200,coexpression,C9orf16,-0.24690499901771545,0.0011942217738491094,3,-0.2639545988649717,0.017877961819370587,0.09109109109109109
replogle_k562,200,coexpression,CADM4,-0.1575970004002253,0.00017474115943894305,3,-0.183609590239756,0.013333872271080812,0.0
replogle_k562,200,coexpression,CDAN1,0.5102027058601379,0.0007388490958040022,3,0.519751993799845,0.018339190011223156,0.08108108108108109
replogle_k562,200,coexpression,CHORDC1,0.11828240752220154,0.0020260019286922957,3,0.11669291732293309,0.011763603426516056,0.025641025641025644
replogle_k562,200,coexpression,CIAO1,0.25514869888623554,0.000766951430061977,3,0.34571964299107477,0.01730789306263129,0.05263157894736842
replogle_k562,200,coexpression,EIF1AX,0.589788536230723,0.003516985229554759,3,0.661785544638616,0.07497781018416087,0.15406162464985995
replogle_k562,200,coexpression,EIF3E,0.4137970705827077,0.00029968078866551574,3,0.43552688817220436,0.08530984322230022,0.17647058823529413
replogle_k562,200,coexpression,EIF3M,0.5082292556762695,0.0017471428610428064,3,0.5493057326433162,0.09640002995729446,0.27688172043010756
replogle_k562,200,coexpression,HNRNPH1,0.35468369722366333,0.002240613498866644,3,0.3661811545288633,0.028004019831617672,0.05263157894736842
replogle_k562,200,coexpression,KIF11,0.40160906314849854,0.0006019161440386799,3,0.42305457636440913,0.006608514115214348,0.043634727845254156
replogle_k562,200,coexpression,KLC2,-0.16888763507207236,0.0013059342305769747,3,-0.16397059926498164,0.017583968117833138,0.0
replogle_k562,200,coexpression,LENG8,0.22151330610116324,0.001268392252487334,3,0.24876771919297988,0.020197325696547825,0.0
replogle_k562,200,coexpression,LIN54,0.2221726030111313,0.0005064150634462704,3,0.21221330533263336,0.01082383810232083,0.05263157894736842
replogle_k562,200,coexpression,MED1,0.5921998222668966,0.004489851432530784,3,0.5879746993674843,0.22377664844195047,0.17647058823529413
replogle_k562,200,coexpression,MED10,0.4744761288166046,0.0013655923798624517,3,0.4282417060426511,0.11079402267932892,0.14285714285714285
replogle_k562,200,coexpression,MED9,0.635018527507782,8.897611995523088e-05,3,0.6365174129353234,0.41815908749898273,0.25
replogle_k562,200,coexpression,MRPL2,0.2730983595053355,0.0028468268860973676,3,0.40287807195179887,0.048008362452189125,0.1111111111111111
replogle_k562,200,coexpression,MRPS14,0.2240573614835739,0.0026131272985989123,3,0.40065151628790724,0.19503017763296762,0.05263157894736842
replogle_k562,200,coexpression,MYO1H,-0.011462396010756493,0.0009641621476419571,3,-0.03639240981024526,0.015846680849790573,0.08108108108108109
replogle_k562,200,coexpression,N6AMT1,-0.09287356585264206,0.0013633927869106171,3,-0.14091752293807347,0.034482795745134354,0.08108108108108109
replogle_k562,200,coexpression,NAA38,0.6584240198135376,0.0008434707933268665,3,0.6857721443036077,0.12501119822263718,0.14285714285714285
replogle_k562,200,coexpression,NAF1,0.039445772767066956,0.002047601613516533,3,0.05582139553488838,0.01823676625887553,0.05263157894736842
replogle_k562,200,coexpression,NUP98,0.7703853845596313,0.0006965678699215498,3,0.7773499337483437,0.06279290467500687,0.2903225806451613
replogle_k562,200,coexpression,OIP5,-0.22497718036174774,0.003461941935898506,3,-0.23207130178254456,0.018779495730996132,0.025641025641025644
replogle_k562,200,coexpression,OR7A17,-0.25115592281023663,0.00023532849464711367,3,-0.2713162829070727,0.0215499314169089,0.08108108108108109
replogle_k562,200,coexpression,POP7,0.009624956175684929,0.002288835564736228,3,0.04447661191529789,0.016364170238375664,0.1111111111111111
replogle_k562,200,coexpression,PPP4C,0.2588279644648234,0.0005234207633886005,3,0.2424215605390135,0.027319987614949543,0.05263157894736842
replogle_k562,200,coexpression,PSMC4,0.5968562563260397,0.0006731385326191043,3,0.6136608415210381,0.2944355507691701,0.14285714285714285
replogle_k562,200,coexpression,PSTK,0.1621792068084081,0.0018468535589710137,3,0.1471626790669767,0.009529327663282553,0.025641025641025644
replogle_k562,200,coexpression,RAB18,0.4019623398780823,0.0005431656096890788,3,0.40590364759118985,0.0431134340663751,0.14285714285714285
replogle_k562,200,coexpression,RIOK2,0.48830581704775494,0.0010376439441465452,3,0.4576134403360084,0.0691262607773145,0.22474747474747478
replogle_k562,200,coexpression,RNF8,0.4819863736629486,0.0003461808533112403,3,0.4762729068226706,0.008569763352473577,0.025641025641025644
replogle_k562,200,coexpression,RPL10A,0.7194099823633829,0.004603500226821605,3,0.7298512462811572,0.09556148201227188,0.22474747474747478
replogle_k562,200,coexpression,RPL13,0.6959618528683981,0.0015908886403121453,3,0.7302732568314209,0.10280815760294597,0.18835412953060013
replogle_k562,200,coexpression,RPL3,0.5130135814348856,0.0009342365821941691,3,0.5462841571039276,0.006788065967460473,0.25
replogle_k562,200,coexpression,RPL5,0.752530038356781,0.0022691649849271014,3,0.7995404885122128,0.13342202206452689,0.20023767082590613
replogle_k562,200,coexpression,RPS20,0.5950697660446167,0.0024956270336261993,3,0.6054881372034301,0.0552900085846583,0.17647058823529413
replogle_k562,200,coexpression,RRM2,0.44869346419970196,0.055569763694591386,3,0.5432870821770545,0.04309102396170298,0.1111111111111111
replogle_k562,200,coexpression,SLC35B1,-0.05998349810640017,0.0008200385672020246,3,-0.03524038100952524,0.026276881496111553,0.05263157894736842
replogle_k562,200,coexpression,SMG5,0.3382299741109212,0.0008768026765525283,3,0.4900147503687593,0.14486897985140482,0.23737373737373738
replogle_k562,200,coexpression,TICRR,0.5495304067929586,0.0022660271851662633,3,0.4616555413885348,0.10926101853450139,0.17647058823529413
replogle_k562,200,coexpression,TIMM9,0.3487098018328349,0.00218892128662625,3,0.3576609415235381,0.02431788792212804,0.08108108108108109
replogle_k562,200,coexpression,TRA2B,0.1715247482061386,0.0023006240803123096,3,0.39198079951998804,0.08865796774625778,0.08108108108108109
replogle_k562,200,coexpression,TUBGCP2,0.3909725646177928,0.0005639989760477164,3,0.41562539063476595,0.021775802597403526,0.1011011011011011
replogle_k562,200,coexpression,UBL5,0.700461725393931,0.0004958133344609354,3,0.7109917747943699,0.08169401437044144,0.25
replogle_k562,200,coexpression,WTAP,0.0830495258172353,0.00043842717544578623,3,0.06327158178954474,0.017269202197591465,0.09109109109109109
replogle_k562,200,coexpression,ZNF687,0.013045232743024826,0.0004358959238008666,3,-0.040682517062926575,0.02730067012210687,0.025641025641025644
replogle_k562,200,combined,ANAPC15,0.29569334785143536,0.0010826164245439224,3,0.30749968749218737,0.0077472579044600325,0.017094017094017092
replogle_k562,200,combined,ASF1B,-0.1183711513876915,0.0009095130990219276,3,-0.14124853121328038,0.012381765681008497,0.025641025641025644
replogle_k562,200,combined,BUB1,0.5927223364512125,0.0005520858989298219,3,0.6076561914047852,0.005453887861222029,0.23737373737373738
replogle_k562,200,combined,C9orf16,-0.24408534169197083,0.0013786205324129066,3,-0.26217155428885724,0.017896266654133797,0.12169312169312169
replogle_k562,200,combined,CADM4,-0.15546840926011404,0.0013755805885670158,3,-0.17960649016225408,0.013422358160217604,0.0
replogle_k562,200,combined,CDAN1,0.5082288583119711,0.0005871201719572162,3,0.5188074701867548,0.01839990292986234,0.1011011011011011
replogle_k562,200,combined,CHORDC1,0.12049521754185359,0.00081497967573051,3,0.12142853571339285,0.01187849324196577,0.025641025641025644
replogle_k562,200,combined,CIAO1,0.2550248404343923,0.00021458485941663877,3,0.3432930823270582,0.017368034770091374,0.05263157894736842
replogle_k562,200,combined,EIF1AX,0.5883577863375345,0.000580460218992555,3,0.658966474161854,0.075008491675059,0.16526610644257703
replogle_k562,200,combined,EIF3E,0.41207267840703327,0.0012200748139935943,3,0.43324833120828027,0.08559718479712804,0.17647058823529413
replogle_k562,200,combined,EIF3M,0.5064993500709534,0.0009812479360196153,3,0.5448501212530313,0.0965674842397372,0.2903225806451613
replogle_k562,200,combined,HNRNPH1,0.35220789909362793,0.00020879653608696488,3,0.3649786244656117,0.02814548710982005,0.06211474632527264
replogle_k562,200,combined,KIF11,0.40093375245730084,0.0017003466258082845,3,0.42378059451486294,0.006804914213716984,0.05263157894736842
replogle_k562,200,combined,KLC2,-0.16504613061745962,0.001105901907400338,3,-0.15882547063676594,0.017687901854515076,0.008547008547008546
replogle_k562,200,combined,LENG8,0.22345765928427377,0.0011869658370907315,3,0.24995124878121958,0.020117723072568577,0.0
replogle_k562,200,combined,LIN54,0.2211900254090627,0.0007542721769098472,3,0.2110312757818946,0.010747638220588366,0.05263157894736842
replogle_k562,200,combined,MED1,0.5909210046132406,0.0011646189481242315,3,0.5857911447786196,0.22432111700375876,0.21212121212121213
replogle_k562,200,combined,MED10,0.47388458251953125,0.00014283103698150472,3,0.4241966049151229,0.11069572468598683,0.17647058823529413
replogle_k562,200,combined,MED9,0.6343952020009359,0.00012147593797343975,3,0.6335638390959775,0.4180400570233663,0.27688172043010756
replogle_k562,200,combined,MRPL2,0.26149798432985943,0.0005116817156208934,3,0.3923688092202306,0.048506310830513634,0.1111111111111111
replogle_k562,200,combined,MRPS14,0.22638737161954245,0.0005317522048706523,3,0.4000390009750244,0.1948381265004476,0.05263157894736842
replogle_k562,200,combined,MYO1H,-0.010666605085134506,0.00012429456686928884,3,-0.03488937223430586,0.01585738609234492,0.08108108108108109
replogle_k562,200,combined,N6AMT1,-0.08975174278020859,0.0008465970158880034,3,-0.1364979124478112,0.03445499762892723,0.05263157894736842
replogle_k562,200,combined,NAA38,0.6590176820755005,0.0008015132924076264,3,0.685406135153379,0.12496862312157948,0.14285714285714285
replogle_k562,200,combined,NAF1,0.03729958087205887,0.0006975103947197274,3,0.05297982449561239,0.018296315024296444,0.05263157894736842
replogle_k562,200,combined,NUP98,0.7688249548276266,0.0006932132844195411,3,0.7764889122228057,0.06238993505636851,0.30465949820788535
replogle_k562,200,combined,OIP5,-0.22961726288000742,0.000663546940656752,3,-0.23665491637290936,0.018864900494615238,0.025641025641025644
replogle_k562,200,combined,OR7A17,-0.250017782052358,0.0013204481561655715,3,-0.26969124228105706,0.02157272771000862,0.08108108108108109
replogle_k562,200,combined,POP7,0.008349694311618805,0.00014762732444804506,3,0.043046576164404125,0.01643347243467967,0.09109109109109109
replogle_k562,200,combined,PPP4C,0.2594346801439921,0.0029224198490597412,3,0.24113852846321163,0.027311621854702633,0.07159791370317686
replogle_k562,200,combined,PSMC4,0.5972414016723633,0.0004253156284780182,3,0.6155223880597016,0.2945656975110372,0.14285714285714285
replogle_k562,200,combined,PSTK,0.1650457282861074,0.000751998310695861,3,0.15208230205755144,0.009572496016820272,0.025641025641025644
replogle_k562,200,combined,RAB18,0.399006724357605,0.00030632784712773494,3,0.4018550463761595,0.04324008400241534,0.1111111111111111
replogle_k562,200,combined,RIOK2,0.4868018925189972,0.0019978797427317404,3,0.4558198954973875,0.06937572360038757,0.20023767082590613
replogle_k562,200,combined,RNF8,0.4854433437188466,0.0007779189221641997,3,0.4789169729243232,0.008533713097373644,0.025641025641025644
replogle_k562,200,combined,RPL10A,0.7254314025243124,0.000557273958101862,3,0.7369019225480637,0.09536224106947581,0.23737373737373738
replogle_k562,200,combined,RPL13,0.7009275952974955,0.0008703585183879645,3,0.735746893672342,0.10222957034905751,0.20023767082590613
replogle_k562,200,combined,RPL3,0.513216515382131,0.00047446359155461215,3,0.5484702117552939,0.006858812179416418,0.26344086021505375
replogle_k562,200,combined,RPL5,0.75527556737264,0.0005093693443531612,3,0.8027855696392411,0.13345536092917124,0.21212121212121213
replogle_k562,200,combined,RPS20,0.5987635652224222,0.0009447448718015555,3,0.6087002175054376,0.05525885274012884,0.20023767082590613
replogle_k562,200,combined,RRM2,0.6053688128789266,0.004866527443411863,3,0.5435990899772495,0.029520660638809204,0.13227513227513227
replogle_k562,200,combined,SLC35B1,-0.05886014302571615,0.001212181069121933,3,-0.03883297082427062,0.026124734431505203,0.043634727845254156
replogle_k562,200,combined,SMG5,0.3359386622905731,0.00028344246496933003,3,0.490988774719368,0.14490380883216858,0.23737373737373738
replogle_k562,200,combined,TICRR,0.5495845874150594,0.0014666465619215692,3,0.45842246056151414,0.10890605797370274,0.18835412953060013
replogle_k562,200,combined,TIMM9,0.3458738724390666,0.0004175047085914958,3,0.351046276156904,0.02434991238017877,0.08108108108108109
replogle_k562,200,combined,TRA2B,0.1709939589103063,0.0005176969631995772,3,0.3886182154553864,0.0886955459912618,0.08108108108108109
replogle_k562,200,combined,TUBGCP2,0.3894091645876567,0.0003624202201803456,3,0.41484087102177564,0.021852631121873856,0.1111111111111111
replogle_k562,200,combined,UBL5,0.6977326075236002,0.0006327503133800431,3,0.7064416610415262,0.08221774051586787,0.20023767082590613
replogle_k562,200,combined,WTAP,0.08348069588343303,0.0007158042092425595,3,0.06189604740118504,0.017284232502182324,0.08108108108108109
replogle_k562,200,combined,ZNF687,0.01344529539346695,0.0010984589059320883,3,-0.04064001600040002,0.02726368171473344,0.043634727845254156
replogle_k562,200,gene_ontology,ANAPC15,0.29836584130922955,0.002628112549214293,3,0.31011475286882173,0.007670439003656308,0.025641025641025644
replogle_k562,200,gene_ontology,ASF1B,-0.1184039240082105,0.0001344317265931262,3,-0.14265906647666193,0.012574827608962854,0.025641025641025644
replogle_k562,200,gene_ontology,BUB1,0.5943599939346313,0.0007257528514653354,3,0.607857196429911,0.005539124831557274,0.21212121212121213
replogle_k562,200,gene_ontology,C9orf16,-0.24369879066944122,0.00021304026627951879,3,-0.26216255406385164,0.017920535057783127,0.1111111111111111
replogle_k562,200,gene_ontology,CADM4,-0.15546806653340658,0.0002730403980289005,3,-0.178807970199255,0.013391830027103424,0.0
replogle_k562,200,gene_ontology,CDAN1,0.5095993280410767,0.0005028265744288628,3,0.5211760294007352,0.018362052738666534,0.09109109109109109
replogle_k562,200,gene_ontology,CHORDC1,0.11814165115356445,0.0015668436516556767,3,0.11869546738668468,0.011972184603412947,0.025641025641025644
replogle_k562,200,gene_ontology,CIAO1,0.2551986177762349,0.00023776086659186898,3,0.34365459136478416,0.017336666584014893,0.05263157894736842
replogle_k562,200,gene_ontology,EIF1AX,0.5884813467661539,0.000710330859623809,3,0.6613410335258382,0.07514532407124837,0.16526610644257703
replogle_k562,200,gene_ontology,EIF3E,0.41177905599276227,0.0016581765090530997,3,0.4353148828720719,0.08554995556672414,0.17647058823529413
replogle_k562,200,gene_ontology,EIF3M,0.5063857436180115,0.0004991345375977893,3,0.5443831095777395,0.09680216511090596,0.27688172043010756
replogle_k562,200,gene_ontology,HNRNPH1,0.3543174664179484,0.0014390475400096704,3,0.366052651316283,0.028095329801241558,0.05263157894736842
replogle_k562,200,gene_ontology,KIF11,0.40199585755666095,0.0007776913059589379,3,0.4241056026400661,0.006763929966837168,0.05263157894736842
replogle_k562,200,gene_ontology,KLC2,-0.1672264983256658,0.0006295867318250387,3,-0.16233655841396036,0.01773649826645851,0.008547008547008546
replogle_k562,200,gene_ontology,LENG8,0.2222436120112737,0.0005119046766617518,3,0.2477296932423311,0.020298791428407032,0.0
replogle_k562,200,gene_ontology,LIN54,0.220480148990949,0.0011842594728013833,3,0.21147128678216962,0.01090708871682485,0.05263157894736842
replogle_k562,200,gene_ontology,MED1,0.5931415955225626,0.0015403710922531318,3,0.5858946473661842,0.2234626760085424,0.20023767082590613
replogle_k562,200,gene_ontology,MED10,0.47485262155532837,0.0009571896473104452,3,0.42382059551488793,0.11061924199263255,0.14285714285714285
replogle_k562,200,gene_ontology,MED9,0.6362354954083761,0.0018988779679825836,3,0.635294382359559,0.4177108407020569,0.25
replogle_k562,200,gene_ontology,MRPL2,0.2622126042842865,0.001965377614288529,3,0.3957778944473613,0.04848415404558182,0.1111111111111111
replogle_k562,200,gene_ontology,MRPS14,0.2258180777231852,0.0002255364982162801,3,0.40219955498887483,0.19485392173131308,0.05263157894736842
replogle_k562,200,gene_ontology,MYO1H,-0.010530240212877592,0.00028089885451111434,3,-0.03524788119702993,0.01596241568525632,0.08108108108108109
replogle_k562,200,gene_ontology,N6AMT1,-0.09002479414145152,0.0009129928504392155,3,-0.13760194004850124,0.03462232152620951,0.05263157894736842
replogle_k562,200,gene_ontology,NAA38,0.6588668823242188,0.00047251321903313303,3,0.686483162079052,0.124727763235569,0.12169312169312169
replogle_k562,200,gene_ontology,NAF1,0.04013309876124064,0.0007870584449060603,3,0.0579209480237006,0.018366174772381783,0.043634727845254156
replogle_k562,200,gene_ontology,NUP98,0.7715728084246317,0.0015554366811712163,3,0.7784849621240532,0.06238365297516187,0.30465949820788535
replogle_k562,200,gene_ontology,OIP5,-0.2275307426850001,0.0007793034848175047,3,-0.2346548663716593,0.019072019184629124,0.025641025641025644
replogle_k562,200,gene_ontology,OR7A17,-0.2517782847086589,0.0005769145925132681,3,-0.27391884797119936,0.021601194515824318,0.08108108108108109
replogle_k562,200,gene_ontology,POP7,0.008765664572517077,0.0012495230952686111,3,0.0457206430160754,0.016480537752310436,0.1111111111111111
replogle_k562,200,gene_ontology,PPP4C,0.2547634541988373,0.0011447298477194191,3,0.23782494562364062,0.027477527658144634,0.05263157894736842
replogle_k562,200,gene_ontology,PSMC4,0.5961809158325195,0.00038054235711485786,3,0.6139658491462288,0.29430196682612103,0.14285714285714285
replogle_k562,200,gene_ontology,PSTK,0.1644352525472641,0.00047623973470145326,3,0.1523678091952299,0.009514923207461834,0.025641025641025644
replogle_k562,200,gene_ontology,RAB18,0.4032260278860728,0.002289821931699382,3,0.407588689717243,0.0430624820291996,0.13227513227513227
replogle_k562,200,gene_ontology,RIOK2,0.48963266611099243,0.0003996806955434324,3,0.4585659641491038,0.06909838318824768,0.21212121212121213
replogle_k562,200,gene_ontology,RNF8,0.48433337608973187,0.00024309897652788134,3,0.4767019175479388,0.008628201050062975,0.025641025641025644
replogle_k562,200,gene_ontology,RPL10A,0.7257389426231384,0.00016679236025486966,3,0.7370459261481538,0.09488646686077118,0.23737373737373738
replogle_k562,200,gene_ontology,RPL13,0.7007938226064047,0.0004068962244691593,3,0.7342478561964049,0.102315920094649,0.18835412953060013
replogle_k562,200,gene_ontology,RPL3,0.5132043162981669,0.0018168483678300588,3,0.5493542338558465,0.0068861219721535845,0.25
replogle_k562,200,gene_ontology,RPL5,0.7543071309725443,0.000869079925116442,3,0.8021225530638266,0.13328414658705393,0.21212121212121213
replogle_k562,200,gene_ontology,RPS20,0.5983464320500692,0.0012745635438286091,3,0.6089347233680843,0.05509096011519432,0.20023767082590613
replogle_k562,200,gene_ontology,RRM2,0.5729590455691019,0.03286889782324854,3,0.5427600690017251,0.031446848064661026,0.1111111111111111
replogle_k562,200,gene_ontology,SLC35B1,-0.058982000996669136,0.0007825535212142354,3,-0.03839845996149904,0.02627956618865331,0.043634727845254156
replogle_k562,200,gene_ontology,SMG5,0.33421702186266583,0.0007744553201480119,3,0.49113577839445993,0.1449830879767736,0.25
replogle_k562,200,gene_ontology,TICRR,0.5488774379094442,0.0011383711100219761,3,0.45642391059776505,0.10873058686653773,0.20023767082590613
replogle_k562,200,gene_ontology,TIMM9,0.34642969568570453,8.750618744909997e-05,3,0.3527778194454862,0.024386095503966015,0.08108108108108109
replogle_k562,200,gene_ontology,TRA2B,0.17138241728146872,0.00047603714511153136,3,0.38831420785519644,0.08860455453395844,0.08108108108108109
replogle_k562,200,gene_ontology,TUBGCP2,0.3885747492313385,0.000777121364698923,3,0.4145068626715669,0.021923314159115154,0.1011011011011011
replogle_k562,200,gene_ontology,UBL5,0.6983744303385416,5.504970031677986e-05,3,0.7068081702042552,0.08182407915592194,0.20023767082590613
replogle_k562,200,gene_ontology,WTAP,0.08443176498015721,0.001887440369443156,3,0.06332758318957975,0.017314669365684193,0.08108108108108109
replogle_k562,200,gene_ontology,ZNF687,0.012829062218467394,0.002385925272265956,3,-0.039354483862096556,0.02741452430685361,0.025641025641025644
replogle_k562,200,no_graph,ANAPC15,0.30201686422030133,0.00014228102619760777,3,0.3165564139103478,0.0077304829222460585,0.0
replogle_k562,200,no_graph,ASF1B,-0.12187353521585464,0.0013193441980829225,3,-0.14423560589014728,0.012634095114966234,0.0346378767431399
replogle_k562,200,no_graph,BUB1,0.600280781586965,0.00033147965740485855,3,0.6178539463486589,0.0054682157933712006,0.21212121212121213
replogle_k562,200,no_graph,C9orf16,-0.24666105210781097,8.828700088562746e-05,3,-0.26430660766519165,0.018057166288296383,0.08108108108108109
replogle_k562,200,no_graph,CADM4,-0.16986086467901865,0.00033345209573842823,3,-0.19838945973649347,0.01360215712338686,0.0
replogle_k562,200,no_graph,CDAN1,0.5132995049158732,0.000853344152302329,3,0.5241611040276007,0.01826668158173561,0.05263157894736842
replogle_k562,200,no_graph,CHORDC1,0.09738500664631526,0.0005722143020167587,3,0.09545538638465963,0.012229806122680506,0.0
replogle_k562,200,no_graph,CIAO1,0.2553515632947286,0.0003820749987556025,3,0.3527468186704668,0.017446658263603847,0.05263157894736842
replogle_k562,200,no_graph,EIF1AX,0.5903593103090922,0.0007913467232781422,3,0.6654101352533814,0.07467876623074214,0.1111111111111111
replogle_k562,200,no_graph,EIF3E,0.39716463287671405,0.0004721843753146244,3,0.4195684892122304,0.08624327431122462,0.14285714285714285
replogle_k562,200,no_graph,EIF3M,0.503527839978536,0.0001617960406303505,3,0.5456611415285383,0.09644733120997746,0.22474747474747478
replogle_k562,200,no_graph,HNRNPH1,0.360519011815389,0.0007788959125392338,3,0.3727458186454662,0.027868721013267834,0.05263157894736842
replogle_k562,200,no_graph,KIF11,0.40026530623435974,0.0001754443583004224,3,0.42585564639115986,0.006784679833799601,0.025641025641025644
replogle_k562,200,no_graph,KLC2,-0.18015683690706888,0.0009172063400374038,3,-0.1741548538713468,0.017981869479020435,0.0
replogle_k562,200,no_graph,LENG8,0.22864912947018942,0.0002982378262742263,3,0.2498957473936849,0.020213470483819645,0.0
replogle_k562,200,no_graph,LIN54,0.22273232539494833,0.00021973697999610445,3,0.2127678191954799,0.010921838072439035,0.05263157894736842
replogle_k562,200,no_graph,MED1,0.5927760203679403,8.286474153920543e-05,3,0.5872631815795396,0.22336912155151367,0.18835412953060013
replogle_k562,200,no_graph,MED10,0.4772373636563619,0.0008798579347267574,3,0.4282392059801496,0.11047933499018352,0.15406162464985995
replogle_k562,200,no_graph,MED9,0.6335402727127075,0.0008672918229763988,3,0.6352403810095253,0.41773077845573425,0.25
replogle_k562,200,no_graph,MRPL2,0.2897339661916097,0.0005586242493502192,3,0.4117287932198306,0.04740536957979202,0.1111111111111111
replogle_k562,200,no_graph,MRPS14,0.22447475294272104,0.000901921077304348,3,0.40940423510587776,0.19497370719909668,0.025641025641025644
replogle_k562,200,no_graph,MYO1H,-0.013815289363265038,0.0006489154471104343,3,-0.037738443461086534,0.016050561641653378,0.08108108108108109
replogle_k562,200,no_graph,N6AMT1,-0.10785116255283356,0.0005536899513494234,3,-0.15261781544538613,0.03508583828806877,0.09109109109109109
replogle_k562,200,no_graph,NAA38,0.6535700758298238,0.00042673296919538555,3,0.6788224705617641,0.12510375678539276,0.14285714285714285
replogle_k562,200,no_graph,NAF1,0.04214679077267647,0.0004197058184664584,3,0.06529563239080978,0.0183338721593221,0.05263157894736842
replogle_k562,200,no_graph,NUP98,0.7706826329231262,0.0002629739837707678,3,0.7796679916997925,0.062326580286026,0.3333333333333333
replogle_k562,200,no_graph,OIP5,-0.2080266922712326,0.0004971402169457016,3,-0.2143238580964524,0.018652672568957012,0.05263157894736842
replogle_k562,200,no_graph,OR7A17,-0.25836923718452454,0.0002881919385148501,3,-0.27839095977399436,0.021785859639445942,0.08108108108108109
replogle_k562,200,no_graph,POP7,0.020215726767977078,0.001099369649106447,3,0.0548743718592965,0.016275090475877125,0.13227513227513227
replogle_k562,200,no_graph,PPP4C,0.26665793855985004,0.0004867763513953091,3,0.2523838095952399,0.027163304388523102,0.08108108108108109
replogle_k562,200,no_graph,PSMC4,0.5808784365653992,0.0005263594318910567,3,0.5995849896247407,0.2958596448103587,0.14285714285714285
replogle_k562,200,no_graph,PSTK,0.15222002069155374,0.0003577981335959427,3,0.13864596614915373,0.009787511390944323,0.025641025641025644
replogle_k562,200,no_graph,RAB18,0.40262887875239056,0.0003995733271571243,3,0.4097277431935799,0.04307965934276581,0.14285714285714285
replogle_k562,200,no_graph,RIOK2,0.4883668025334676,0.0007738042505251514,3,0.46357758943973604,0.06904210895299911,0.17647058823529413
replogle_k562,200,no_graph,RNF8,0.485323429107666,8.250990802604377e-05,3,0.4746673666841672,0.008618915143112341,0.025641025641025644
replogle_k562,200,no_graph,RPL10A,0.6993540128072103,0.0005561297034347646,3,0.7129138228455713,0.09658551712830861,0.18835412953060013
replogle_k562,200,no_graph,RPL13,0.6744430859883627,0.0008235462585236686,3,0.711142278556964,0.10389761378367741,0.17647058823529413
replogle_k562,200,no_graph,RPL3,0.5085756778717041,0.0007441550600121815,3,0.5436405910147755,0.006971167555699746,0.17647058823529413
replogle_k562,200,no_graph,RPL5,0.7296984593073527,0.000650340158955079,3,0.7823260581514538,0.13482633729775748,0.14285714285714285
replogle_k562,200,no_graph,RPS20,0.5808998545010885,0.0005493539823216117,3,0.5951798794969875,0.055855183551708855,0.14285714285714285
replogle_k562,200,no_graph,RRM2,0.5397714376449585,0.018958203377283555,3,0.6416020400510013,0.03362360720833143,0.20023767082590613
replogle_k562,200,no_graph,SLC35B1,-0.061714774618546166,0.00017505055165733423,3,-0.03193579839495988,0.026379746695359547,0.08108108108108109
replogle_k562,200,no_graph,SMG5,0.3292612632115682,0.0007351351086177002,3,0.4840281007025176,0.14542564749717712,0.23737373737373738
replogle_k562,200,no_graph,TICRR,0.5526957313219706,0.0007904587433287473,3,0.46179154478861983,0.10883013904094696,0.17647058823529413
replogle_k562,200,no_graph,TIMM9,0.3464108208815257,0.00027967101836749795,3,0.36793419835495894,0.024398235604166985,0.05263157894736842
replogle_k562,200,no_graph,TRA2B,0.1746052453915278,0.0007757911565612861,3,0.39425935648391214,0.08856205145517985,0.05263157894736842
replogle_k562,200,no_graph,TUBGCP2,0.38792625069618225,0.0005228482008294821,3,0.41751393784844626,0.021931080147624016,0.1011011011011011
replogle_k562,200,no_graph,UBL5,0.6979359785715739,0.00018769847443827735,3,0.7082332058301458,0.08170270919799805,0.25
replogle_k562,200,no_graph,WTAP,0.09192815919717152,0.0005944195160595944,3,0.07019675491887299,0.01716501514116923,0.08108108108108109
replogle_k562,200,no_graph,ZNF687,0.002419902632633845,0.0012251249115259135,3,-0.05317532938323458,0.027825651069482166,0.025641025641025644
replogle_k562,200,random,ANAPC15,0.29508109887441,0.0015299096461938858,3,0.3076021900547514,0.0076950898704429465,0.017094017094017092
replogle_k562,200,random,ASF1B,-0.11976566165685654,0.0032155802969223136,3,-0.1407945198629966,0.012527821275095144,0.043634727845254156
replogle_k562,200,random,BUB1,0.5989933411280314,0.013658987500589782,3,0.6082642066051652,0.06190089524413148,0.21286393345216878
replogle_k562,200,random,C9orf16,-0.2451950560013453,0.0019091488424032121,3,-0.2635035875896898,0.01813834471007188,0.1011011011011011
replogle_k562,200,random,CADM4,-0.15381615360577902,0.004666862458876067,3,-0.17817345433635845,0.013290221182008585,0.0
replogle_k562,200,random,CDAN1,0.5098254879315695,0.003511412350094038,3,0.5224780619515489,0.021267152701814968,0.09109109109109109
replogle_k562,200,random,CHORDC1,0.12145779530207317,0.0014569306401922102,3,0.12024750618765472,0.011679972832401594,0.025641025641025644
replogle_k562,200,random,CIAO1,0.25509809454282123,0.0005065443534578237,3,0.3438820970524264,0.01729426843424638,0.05263157894736842
replogle_k562,200,random,EIF1AX,0.5872238278388977,0.0011100750752546418,3,0.6578569464236607,0.07500673582156499,0.16526610644257703
replogle_k562,200,random,EIF3E,0.4055582483609517,0.005430559300988404,3,0.4314097852446312,0.08503033220767975,0.13346960405783936
replogle_k562,200,random,EIF3M,0.49484044313430786,0.003195344102578302,3,0.542851071276782,0.09138736128807068,0.22474747474747478
replogle_k562,200,random,HNRNPH1,0.36113131046295166,0.01311753308649531,3,0.3660296507412686,0.03001506191988786,0.08160792371318687
replogle_k562,200,random,KIF11,0.3932242492834727,0.014763411546787885,3,0.427628690717268,0.022424497331182163,0.08270676691729323
replogle_k562,200,random,KLC2,-0.16242937743663788,0.005061342553519911,3,-0.16510912772819322,0.39541734009981155,0.025641025641025644
replogle_k562,200,random,LENG8,0.22113541762034097,0.004028495949001742,3,0.24942173554338862,0.023172202209631603,0.0
replogle_k562,200,random,LIN54,0.22157849868138632,0.000808922911252427,3,0.21162629065726643,0.010999657834569613,0.05263157894736842
replogle_k562,200,random,MED1,0.590944250424703,0.0018305773703269042,3,0.5842311057776445,0.2281648317972819,0.16594516594516595
replogle_k562,200,random,MED10,0.4820568064848582,0.01034877128289392,3,0.42474161854046355,0.11606779197851817,0.21286393345216878
replogle_k562,200,random,MED9,0.637187639872233,0.0027886782710641153,3,0.6339558488962226,0.41668859124183655,0.31899641577060933
replogle_k562,200,random,MRPL2,0.2576093375682831,0.0029898087553814974,3,0.3793814845371135,0.05503654355804125,0.08160792371318687
replogle_k562,200,random,MRPS14,0.19382245341936746,0.04859483548203079,3,0.37895897397434936,0.2016070932149887,0.05311789522315838
replogle_k562,200,random,MYO1H,-0.01180011344452699,0.0004119939693111172,3,-0.03461936548413711,0.015788947232067585,0.08108108108108109
replogle_k562,200,random,N6AMT1,-0.08397099375724792,0.0062459716184928155,3,-0.1304727618190455,0.0363587960600853,0.09391124871001033
replogle_k562,200,random,NAA38,0.6592363516489664,0.0006480591782504581,3,0.6856791419785496,0.12430437902609508,0.13227513227513227
replogle_k562,200,random,NAF1,0.04065908739964167,0.002910926997482003,3,0.05423535588389711,0.01752247226734956,0.025641025641025644
replogle_k562,200,random,NUP98,0.7685367465019226,0.0009316460085964815,3,0.7773364334108354,0.0656525914867719,0.30465949820788535
replogle_k562,200,random,OIP5,-0.21112372974554697,0.031868150454405636,3,-0.22293507337683446,0.01876007455090682,0.054131054131054124
replogle_k562,200,random,OR7A17,-0.25172650814056396,0.000416475341267548,3,-0.27129328233205835,0.021725395694375038,0.08108108108108109
replogle_k562,200,random,POP7,0.0057187216977278394,0.003911628425212,3,0.04196004900122504,0.016472479949394863,0.1011011011011011
replogle_k562,200,random,PPP4C,0.2732791105906169,0.010946596055132289,3,0.2533878346958674,0.029126806184649467,0.05263157894736842
replogle_k562,200,random,PSMC4,0.5977656443913778,0.001087862438755858,3,0.6155128878221956,0.29541805386543274,0.14285714285714285
replogle_k562,200,random,PSTK,0.10635938805838425,0.11016373227533185,3,0.07232830820770521,0.5372607015694181,0.025641025641025644
replogle_k562,200,random,RAB18,0.3965415159861247,0.0038652234639917167,3,0.4030365759143979,0.04522719979286194,0.1111111111111111
replogle_k562,200,random,RIOK2,0.48698678612709045,0.0036429332714479016,3,0.45813095327383185,0.06931047389904658,0.21286393345216878
replogle_k562,200,random,RNF8,0.4863567650318146,0.0028513877453371166,3,0.4774074351858797,0.012678411789238453,0.025641025641025644
replogle_k562,200,random,RPL10A,0.7222186724344889,0.00677016844960077,3,0.7372659316482914,0.0959471936027209,0.21286393345216878
replogle_k562,200,random,RPL13,0.7008223732312521,0.002010155711463567,3,0.7328148203705095,0.10491226613521576,0.16844116844116844
replogle_k562,200,random,RPL3,0.5084834098815918,0.007457996538388566,3,0.5469931748293707,0.006765170178065698,0.19201228878648235
replogle_k562,200,random,RPL5,0.603624145189921,0.13801068894527907,3,0.6591784794619867,0.5222214659055074,0.12226512226512226
replogle_k562,200,random,RPS20,0.584227462609609,0.021485786014961372,3,0.6087962199054977,0.05573398868242899,0.14347961406784937
replogle_k562,200,random,RRM2,0.3394847760597865,0.126739162857529,3,0.4651271281782045,3.6715510648985705,0.09161793372319688
replogle_k562,200,random,SLC35B1,-0.05758908887704214,0.0001415229484746665,3,-0.036381409535238385,0.026365776856740315,0.0346378767431399
replogle_k562,200,random,SMG5,0.3368484874566396,0.001301092397351019,3,0.4925643141078528,0.14524601896603903,0.22474747474747478
replogle_k562,200,random,TICRR,0.5498586893081665,0.0073214483980268315,3,0.4570099252481313,0.10966440538565318,0.18835412953060013
replogle_k562,200,random,TIMM9,0.34850550691286725,0.005421407053637612,3,0.34895172379309486,0.06629811972379684,0.07159791370317686
replogle_k562,200,random,TRA2B,0.1702570766210556,0.007685582960610928,3,0.3875396884922124,0.08898373444875081,0.08160792371318687
replogle_k562,200,random,TUBGCP2,0.3842129309972127,0.007824650563279821,3,0.4139813495337384,0.036649578561385475,0.1011011011011011
replogle_k562,200,random,UBL5,0.6955169439315796,0.004296462468060226,3,0.7011700292507314,0.08139921973148982,0.25081459758879115
replogle_k562,200,random,WTAP,0.07699004809061687,0.0048490218065558996,3,0.05497287432185805,0.11058882251381874,0.10167310167310167
replogle_k562,200,random,ZNF687,0.01486422928671042,0.011859509429421596,3,-0.03906547663691593,0.02646200793484847,0.043634727845254156
replogle_k562,200,string_ppi,ANAPC15,0.2968732714653015,0.001266216156144268,3,0.3086982174554364,0.007623595185577869,0.017094017094017092
replogle_k562,200,string_ppi,ASF1B,-0.11929670472939809,0.0002319606789758485,3,-0.14333658341458538,0.012493096912900606,0.0346378767431399
replogle_k562,200,string_ppi,BUB1,0.5931096275647482,0.001021179326936372,3,0.6072451811295284,0.005458587159713109,0.21212121212121213
replogle_k562,200,string_ppi,C9orf16,-0.24427750209967294,0.000729739644736272,3,-0.2622640566014151,0.01789639952282111,0.1111111111111111
replogle_k562,200,string_ppi,CADM4,-0.15643166502316794,0.0012279195753467055,3,-0.18200005000125005,0.013256041643520197,0.0
replogle_k562,200,string_ppi,CDAN1,0.5084898670514425,0.0002871107686797863,3,0.5193674841871047,0.018387212107578915,0.09109109109109109
replogle_k562,200,string_ppi,CHORDC1,0.12079553802808125,0.000626529340299686,3,0.12005600140003503,0.011738058800498644,0.025641025641025644
replogle_k562,200,string_ppi,CIAO1,0.25442764163017273,0.00045972777647759066,3,0.3429440736018401,0.017389601717392605,0.05263157894736842
replogle_k562,200,string_ppi,EIF1AX,0.5874243974685669,0.00046260000388944093,3,0.6580124503112578,0.0752074271440506,0.17647058823529413
replogle_k562,200,string_ppi,EIF3E,0.41240846117337543,0.00038891887108829306,3,0.43474336858421464,0.08564659208059311,0.17647058823529413
replogle_k562,200,string_ppi,EIF3M,0.5038540363311768,0.00026099836051612956,3,0.5430020750518764,0.09696834286053975,0.26344086021505375
replogle_k562,200,string_ppi,HNRNPH1,0.3537628948688507,0.0006426579647689887,3,0.36547713692842326,0.028078000371654827,0.05263157894736842
replogle_k562,200,string_ppi,KIF11,0.4012427031993866,0.0007962885474572782,3,0.4235930898272457,0.0067030553085108595,0.043634727845254156
replogle_k562,200,string_ppi,KLC2,-0.16474093000094095,0.00024328410763408477,3,-0.1567569189229731,0.01762574849029382,0.008547008547008546
replogle_k562,200,string_ppi,LENG8,0.22374908129374185,0.0006102754087287745,3,0.25003525088127204,0.020107112204035122,0.0
replogle_k562,200,string_ppi,LIN54,0.22237873077392578,0.0008933337297046023,3,0.21224980624515613,0.010833929913739363,0.05263157894736842
replogle_k562,200,string_ppi,MED1,0.5911428332328796,0.0008805730337577796,3,0.585009625240631,0.2238070865472158,0.21212121212121213
replogle_k562,200,string_ppi,MED10,0.47404105464617413,0.0010236097254361707,3,0.42514162854071363,0.11077789465586345,0.14285714285714285
replogle_k562,200,string_ppi,MED9,0.6358317534128824,0.0007937971962902915,3,0.6344473611840297,0.41842461625734967,0.27688172043010756
replogle_k562,200,string_ppi,MRPL2,0.2607440948486328,0.00016929254285952882,3,0.3924648116202906,0.04855810354153315,0.1111111111111111
replogle_k562,200,string_ppi,MRPS14,0.2261039266983668,0.0004569633985276735,3,0.4001910047751194,0.1948520541191101,0.05263157894736842
replogle_k562,200,string_ppi,MYO1H,-0.011491398637493452,4.4398895233192554e-05,3,-0.035137378434460874,0.01569499510029952,0.08108108108108109
replogle_k562,200,string_ppi,N6AMT1,-0.08985411872466405,0.003519917104083365,3,-0.13841696042401064,0.03443178907036781,0.07159791370317686
replogle_k562,200,string_ppi,NAA38,0.658632496992747,0.0008394080462861559,3,0.6847471186779671,0.12521738559007645,0.1111111111111111
replogle_k562,200,string_ppi,NAF1,0.03910368929306666,0.00017920418472863148,3,0.056075901897547444,0.01827228193481763,0.0346378767431399
replogle_k562,200,string_ppi,NUP98,0.7692004044850668,0.00035354714656683344,3,0.7773899347483688,0.0625556968152523,0.30465949820788535
replogle_k562,200,string_ppi,OIP5,-0.22961698472499847,0.00020630689207998677,3,-0.2353168829220731,0.018717433015505474,0.0346378767431399
replogle_k562,200,string_ppi,OR7A17,-0.25127023458480835,0.00039668973399477304,3,-0.27180429510737775,0.021521858870983124,0.08108108108108109
replogle_k562,200,string_ppi,POP7,0.009488380203644434,0.0005151311796902067,3,0.043769594239856,0.01639541486899058,0.12169312169312169
replogle_k562,200,string_ppi,PPP4C,0.25675912698109943,0.0016898365077178598,3,0.23998699967499193,0.027342140053709347,0.05263157894736842
replogle_k562,200,string_ppi,PSMC4,0.5982870062192281,0.0001417455140371474,3,0.6162614065351635,0.2941809097925822,0.14285714285714285
replogle_k562,200,string_ppi,PSTK,0.1639709621667862,9.385831580068426e-05,3,0.15096577414435364,0.009583129857977232,0.025641025641025644
replogle_k562,200,string_ppi,RAB18,0.40089020133018494,0.00012719364102566034,3,0.40329358233955853,0.043164690335591636,0.1111111111111111
replogle_k562,200,string_ppi,RIOK2,0.48918675382932025,0.00031901551617359743,3,0.4582959573989351,0.06925734380880992,0.23737373737373738
replogle_k562,200,string_ppi,RNF8,0.4834161202112834,0.00011091721883327515,3,0.4767319182979575,0.008483100682497025,0.025641025641025644
replogle_k562,200,string_ppi,RPL10A,0.7264813383420309,0.0005089791715007845,3,0.7374164354108853,0.09494096040725708,0.25
replogle_k562,200,string_ppi,RPL13,0.7011089126269022,0.0011772623076188734,3,0.7355728893222332,0.10258953024943669,0.22474747474747478
replogle_k562,200,string_ppi,RPL3,0.5124266942342123,0.0005759132957270693,3,0.5477271931798295,0.006863820056120555,0.23737373737373738
replogle_k562,200,string_ppi,RPL5,0.7561677893002828,0.0003975270479421625,3,0.8030565764144105,0.13319082061449686,0.21212121212121213
replogle_k562,200,string_ppi,RPS20,0.6000183820724487,0.00014013694667722342,3,0.6096202405060127,0.05517339954773585,0.21212121212121213
replogle_k562,200,string_ppi,RRM2,0.5873424609502157,0.016652416257312706,3,0.5450086252156304,0.030660997455318768,0.1111111111111111
replogle_k562,200,string_ppi,SLC35B1,-0.05816618477304777,0.0005548661926035448,3,-0.036840421010525266,0.026186735679705937,0.025641025641025644
replogle_k562,200,string_ppi,SMG5,0.33492674430211383,0.0016867666907629665,3,0.49044576114402866,0.1449403464794159,0.26344086021505375
replogle_k562,200,string_ppi,TICRR,0.5491198301315308,0.0006577030605325676,3,0.4581734543363585,0.10888313750425975,0.20023767082590613
replogle_k562,200,string_ppi,TIMM9,0.3462962905565898,0.00026889519132515413,3,0.3521408035200881,0.02430705726146698,0.08108108108108109
replogle_k562,200,string_ppi,TRA2B,0.17088471353054047,0.00025566051148012296,3,0.38759018975474385,0.08860624829928081,0.08108108108108109
replogle_k562,200,string_ppi,TUBGCP2,0.38849008083343506,0.0010766293303487533,3,0.4144588614715368,0.021877920875946682,0.1111111111111111
replogle_k562,200,string_ppi,UBL5,0.6982516249020895,4.814492389477507e-05,3,0.7054741368534213,0.08221554507811864,0.18835412953060013
replogle_k562,200,string_ppi,WTAP,0.08276136467854182,0.0002889020784915025,3,0.061848046201155034,0.017180176451802254,0.08108108108108109
replogle_k562,200,string_ppi,ZNF687,0.012168773139516512,0.001778258046934181,3,-0.04153103827595691,0.027359088882803917,0.017094017094017092
replogle_k562,500,combined,ANAPC15,0.2023808260758718,0.00045976051279740873,3,0.19143750175000696,0.006587483609716098,0.0
replogle_k562,500,combined,ASF1B,-0.07385051747163136,4.3927491781710144e-05,3,-0.08046380985523942,0.010030503384768963,0.0
replogle_k562,500,combined,BUB1,0.6591811776161194,0.07601155374851717,3,0.5658994155976623,0.004174815335621436,0.17647058823529413
replogle_k562,500,combined,C9orf16,-0.1459788680076599,0.00046499938342513296,3,-0.16236951347805392,0.013270812729994455,0.0
replogle_k562,500,combined,CADM4,-0.1245071788628896,0.0003348596348078974,3,-0.13574131096524386,0.009532459080219269,0.0
replogle_k562,500,combined,CDAN1,0.5091443657875061,0.0005177182760083548,3,0.49099185196740786,0.013291979519029459,0.08108108108108109
replogle_k562,500,combined,CHORDC1,0.07306599865357082,0.0004687013646363213,3,0.07072274745727537,0.009628569707274437,0.025641025641025644
replogle_k562,500,combined,CIAO1,0.25799768169720966,0.0003545112587234349,3,0.3161401125604502,0.01262611337006092,0.08108108108108109
replogle_k562,500,combined,EIF1AX,0.520745575428009,0.00013087393902861294,3,0.5760757123028492,0.05254496013124784,0.06211474632527264
replogle_k562,500,combined,EIF3E,0.3699417511622111,0.0011417092825862815,3,0.41845213780855123,0.06912216792503993,0.08108108108108109
replogle_k562,500,combined,EIF3M,0.4490877687931061,0.0004133526517460449,3,0.5006185464741858,0.06614805509646733,0.06211474632527264
replogle_k562,500,combined,HNRNPH1,0.3905056218306224,0.0004937092523581589,3,0.39947090988363954,0.02382174755136172,0.0
replogle_k562,500,combined,KIF11,0.3926098048686981,0.020017982722208096,3,0.4035841743366973,0.004986684148510297,0.008547008547008546
replogle_k562,500,combined,KLC2,-0.13849247495333353,0.00027040362725272557,3,-0.14045905783623133,0.014767142323156198,0.0
replogle_k562,500,combined,LENG8,0.19868989288806915,0.00043770138764844793,3,0.1933860855443422,0.016544850543141365,0.025641025641025644
replogle_k562,500,combined,LIN54,0.19364300866921744,0.0005882012883992768,3,0.16679698718794875,0.008121757147212824,0.025641025641025644
replogle_k562,500,combined,MED1,0.6721224983533224,0.0004193234093197037,3,0.6643728974915899,0.189245343208313,0.25
replogle_k562,500,combined,MED10,0.5799119273821512,0.0002243140990014791,3,0.5509329877319509,0.08429267505804698,0.14285714285714285
replogle_k562,500,combined,MED9,0.7029052972793579,0.0003264357845819261,3,0.7007657790631162,0.35417961080869037,0.25
replogle_k562,500,combined,MRPL2,0.24282198150952658,0.0003526809102084184,3,0.334377305509222,0.032621029764413834,0.008547008547008546
replogle_k562,500,combined,MRPS14,0.21252618730068207,5.9330370670056995e-05,3,0.3461226964907859,0.11650779098272324,0.008547008547008546
replogle_k562,500,combined,MYO1H,-0.041885255525509514,0.000170072988541797,3,-0.05313253253013012,0.014109639761348566,0.0
replogle_k562,500,combined,N6AMT1,-0.09231543789307277,0.0003650053967776167,3,-0.10318054072216289,0.024107759818434715,0.0
replogle_k562,500,combined,NAA38,0.6515023310979208,0.0007483854412843233,3,0.6466592266369066,0.09946116556723912,0.08108108108108109
replogle_k562,500,combined,NAF1,0.008723349931339422,0.000677172875175684,3,0.014677786711146843,0.01690519166489442,0.0
replogle_k562,500,combined,NUP98,0.7518712282180786,6.859010810204799e-05,3,0.7621050964203856,0.046671478698650994,0.16526610644257703
replogle_k562,500,combined,OIP5,-0.17336638271808624,0.000352202202092672,3,-0.19784683938735756,0.016384337097406387,0.025641025641025644
replogle_k562,500,combined,OR7A17,-0.22786891957124075,0.00018252075375149615,3,-0.23828684114736456,0.017534935226043064,0.025641025641025644
replogle_k562,500,combined,POP7,0.09617938846349716,0.00014775416799987104,3,0.09925809303237211,0.012339084098736445,0.0
replogle_k562,500,combined,PPP4C,0.33443233370780945,0.00037547958749692797,3,0.3202473609894439,0.018828621755043667,0.05263157894736842
replogle_k562,500,combined,PSMC4,0.594199518362681,0.0007763791658645217,3,0.6237524790099159,0.21055414776007333,0.14285714285714285
replogle_k562,500,combined,PSTK,0.08211427927017212,0.0003077760127759526,3,0.06508266033064132,0.007812236280490954,0.0
replogle_k562,500,combined,RAB18,0.3095191717147827,9.1650025292227e-05,3,0.2745198180792723,0.034525214383999504,0.08108108108108109
replogle_k562,500,combined,RIOK2,0.42989569902420044,0.0012167314109238277,3,0.44355803023212087,0.05793535336852074,0.06211474632527264
replogle_k562,500,combined,RNF8,0.3997020721435547,0.0003174377465988768,3,0.3668697554790219,0.007077191956341267,0.025641025641025644
replogle_k562,500,combined,RPL10A,0.7023949225743612,0.0009589598362255795,3,0.6984113056452225,0.06457646191120148,0.14285714285714285
replogle_k562,500,combined,RPL13,0.6823061108589172,0.0007131330388693933,3,0.6960886403545614,0.06751653055349986,0.09109109109109109
replogle_k562,500,combined,RPL3,0.4397319157918294,0.0719195765421591,3,0.4364640818563274,0.006997944321483374,0.14285714285714285
replogle_k562,500,combined,RPL5,0.7236974835395813,0.0010318594919756445,3,0.748135280541122,0.0867103710770607,0.11168311168311168
replogle_k562,500,combined,RPS20,0.5567463040351868,0.0014543507968771045,3,0.5820796083184333,0.03990212952097257,0.05263157894736842
replogle_k562,500,combined,RRM2,0.6224813461303711,0.025152871297188545,3,0.5790727482909931,0.02088287224372228,0.14285714285714285
replogle_k562,500,combined,SLC35B1,-0.02894008159637451,0.00011339778730426861,3,-0.009596550386201544,0.01968008155624072,0.0
replogle_k562,500,combined,SMG5,0.2643600006898244,8.622848824953679e-05,3,0.3960160160640642,0.11789882679780324,0.0346378767431399
replogle_k562,500,combined,TICRR,0.5974398652712504,0.0005134055076486604,3,0.5217923591694366,0.07059597223997116,0.2903225806451613
replogle_k562,500,combined,TIMM9,0.33242562413215637,0.00010178370982464596,3,0.3176718812278238,0.015387251041829586,0.08108108108108109
replogle_k562,500,combined,TRA2B,0.15335629880428314,0.0005079894975230507,3,0.3343307453229813,0.06285480906565984,0.0
replogle_k562,500,combined,TUBGCP2,0.3823300004005432,0.000480246998508925,3,0.3675972783891135,0.014891055102149645,0.025641025641025644
replogle_k562,500,combined,UBL5,0.6647672653198242,0.00014749426783124337,3,0.6616154464617858,0.06148608153065046,0.1111111111111111
replogle_k562,500,combined,WTAP,0.06313322484493256,0.00029656268246691506,3,0.04623023292093168,0.013899407659967741,0.08108108108108109
replogle_k562,500,combined,ZNF687,0.03412908191482226,0.0007420577131037805,3,-0.04036624146496586,0.01979392704864343,0.025641025641025644
replogle_k562,500,gene_ontology,ANAPC15,0.20180253684520721,5.7298640550560435e-05,2,0.191187548750195,0.006567111238837242,0.0
replogle_k562,500,gene_ontology,ASF1B,-0.07277127727866173,0.0006839221791423413,2,-0.07968214272857091,0.010029738768935204,0.0
replogle_k562,500,gene_ontology,BUB1,0.7112580835819244,0.027091024845286932,2,0.5653969495877984,0.004027657210826874,0.17647058823529413
replogle_k562,500,gene_ontology,C9orf16,-0.14587204158306122,0.0003252261565343138,2,-0.16241503366013466,0.013390316627919674,0.0
replogle_k562,500,gene_ontology,CADM4,-0.12426971644163132,7.783469248749355e-05,2,-0.1358943515774063,0.00957117136567831,0.0
replogle_k562,500,gene_ontology,CDAN1,0.5086004734039307,7.502139034939137e-05,2,0.4908817395269581,0.013294936623424292,0.08108108108108109
replogle_k562,500,gene_ontology,CHORDC1,0.07289130240678787,0.00043797951301308304,2,0.07093381973527893,0.009659556671977043,0.02564102564102564
replogle_k562,500,gene_ontology,CIAO1,0.2581569254398346,0.0001052406807317024,2,0.3167621470485882,0.01273719733580947,0.08108108108108109
replogle_k562,500,gene_ontology,EIF1AX,0.5203150709470113,0.00025737585383966884,3,0.5760639362557449,0.05257402484615644,0.05263157894736842
replogle_k562,500,gene_ontology,EIF3E,0.36902187764644623,0.00044138287103033774,2,0.417312181248725,0.0689796507358551,0.08108108108108109
replogle_k562,500,gene_ontology,EIF3M,0.44852110743522644,0.00012939082492844468,2,0.5009662918651674,0.06615681946277618,0.06685633001422475
replogle_k562,500,gene_ontology,HNRNPH1,0.38961470127105713,0.0002692775328403423,3,0.398001208004832,0.02385272520283858,0.0
replogle_k562,500,gene_ontology,KIF11,0.5109304189682007,0.001970449461581318,2,0.4046423385693543,0.007855907315388322,0.039136302294197026
replogle_k562,500,gene_ontology,KLC2,-0.13870110362768173,0.0004374948242552078,2,-0.14037300949203796,0.014777474571019411,0.0
replogle_k562,500,gene_ontology,LENG8,0.19874680787324905,0.0006950963623537921,2,0.1936432865731463,0.01655844133347273,0.02564102564102564
replogle_k562,500,gene_ontology,LIN54,0.19261146585146585,0.00043844106734702414,3,0.1660564402257609,0.008174166083335876,0.025641025641025644
replogle_k562,500,gene_ontology,MED1,0.6721101800600687,0.0003629852707528758,3,0.6642407049628198,0.18910017609596252,0.25
replogle_k562,500,gene_ontology,MED10,0.5802438855171204,0.00031230814746572476,2,0.5507374509498038,0.08429725468158722,0.14285714285714285
replogle_k562,500,gene_ontology,MED9,0.703471839427948,0.00040528409528075703,2,0.7004672818691273,0.3531084358692169,0.25
replogle_k562,500,gene_ontology,MRPL2,0.24247875809669495,0.0005682659584723842,2,0.33463780255121023,0.03260178864002228,0.01282051282051282
replogle_k562,500,gene_ontology,MRPS14,0.21285301446914673,0.0001268830874420465,2,0.34629282517130067,0.11655783653259277,0.0
replogle_k562,500,gene_ontology,MYO1H,-0.04143957793712616,0.00038836740395969694,2,-0.05310554042216169,0.014104077126830816,0.0
replogle_k562,500,gene_ontology,N6AMT1,-0.0922202467918396,0.0005887493268486787,2,-0.10324250897003588,0.024182569235563278,0.0
replogle_k562,500,gene_ontology,NAA38,0.6509814262390137,0.0004615922848913114,2,0.6456513986055945,0.09925509989261627,0.08108108108108109
replogle_k562,500,gene_ontology,NAF1,0.009257332421839237,0.0002806124002965165,2,0.0162625130500522,0.01697388105094433,0.0
replogle_k562,500,gene_ontology,NUP98,0.7523430188496908,0.0003736904984520099,3,0.7630266681066725,0.04662089298168818,0.16526610644257703
replogle_k562,500,gene_ontology,OIP5,-0.17329937716325125,0.0002599997828757625,3,-0.19826290505162017,0.016420803343256313,0.025641025641025644
replogle_k562,500,gene_ontology,OR7A17,-0.22793406744798025,9.764432735795669e-05,3,-0.23844040976163905,0.017526526004076004,0.025641025641025644
replogle_k562,500,gene_ontology,POP7,0.09646448120474815,0.0006717522766348207,2,0.09948495793983175,0.012203829362988472,0.0
replogle_k562,500,gene_ontology,PPP4C,0.33424581587314606,0.0002775159240199818,2,0.3198071832287329,0.018877461552619934,0.05263157894736842
replogle_k562,500,gene_ontology,PSMC4,0.5937632322311401,0.0008225378955386079,2,0.6233765735062939,0.21040457487106323,0.14285714285714285
replogle_k562,500,gene_ontology,PSTK,0.08218719065189362,0.0004946143406995969,2,0.06533666134664538,0.007844084175303578,0.0
replogle_k562,500,gene_ontology,RAB18,0.30955590307712555,0.0003363529245411898,2,0.2742179448717795,0.03454379923641682,0.08108108108108109
replogle_k562,500,gene_ontology,RIOK2,0.4299553483724594,0.00035451821624938516,2,0.4445533462133848,0.057918235659599304,0.06685633001422475
replogle_k562,500,gene_ontology,RNF8,0.4000310202439626,0.00015749276969294538,3,0.366876571506286,0.007155993177245061,0.025641025641025644
replogle_k562,500,gene_ontology,RPL10A,0.7022253672281901,0.00010825787580981427,3,0.6990889403557614,0.0644662007689476,0.12169312169312169
replogle_k562,500,gene_ontology,RPL13,0.6830822229385376,0.0003071662319473957,2,0.6965877623510492,0.06742584332823753,0.0960960960960961
replogle_k562,500,gene_ontology,RPL3,0.5343060940504074,0.19064361958602444,2,0.4080948963795855,0.010141456965357065,0.11196911196911197
replogle_k562,500,gene_ontology,RPL5,0.723867803812027,0.0002556206362185723,2,0.7485088020352081,0.08663971349596977,0.0960960960960961
replogle_k562,500,gene_ontology,RPS20,0.5565666556358337,0.001405934572626403,2,0.5830048600194401,0.03989882953464985,0.05263157894736842
replogle_k562,500,gene_ontology,RRM2,0.5545746982097626,0.003037818400119709,2,0.5789491317965272,0.02301801647990942,0.14285714285714285
replogle_k562,500,gene_ontology,SLC35B1,-0.029593711098035175,0.0002897838379627017,3,-0.009931111724446898,0.019812239954868954,0.0
replogle_k562,500,gene_ontology,SMG5,0.2637571692466736,5.597101482246727e-05,2,0.39524630098520397,0.11791237071156502,0.02564102564102564
replogle_k562,500,gene_ontology,TICRR,0.5985269546508789,0.0006748553383564352,2,0.5227101868407473,0.07045091316103935,0.2903225806451613
replogle_k562,500,gene_ontology,TIMM9,0.33331190049648285,0.0004536897507955188,2,0.3179984879939519,0.015493466053158045,0.05263157894736842
replogle_k562,500,gene_ontology,TRA2B,0.15290630608797073,0.0005955665795953158,2,0.33414906459625837,0.06302318722009659,0.0
replogle_k562,500,gene_ontology,TUBGCP2,0.3826387971639633,0.00032413033847303053,2,0.3679759999039996,0.014845946803689003,0.02564102564102564
replogle_k562,500,gene_ontology,UBL5,0.6646432280540466,5.133486148626893e-05,2,0.6614638138552554,0.061364782974123955,0.1111111111111111
replogle_k562,500,gene_ontology,WTAP,0.06317339837551117,6.145010512888349e-05,2,0.04606127224508898,0.013969035353511572,0.08108108108108109
replogle_k562,500,gene_ontology,ZNF687,0.03480514511466026,0.0006814618568605178,2,-0.039549806199224796,0.019733287394046783,0.02564102564102564
replogle_k562,500,no_graph,ANAPC15,0.2068122774362564,0.00043726302636365536,3,0.1935312701250805,0.0065718454619248705,0.0
replogle_k562,500,no_graph,ASF1B,-0.07500484834114711,0.0006775270604899317,3,-0.0799811519246077,0.010066998191177845,0.0
replogle_k562,500,no_graph,BUB1,0.7465482354164124,0.001968864279329549,3,0.5682587530350122,0.004446951982875665,0.16526610644257703
replogle_k562,500,no_graph,C9orf16,-0.15041976670424143,0.0005941029106681221,3,-0.16680677922711692,0.013548736770947775,0.0
replogle_k562,500,no_graph,CADM4,-0.1306790163119634,0.0003588847034596697,3,-0.14210888843555375,0.00971723006417354,0.0
replogle_k562,500,no_graph,CDAN1,0.5131207704544067,0.0002184237886680747,3,0.49249640198560796,0.013219893599549929,0.08108108108108109
replogle_k562,500,no_graph,CHORDC1,0.06164496640364329,0.00022171475275283324,3,0.06284284337137348,0.00982605324437221,0.025641025641025644
replogle_k562,500,no_graph,CIAO1,0.25654194752375287,8.499811132715168e-05,3,0.31854037816151265,0.012772605443994204,0.08108108108108109
replogle_k562,500,no_graph,EIF1AX,0.5237078865369161,0.000608980735399695,3,0.5797336149344597,0.052328878392775856,0.05263157894736842
replogle_k562,500,no_graph,EIF3E,0.35330188274383545,0.000692228649563615,3,0.4030400121600486,0.06950784971316655,0.08108108108108109
replogle_k562,500,no_graph,EIF3M,0.44532618920008343,0.0004187582872323088,3,0.4977078788315153,0.0660616084933281,0.08108108108108109
replogle_k562,500,no_graph,HNRNPH1,0.39321668942769367,0.0002798654715170909,3,0.3988527314109256,0.023770159110426903,0.0
replogle_k562,500,no_graph,KIF11,0.5241290330886841,0.003595016804008388,3,0.42718004472017884,0.0074602967749039335,0.025641025641025644
replogle_k562,500,no_graph,KLC2,-0.1459470440944036,0.00024437433800756037,3,-0.14487117148468595,0.014968564112981161,0.0
replogle_k562,500,no_graph,LENG8,0.20471965769926706,0.00045133745405535436,3,0.200189888759555,0.016501189519961674,0.025641025641025644
replogle_k562,500,no_graph,LIN54,0.1965771516164144,0.00032363963874338075,3,0.16989290357161427,0.00819686489800612,0.025641025641025644
replogle_k562,500,no_graph,MED1,0.6660406390825907,0.0006411733346573425,3,0.655694846779387,0.18933208286762238,0.25
replogle_k562,500,no_graph,MED10,0.5756218433380127,0.0007879478663982307,3,0.5419327277309108,0.08446439603964488,0.14285714285714285
replogle_k562,500,no_graph,MED9,0.6950010855992635,0.0002876993233429219,3,0.690868235472942,0.3538115123907725,0.25
replogle_k562,500,no_graph,MRPL2,0.2667205333709717,0.0002935528936724972,3,0.34757367829471314,0.03197250018517176,0.0
replogle_k562,500,no_graph,MRPS14,0.22096141676108041,0.0003477489170465329,3,0.35902882811531245,0.11616030583779018,0.0
replogle_k562,500,no_graph,MYO1H,-0.044324569404125214,0.0003325163249518475,3,-0.053754711018844076,0.014284360532959303,0.0
replogle_k562,500,no_graph,N6AMT1,-0.10356601079305013,0.0005738702250651594,3,-0.10621824887299548,0.02441241902609666,0.0
replogle_k562,500,no_graph,NAA38,0.6462780435880026,0.00019109127649534933,3,0.640884003536014,0.0993942345182101,0.08108108108108109
replogle_k562,500,no_graph,NAF1,0.014226485975086689,0.0006260106468604824,3,0.020768371073484292,0.016918964063127834,0.0
replogle_k562,500,no_graph,NUP98,0.7506138682365417,0.00015178178548829672,3,0.7582622970491881,0.04657212644815445,0.14285714285714285
replogle_k562,500,no_graph,OIP5,-0.1603398323059082,0.00018811167166942928,3,-0.18731694126776507,0.016312748193740845,0.025641025641025644
replogle_k562,500,no_graph,OR7A17,-0.23110856115818024,0.0002678072271723824,3,-0.23862751451005804,0.017643842846155167,0.025641025641025644
replogle_k562,500,no_graph,POP7,0.10186683883269627,0.00015629889282922825,3,0.10102168408673634,0.012228957687815031,0.0
replogle_k562,500,no_graph,PPP4C,0.3421522577603658,0.0008745937524395733,3,0.32485707542830167,0.018743732944130898,0.025641025641025644
replogle_k562,500,no_graph,PSMC4,0.579792300860087,0.0004380540980856962,3,0.6102079768319073,0.21149071554342905,0.14285714285714285
replogle_k562,500,no_graph,PSTK,0.08037196596463521,0.0002597759773853715,3,0.06563895055580223,0.007893896972139677,0.0
replogle_k562,500,no_graph,RAB18,0.3152468204498291,0.0004113271115335838,3,0.282250889003556,0.03436006233096123,0.08108108108108109
replogle_k562,500,no_graph,RIOK2,0.4294199546178182,0.0006305613883061846,3,0.4426393065572262,0.057874880731105804,0.05263157894736842
replogle_k562,500,no_graph,RNF8,0.40213027596473694,0.0003329018541305526,3,0.3733668694674779,0.007208634788791339,0.025641025641025644
replogle_k562,500,no_graph,RPL10A,0.6797574957211813,0.0002972378774182615,3,0.6804646098584394,0.06542553007602692,0.1111111111111111
replogle_k562,500,no_graph,RPL13,0.6586157083511353,0.00023275853423229394,3,0.6767592510370041,0.06841651101907094,0.08108108108108109
replogle_k562,500,no_graph,RPL3,0.6394874652226766,0.002002078411732886,3,0.40143504574018296,0.006792907447864612,0.07159791370317686
replogle_k562,500,no_graph,RPL5,0.7008405923843384,0.0003294937916405599,3,0.7310461561846248,0.0876558596889178,0.08108108108108109
replogle_k562,500,no_graph,RPS20,0.5426039497057596,0.00046649963666675723,3,0.5720401761607046,0.04029544691244761,0.05263157894736842
replogle_k562,500,no_graph,RRM2,0.6004091501235962,0.0017080778412833886,3,0.6776099424397698,0.02047816850244999,0.21212121212121213
replogle_k562,500,no_graph,SLC35B1,-0.029029592871665955,0.00044643267993449117,3,-0.0042077288309153235,0.019795908282200497,0.0
replogle_k562,500,no_graph,SMG5,0.26365650693575543,0.000999499050916064,3,0.39675429101716403,0.1180193101366361,0.025641025641025644
replogle_k562,500,no_graph,TICRR,0.5964777072270712,0.0010360558932571602,3,0.5186224264897059,0.07076580574115117,0.2903225806451613
replogle_k562,500,no_graph,TIMM9,0.3325309157371521,0.00025225193225839423,3,0.3267909391637566,0.015484657449026903,0.05263157894736842
replogle_k562,500,no_graph,TRA2B,0.16457317769527435,0.0005328926350900297,3,0.3437699510798043,0.06270177165667216,0.0
replogle_k562,500,no_graph,TUBGCP2,0.38092610239982605,0.00014101750091708684,3,0.36952941411765644,0.014855347263316313,0.025641025641025644
replogle_k562,500,no_graph,UBL5,0.6651032169659933,0.0006523466212063525,3,0.6626807307229229,0.06116105243563652,0.1111111111111111
replogle_k562,500,no_graph,WTAP,0.0703120877345403,7.92831210112996e-05,3,0.053117204468817875,0.01389388677974542,0.08108108108108109
replogle_k562,500,no_graph,ZNF687,0.026432209958632786,0.0011904377748607959,3,-0.05034503338013352,0.02001785859465599,0.025641025641025644
replogle_k562,500,random,ANAPC15,0.19821006059646606,0.005342917240768518,3,0.18825262501050002,0.006525584962219,0.0
replogle_k562,500,random,ASF1B,-0.07526776194572449,0.002374095808138837,3,-0.08130845323381293,0.009863694508870443,0.0
replogle_k562,500,random,BUB1,0.6132766207059225,0.22023016351668126,3,0.502373401493606,0.03214160275335113,0.11498958557782087
replogle_k562,500,random,C9orf16,-0.13768559197584787,0.005724095156758719,3,-0.16071856287425149,0.014306211223204931,0.0
replogle_k562,500,random,CADM4,-0.11107322573661804,0.015052946875928255,3,-0.13050618602474406,0.016022367402911186,0.008547008547008546
replogle_k562,500,random,CDAN1,0.4926077922185262,0.0258447961361069,3,0.46454633818535274,0.09544922318309546,0.09109109109109109
replogle_k562,500,random,CHORDC1,0.07397774110237758,0.0002752980311924703,3,0.07095001180004719,0.009999975251654783,0.017094017094017092
replogle_k562,500,random,CIAO1,0.25001725057760876,0.01287384422200661,3,0.30056341025364103,0.34030336420983076,0.07159791370317686
replogle_k562,500,random,EIF1AX,0.48808687925338745,0.04849017278423573,3,0.5336150624602497,0.05924310286839803,0.05263157894736842
replogle_k562,500,random,EIF3E,0.3511822323004405,0.0048027631449413044,3,0.4113287813151252,0.06807706256707509,0.0346378767431399
replogle_k562,500,random,EIF3M,0.44662362337112427,0.006998275227569688,3,0.4973472413466696,0.06501887117822965,0.08160792371318687
replogle_k562,500,random,HNRNPH1,0.3904590904712677,0.000520465233405296,3,0.39862508250032996,0.023837958152095478,0.0
replogle_k562,500,random,KIF11,0.47216910123825073,0.06657066262123798,3,0.3950308281233125,0.024727921932935715,0.043634727845254156
replogle_k562,500,random,KLC2,-0.14536349475383759,0.011302227170787053,3,-0.1524635218540874,0.01669782989968856,0.0
replogle_k562,500,random,LENG8,0.20716190338134766,0.006918559583103984,3,0.21308642034568137,0.023817855243881542,0.025641025641025644
replogle_k562,500,random,LIN54,0.1352144026507934,0.09970686786353289,3,0.1222258009032036,0.06462484582637747,0.0346378767431399
replogle_k562,500,random,MED1,0.6634940902392069,0.01379771108348726,3,0.6537018468073872,0.19541347523530325,0.26344086021505375
replogle_k562,500,random,MED10,0.5794024268786112,0.0013989517981143837,3,0.5509248276993107,0.08456556747357051,0.14285714285714285
replogle_k562,500,random,MED9,0.7039838035901388,0.0015618484419512122,3,0.7003451693806775,0.3563542862733205,0.25
replogle_k562,500,random,MRPL2,0.22288484374682108,0.020646402677409914,3,0.296563522254089,0.043300061176220574,0.017094017094017092
replogle_k562,500,random,MRPS14,0.2130837688843409,0.0014929100369918743,3,0.3459295757183029,0.12089331696430843,0.0346378767431399
replogle_k562,500,random,MYO1H,-0.043506364027659096,0.0010352889499148363,3,-0.05498207592830371,0.014485367573797703,0.0
replogle_k562,500,random,N6AMT1,-0.1030542328953743,0.019441098438144944,3,-0.1120438081752327,0.024919946988423664,0.0
replogle_k562,500,random,NAA38,0.6434968312581381,0.01638874232959046,3,0.6268555314221257,0.11291467398405075,0.08160792371318687
replogle_k562,500,random,NAF1,0.008042192086577415,0.002235155305224724,3,0.014511962047848192,0.01676257885992527,0.0
replogle_k562,500,random,NUP98,0.733046273390452,0.03018957868049676,3,0.7432316449265798,0.049979319175084434,0.14467408585055644
replogle_k562,500,random,OIP5,-0.11408559077729781,0.0961745395234232,3,-0.11834418537674148,0.10446462407708168,0.017094017094017092
replogle_k562,500,random,OR7A17,-0.15349349876244864,0.06465019808566624,3,-0.14597891991567966,0.036142771442731224,0.03508771929824561
replogle_k562,500,random,POP7,0.09730157752831776,0.0018307651907825291,3,0.09950996603986416,0.012370309792459011,0.017094017094017092
replogle_k562,500,random,PPP4C,0.32712429761886597,0.01498152785021942,3,0.2909644918579674,0.0594261729468902,0.0346378767431399
replogle_k562,500,random,PSMC4,0.5946213603019714,0.00019842167807557247,3,0.6240560322241289,0.21046089629332224,0.14285714285714285
replogle_k562,500,random,PSTK,0.08200233429670334,0.00056488288206784,3,0.06468093072372288,0.008469987039764723,0.0
replogle_k562,500,random,RAB18,0.2828620324532191,0.04555328836310795,3,0.24226154504618017,0.12455280870199203,0.08108108108108109
replogle_k562,500,random,RIOK2,0.4277876416842143,0.0031760258277668033,3,0.44305543622174487,0.0577610544860363,0.043634727845254156
replogle_k562,500,random,RNF8,0.39705421527226764,0.004416063678735701,3,0.3635068300273201,0.007196614829202493,0.025641025641025644
replogle_k562,500,random,RPL10A,0.554669976234436,0.2550189701631032,3,0.5333981975927903,0.1146475796898206,0.08160792371318687
replogle_k562,500,random,RPL13,0.5033154288927714,0.3019828499214435,3,0.5174124376497505,0.12164771060148875,0.0647130647130647
replogle_k562,500,random,RPL3,0.5277566959460577,0.24218299860194464,3,0.37018256873027494,0.12821198999881744,0.09218993429519745
replogle_k562,500,random,RPL5,0.7241367101669312,0.00035864928533334734,3,0.7478647514590059,0.08730742335319519,0.12288759347582878
replogle_k562,500,random,RPS20,0.5533005396525065,0.00539480586369294,3,0.5829772119088477,0.04196283469597498,0.05311789522315838
replogle_k562,500,random,RRM2,0.5615125397841135,0.0560661044560159,3,0.5807011388045552,0.02286565986772378,0.14285714285714285
replogle_k562,500,random,SLC35B1,-0.027227299908796947,0.0028523197109653503,3,-0.019201068804275214,0.021782421817382176,0.0
replogle_k562,500,random,SMG5,0.2509849766890208,0.024199387901330444,3,0.38070421081684325,0.1505827729900678,0.0346378767431399
replogle_k562,500,random,TICRR,0.552463153998057,0.044772706765917,3,0.4526850427401709,0.11300227542718251,0.30465949820788535
replogle_k562,500,random,TIMM9,0.29582833747069043,0.06734581685770602,3,0.26131637326549306,0.0459480844438076,0.0626010626010626
replogle_k562,500,random,TRA2B,0.13837256530920664,0.008489291454521895,3,0.3199012156048624,0.07389167199532191,0.043634727845254156
replogle_k562,500,random,TUBGCP2,0.3782883584499359,0.0044708494001975225,3,0.3649810759243037,0.014684924545387426,0.0346378767431399
replogle_k562,500,random,UBL5,0.6647202173868815,0.0005741235113063178,3,0.6622391929567718,0.062476493418216705,0.1011011011011011
replogle_k562,500,random,WTAP,0.07971127331256866,0.01964114314591824,3,0.058957067828271315,0.08906168832133214,0.1011011011011011
replogle_k562,500,random,ZNF687,0.03336393398543199,0.0050600974623655325,3,-0.04415585662342649,0.023418142770727474,0.008547008547008546
replogle_k562,500,string_ppi,ANAPC15,0.20174577087163925,0.00047079083457881405,2,0.19121846087384348,0.006659325212240219,0.0
replogle_k562,500,string_ppi,ASF1B,-0.0737917423248291,0.00018467695346260994,2,-0.08007929631718527,0.010038835927844048,0.0
replogle_k562,500,string_ppi,BUB1,0.671336829662323,0.024012661176899742,2,0.5656705506822026,0.003952345927245915,0.17647058823529413
replogle_k562,500,string_ppi,C9orf16,-0.1460438147187233,8.649586985648227e-05,2,-0.16204884019536078,0.013457849621772766,0.0
replogle_k562,500,string_ppi,CADM4,-0.12442215904593468,0.0007616936513570686,2,-0.1356369745478982,0.00964127341285348,0.0
replogle_k562,500,string_ppi,CDAN1,0.5083524584770203,0.0001659742894359007,2,0.49046149784599136,0.01330753043293953,0.08108108108108109
replogle_k562,500,string_ppi,CHORDC1,0.07284195721149445,0.0005733657271422024,2,0.07095321181284725,0.00966194923967123,0.02564102564102564
replogle_k562,500,string_ppi,CIAO1,0.25774167478084564,9.986695754656341e-05,2,0.31608126432505734,0.012675339821726084,0.08108108108108109
replogle_k562,500,string_ppi,EIF1AX,0.5200203657150269,0.0007105958658936733,2,0.5755280621122485,0.0526496060192585,0.05263157894736842
replogle_k562,500,string_ppi,EIF3E,0.36936087906360626,0.0010444199795242096,2,0.41767448669794677,0.06896997615695,0.08108108108108109
replogle_k562,500,string_ppi,EIF3M,0.4487965852022171,0.00023507404756951147,2,0.5002086088344353,0.06625160947442055,0.05263157894736842
replogle_k562,500,string_ppi,HNRNPH1,0.38952210545539856,0.001345875313498379,2,0.39750111000444,0.02385520562529564,0.0
replogle_k562,500,string_ppi,KIF11,0.471818745136261,0.02511522273394473,2,0.40366347065388264,0.005371767329052091,0.02564102564102564
replogle_k562,500,string_ppi,KLC2,-0.13848154991865158,0.00013582875603848375,2,-0.14013305653222613,0.014772759284824133,0.0
replogle_k562,500,string_ppi,LENG8,0.19886033236980438,0.0003061336341588788,2,0.19375781503126013,0.01648143772035837,0.02564102564102564
replogle_k562,500,string_ppi,LIN54,0.19344301521778107,0.0004578201419495864,2,0.16653633014532057,0.00826882291585207,0.02564102564102564
replogle_k562,500,string_ppi,MED1,0.6717356443405151,0.00047002165459349024,2,0.6638949755799023,0.1891484335064888,0.25
replogle_k562,500,string_ppi,MED10,0.5800999402999878,1.6184389828183307e-05,2,0.5508267793071173,0.08427531272172928,0.14285714285714285
replogle_k562,500,string_ppi,MED9,0.7029819488525391,7.114388028638913e-05,2,0.7004731858927435,0.353592112660408,0.25
replogle_k562,500,string_ppi,MRPL2,0.24458344280719757,0.0020021649650857655,2,0.33559838239352957,0.032563185319304466,0.0
replogle_k562,500,string_ppi,MRPS14,0.21258535236120224,0.0002925939590747541,2,0.34621717686870745,0.11657772213220596,0.0
replogle_k562,500,string_ppi,MYO1H,-0.042051590979099274,0.00015538489374753857,2,-0.05255392221568886,0.014224447775632143,0.0
replogle_k562,500,string_ppi,N6AMT1,-0.09238336607813835,0.0010133208736792336,2,-0.10310302041208164,0.024196011014282703,0.0
replogle_k562,500,string_ppi,NAA38,0.6511231958866119,0.00031108588885890885,2,0.6457726470905882,0.09894037619233131,0.08108108108108109
replogle_k562,500,string_ppi,NAF1,0.010078364983201027,0.0005577661248371078,2,0.016524882099528397,0.016892872750759125,0.0
replogle_k562,500,string_ppi,NUP98,0.7510780692100525,0.0006339728953008681,2,0.7614218616874466,0.046698614954948425,0.17647058823529413
replogle_k562,500,string_ppi,OIP5,-0.17216355353593826,0.0012137344067045986,2,-0.19722333289333155,0.016389451920986176,0.02564102564102564
replogle_k562,500,string_ppi,OR7A17,-0.2275257259607315,7.360947092427643e-05,2,-0.23824002496009983,0.017469787038862705,0.02564102564102564
replogle_k562,500,string_ppi,POP7,0.0970197394490242,0.0010434189918720757,2,0.10002889611558446,0.012245256919413805,0.0
replogle_k562,500,string_ppi,PPP4C,0.3355054408311844,0.0005354967837551642,2,0.32017870471481885,0.01887843757867813,0.02564102564102564
replogle_k562,500,string_ppi,PSMC4,0.5939173102378845,4.003950608534933e-05,2,0.6237613910455642,0.21045677363872528,0.14285714285714285
replogle_k562,500,string_ppi,PSTK,0.08217296376824379,0.00020877968245477745,2,0.06492472369889479,0.00788088794797659,0.0
replogle_k562,500,string_ppi,RAB18,0.3096763342618942,8.675928765967536e-05,2,0.27450330601322404,0.0345277301967144,0.08108108108108109
replogle_k562,500,string_ppi,RIOK2,0.4303704649209976,0.00010412378924616371,2,0.44428876915507665,0.05783155374228954,0.05263157894736842
replogle_k562,500,string_ppi,RNF8,0.4001344293355942,2.0715176043104418e-05,2,0.36706582026328105,0.007123242365196347,0.02564102564102564
replogle_k562,500,string_ppi,RPL10A,0.7015712559223175,3.721566723511943e-05,2,0.698752763011052,0.06462639570236206,0.12698412698412698
replogle_k562,500,string_ppi,RPL13,0.682992160320282,8.791832599372496e-05,2,0.6963050892203568,0.06747756525874138,0.0960960960960961
replogle_k562,500,string_ppi,RPL3,0.5466054677963257,0.014973595164162344,2,0.43652574610298434,0.006055877078324556,0.14285714285714285
replogle_k562,500,string_ppi,RPL5,0.7224593460559845,0.0012260939700304183,2,0.7474849099396397,0.08667760342359543,0.0960960960960961
replogle_k562,500,string_ppi,RPS20,0.5573752820491791,0.00076087705616717,2,0.5827988911955648,0.03986603952944279,0.05263157894736842
replogle_k562,500,string_ppi,RRM2,0.5636376440525055,0.05706223887726283,2,0.5797881271525086,0.02288730815052986,0.14285714285714285
replogle_k562,500,string_ppi,SLC35B1,-0.029180380515754223,0.0004410338424411069,2,-0.010250201000804003,0.01982655469328165,0.0
replogle_k562,500,string_ppi,SMG5,0.26428017020225525,0.00014317284439150702,2,0.3954780939123756,0.11792610958218575,0.02564102564102564
replogle_k562,500,string_ppi,TICRR,0.5979936420917511,0.0008742520786614749,2,0.5224635138540554,0.07064204663038254,0.2903225806451613
replogle_k562,500,string_ppi,TIMM9,0.33193138241767883,0.0008697845127193201,2,0.3182090648362593,0.015506267081946135,0.05263157894736842
replogle_k562,500,string_ppi,TRA2B,0.153002068400383,0.00021964830101452426,2,0.3342060888243552,0.06303228810429573,0.0
replogle_k562,500,string_ppi,TUBGCP2,0.3826051205396652,0.00031717610846873303,2,0.3679270877083508,0.014828487299382687,0.02564102564102564
replogle_k562,500,string_ppi,UBL5,0.6645050048828125,0.0002788435497480749,2,0.6612457009828039,0.06136045232415199,0.1111111111111111
replogle_k562,500,string_ppi,WTAP,0.06341905519366264,0.00073831268714565,2,0.04587080748322993,0.013997678644955158,0.08108108108108109
replogle_k562,500,string_ppi,ZNF687,0.034287869930267334,0.00016070066501597507,2,-0.040285601142404565,0.01980218943208456,0.02564102564102564
replogle_k562,1000,combined,ANAPC15,0.159823477268219,0.00022486389032406751,3,0.1577983177983178,0.005783244657019774,0.0
replogle_k562,1000,combined,ASF1B,-0.10204020887613297,0.00010816886546046088,3,-0.08168385768385769,0.008815571355322996,0.0
replogle_k562,1000,combined,BUB1,0.6315095822016398,0.04626559625589795,3,0.5151693991693992,0.0033154472863922515,0.17647058823529413
replogle_k562,1000,combined,C9orf16,-0.07379908363024394,2.7490205544241827e-05,3,-0.09104565904565905,0.010917871880034605,0.0
replogle_k562,1000,combined,CADM4,-0.08697266379992168,0.0003427327636202263,3,-0.09051729451729452,0.007705346060295899,0.0
replogle_k562,1000,combined,CDAN1,0.48315075039863586,0.00013960171295057804,3,0.452969608969609,0.011896761134266853,0.08108108108108109
replogle_k562,1000,combined,CHORDC1,0.08437579621871312,9.328925291364482e-06,3,0.08332399532399533,0.007903539265195528,0.008547008547008546
replogle_k562,1000,combined,CIAO1,0.2780732909838359,6.454281283122364e-05,3,0.2892834132834133,0.010117840642730394,0.08108108108108109
replogle_k562,1000,combined,EIF1AX,0.5216816465059916,0.00042192499311023403,3,0.5497157257157257,0.036629958699146904,0.05263157894736842
replogle_k562,1000,combined,EIF3E,0.3836161692937215,0.000371412498640169,3,0.41128923128923134,0.04868852843840917,0.08108108108108109
replogle_k562,1000,combined,EIF3M,0.46863550941149396,0.00016253082894129004,3,0.49154626754626757,0.04771811639269193,0.0
replogle_k562,1000,combined,HNRNPH1,0.4175160030523936,0.00013501832329551011,3,0.4102705782705783,0.019216132660706837,0.0
replogle_k562,1000,combined,KIF11,0.4351891378561656,0.01829740475524111,3,0.3734473014473014,0.004559103554735581,0.025641025641025644
replogle_k562,1000,combined,KLC2,-0.11355433861414592,0.0002943708427508158,3,-0.09963541563541563,0.012734967904786268,0.0
replogle_k562,1000,combined,LENG8,0.19118951757748923,0.00014351828842946998,3,0.16887773687773688,0.014630110003054142,0.025641025641025644
replogle_k562,1000,combined,LIN54,0.17553970217704773,0.000156882550185246,3,0.15523224723224724,0.007318897483249505,0.0
replogle_k562,1000,combined,MED1,0.7158215045928955,0.0005979438978460369,3,0.6706326786326787,0.15112312138080597,0.2903225806451613
replogle_k562,1000,combined,MED10,0.6500144998232523,0.000768541328989371,3,0.5901251661251662,0.06687397758165996,0.13227513227513227
replogle_k562,1000,combined,MED9,0.7425814867019653,0.0003731363543506148,3,0.7005376925376926,0.2919524113337199,0.25
replogle_k562,1000,combined,MRPL2,0.2900004784266154,4.027163170855149e-05,3,0.34198249798249797,0.022033656015992165,0.0
replogle_k562,1000,combined,MRPS14,0.2557651400566101,6.786108565624496e-05,3,0.34861360061360064,0.06999018291632335,0.0
replogle_k562,1000,combined,MYO1H,-0.032312204440434776,0.0003974087189986909,3,-0.029608105608105614,0.012947417485217253,0.0
replogle_k562,1000,combined,N6AMT1,-0.12631681561470032,0.0003389909711213454,3,-0.12967611980587265,0.020332344497243564,0.0
replogle_k562,1000,combined,NAA38,0.6599359711011251,0.0004787060143325181,3,0.6190423910423911,0.08435370028018951,0.08108108108108109
replogle_k562,1000,combined,NAF1,-0.07347151140371959,0.00016112969500431536,3,-0.06197788997788998,0.016475321725010872,0.0
replogle_k562,1000,combined,NUP98,0.7493147452672323,0.0002310980871409566,3,0.7277153477153478,0.03670541321237882,0.14285714285714285
replogle_k562,1000,combined,OIP5,-0.15272670984268188,3.7016943855244754e-05,3,-0.16943742543742543,0.013675423959891,0.0
replogle_k562,1000,combined,OR7A17,-0.22069218754768372,0.0001280248515823662,3,-0.2222991462991463,0.01577386197944482,0.0
replogle_k562,1000,combined,POP7,0.0695106436808904,0.000531919082513103,3,0.08401156401156401,0.010500396291414896,0.0
replogle_k562,1000,combined,PPP4C,0.3650883336861928,0.00034073609490992444,3,0.34751835151835153,0.014128627255558968,0.025641025641025644
replogle_k562,1000,combined,PSMC4,0.6100699305534363,0.0003457402909979367,3,0.6243672803672804,0.14892051617304483,0.14285714285714285
replogle_k562,1000,combined,PSTK,0.03874664381146431,0.00013025957449844147,3,0.025599765599765605,0.00666716896618406,0.0
replogle_k562,1000,combined,RAB18,0.28985870877901715,0.000728978135095801,3,0.2518164278164278,0.0317972240348657,0.05263157894736842
replogle_k562,1000,combined,RIOK2,0.3497708936532338,0.0006200312846817139,3,0.344965892965893,0.044928863644599915,0.025641025641025644
replogle_k562,1000,combined,RNF8,0.3449198305606842,0.0001439924395889223,3,0.31540195140195143,0.006538640707731247,0.025641025641025644
replogle_k562,1000,combined,RPL10A,0.679004987080892,0.0005090280959973656,3,0.673001265001265,0.04562459513545036,0.1111111111111111
replogle_k562,1000,combined,RPL13,0.6611553231875101,0.00030655675530089614,3,0.6695781935781936,0.0482193094988664,0.08108108108108109
replogle_k562,1000,combined,RPL3,0.5145342747370402,0.012595565475512303,3,0.35964125564125565,0.005016399081796408,0.1111111111111111
replogle_k562,1000,combined,RPL5,0.6949184536933899,0.0007173425536158665,3,0.704877836877837,0.061122639725605644,0.08108108108108109
replogle_k562,1000,combined,RPS20,0.5002618829409281,0.00042596704213422197,3,0.514992474992475,0.03190291176239649,0.025641025641025644
replogle_k562,1000,combined,RRM2,0.6090021928151449,0.0026832575664670717,3,0.5456005656005657,0.01626623111466567,0.14285714285714285
replogle_k562,1000,combined,SLC35B1,0.00746504853790005,0.00019776676077860482,3,0.018441294441294442,0.018811332061886787,0.0
replogle_k562,1000,combined,SMG5,0.22482271492481232,0.00046817474974132894,3,0.3643799723799724,0.12658454974492392,0.0
replogle_k562,1000,combined,TICRR,0.6159969766934713,0.0006414808615773065,3,0.5204162804162804,0.05159388855099678,0.21212121212121213
replogle_k562,1000,combined,TIMM9,0.33065898219744366,0.00032101848524467025,3,0.2927840007840008,0.01120766345411539,0.043634727845254156
replogle_k562,1000,combined,TRA2B,0.21816949546337128,0.00036839732712437573,3,0.3701401661401662,0.039211065818866096,0.0
replogle_k562,1000,combined,TUBGCP2,0.3678926428159078,8.884174443539097e-05,3,0.34473328073328074,0.011343314312398434,0.0
replogle_k562,1000,combined,UBL5,0.6430694262186686,0.00015101405008606313,3,0.601890097890098,0.05479602515697479,0.1111111111111111
replogle_k562,1000,combined,WTAP,0.1350653717915217,0.0003896458354710918,3,0.1131909371909372,0.011272340392072996,0.08108108108108109
replogle_k562,1000,combined,ZNF687,0.058424300203720726,0.00027795853408877676,3,0.00032668032668032665,0.014632297369341055,0.0
replogle_k562,1000,gene_ontology,ANAPC15,0.16006077329317728,0.0004552925128105802,3,0.1577822377822378,0.005771962770571311,0.0
replogle_k562,1000,gene_ontology,ASF1B,-0.10213581969340642,0.00014838694538276648,3,-0.08164073364073364,0.008725062012672424,0.0
replogle_k562,1000,gene_ontology,BUB1,0.6738964915275574,0.009333963762354892,3,0.5153625793625795,0.0033361796910564103,0.17647058823529413
replogle_k562,1000,gene_ontology,C9orf16,-0.07378281901280086,0.0001617856577767398,3,-0.09111781911781913,0.010885873499015966,0.0
replogle_k562,1000,gene_ontology,CADM4,-0.0872951050599416,2.606573704639916e-05,3,-0.0908918588918589,0.007751207177837689,0.0
replogle_k562,1000,gene_ontology,CDAN1,0.4829367697238922,0.00019757969458089207,3,0.45265697665697663,0.011896205134689808,0.08108108108108109
replogle_k562,1000,gene_ontology,CHORDC1,0.08441662788391113,0.00016723734244644556,3,0.08333322733322734,0.00791040901094675,0.0
replogle_k562,1000,gene_ontology,CIAO1,0.27812116344769794,0.0002528941919567931,3,0.28937581337581336,0.010070087388157845,0.08108108108108109
replogle_k562,1000,gene_ontology,EIF1AX,0.5216965277989706,0.0003032492276299508,3,0.5496940536940538,0.03667089839776357,0.05263157894736842
replogle_k562,1000,gene_ontology,EIF3E,0.38359787066777545,0.0006058096647977216,3,0.41161033161033167,0.04870803281664848,0.08108108108108109
replogle_k562,1000,gene_ontology,EIF3M,0.46873528758684796,0.000152897080113759,3,0.4916957956957957,0.047750567396481834,0.0
replogle_k562,1000,gene_ontology,HNRNPH1,0.4170854687690735,0.0001783986136120219,3,0.40955065755065756,0.019218323131402332,0.0
replogle_k562,1000,gene_ontology,KIF11,0.451364407936732,0.0010168066546039681,3,0.3734410054410055,0.005165210459381342,0.025641025641025644
replogle_k562,1000,gene_ontology,KLC2,-0.11355084677537282,0.0003164396572429657,3,-0.09956560756560758,0.012716045913596949,0.0
replogle_k562,1000,gene_ontology,LENG8,0.19103489319483438,0.00010581705324676308,3,0.16880628480628482,0.014603624430795511,0.025641025641025644
replogle_k562,1000,gene_ontology,LIN54,0.17540808022022247,0.00012535936694221957,3,0.15491913091913093,0.007288957790782054,0.0
replogle_k562,1000,gene_ontology,MED1,0.7159639994303385,0.00038101531663921144,3,0.6706403266403266,0.15102872749169668,0.2903225806451613
replogle_k562,1000,gene_ontology,MED10,0.6206496755282084,0.011076917627645535,3,0.5924569324569325,0.06640307605266571,0.14285714285714285
replogle_k562,1000,gene_ontology,MED9,0.7424166202545166,0.000334738066516873,3,0.7002258042258043,0.2915257712205251,0.25
replogle_k562,1000,gene_ontology,MRPL2,0.28960326313972473,3.595273170137592e-05,3,0.3419177499177499,0.02203279174864292,0.0
replogle_k562,1000,gene_ontology,MRPS14,0.2558889488379161,9.683468591647397e-05,3,0.3487576327576328,0.06998229523499806,0.0
replogle_k562,1000,gene_ontology,MYO1H,-0.03213902935385704,0.00014719674804585168,3,-0.02956100956100956,0.012916560284793377,0.0
replogle_k562,1000,gene_ontology,N6AMT1,-0.12636003891626993,0.00028664303341618985,3,-0.12964593764593765,0.020399607717990875,0.0
replogle_k562,1000,gene_ontology,NAA38,0.6597383419672648,0.0001043173468012943,3,0.6186173106173106,0.08444234480460484,0.08108108108108109
replogle_k562,1000,gene_ontology,NAF1,-0.0734757532676061,0.0001247578435413017,3,-0.06227511027511027,0.016504811123013496,0.0
replogle_k562,1000,gene_ontology,NUP98,0.7489102085431417,0.00019124107626198542,3,0.7275843515843516,0.03679077699780464,0.14285714285714285
replogle_k562,1000,gene_ontology,OIP5,-0.15283943712711334,0.0001741710215358869,3,-0.16978284978284983,0.013601908460259438,0.0
replogle_k562,1000,gene_ontology,OR7A17,-0.22072066366672516,8.624187715765164e-05,3,-0.2224807224807225,0.015789528687795002,0.0
replogle_k562,1000,gene_ontology,POP7,0.06924977153539658,0.0003251968739879907,3,0.08373223173223172,0.010501080813507238,0.0
replogle_k562,1000,gene_ontology,PPP4C,0.36504409710566205,0.00018405125158712718,3,0.3476425956425957,0.014113888765374819,0.025641025641025644
replogle_k562,1000,gene_ontology,PSMC4,0.6102328300476074,0.00033205850315500056,3,0.6244763484763486,0.14892841378847757,0.14285714285714285
replogle_k562,1000,gene_ontology,PSTK,0.03852405026555061,0.0001729507591350615,3,0.025464077464077462,0.006662799355884393,0.0
replogle_k562,1000,gene_ontology,RAB18,0.28988128900527954,7.168352548156127e-05,3,0.2521785201785202,0.03183174257477125,0.05263157894736842
replogle_k562,1000,gene_ontology,RIOK2,0.3502480487028758,0.00026948775740077453,3,0.3452097532097533,0.04492193212111791,0.025641025641025644
replogle_k562,1000,gene_ontology,RNF8,0.3449465036392212,8.307009659046488e-05,3,0.31536551536551544,0.0065559617554148035,0.025641025641025644
replogle_k562,1000,gene_ontology,RPL10A,0.6790291865666708,0.0003841094346676255,3,0.6731684571684573,0.04555295283595721,0.1111111111111111
replogle_k562,1000,gene_ontology,RPL13,0.6612764994303385,0.00044532707702487446,3,0.669923581923582,0.048241479943195976,0.08108108108108109
replogle_k562,1000,gene_ontology,RPL3,0.5385623176892599,0.006172360016941808,3,0.35924111524111524,0.005077525352438291,0.1111111111111111
replogle_k562,1000,gene_ontology,RPL5,0.6950886249542236,7.581457772620672e-05,3,0.7052067572067573,0.06113330523173014,0.08108108108108109
replogle_k562,1000,gene_ontology,RPS20,0.5004684527715048,0.000747126070399835,3,0.515019051019051,0.0319088821609815,0.025641025641025644
replogle_k562,1000,gene_ontology,RRM2,0.5852527221043905,0.0220939796874866,3,0.544916956916957,0.016752695043881733,0.14285714285714285
replogle_k562,1000,gene_ontology,SLC35B1,0.007391543593257666,4.9444312573040337e-05,3,0.018874826874826875,0.01881660521030426,0.0
replogle_k562,1000,gene_ontology,SMG5,0.2249352683623632,0.00010943636005076402,3,0.36450682687135255,0.12654917438824972,0.0
replogle_k562,1000,gene_ontology,TICRR,0.61569211880366,0.0005528438743572469,3,0.5206533246533246,0.051744379103183746,0.21212121212121213
replogle_k562,1000,gene_ontology,TIMM9,0.33100446065266925,6.936042419389685e-05,3,0.2926805029729836,0.011212746612727642,0.025641025641025644
replogle_k562,1000,gene_ontology,TRA2B,0.21859660744667053,0.0006196179892720384,3,0.37086667086667086,0.03919707238674164,0.0
replogle_k562,1000,gene_ontology,TUBGCP2,0.36795233686765033,0.00033302970005998664,3,0.34453956053956053,0.011354638884464899,0.0
replogle_k562,1000,gene_ontology,UBL5,0.6429009636243185,6.127314963238005e-05,3,0.6017278977278978,0.054828094939390816,0.1111111111111111
replogle_k562,1000,gene_ontology,WTAP,0.13461486995220184,3.785274199854616e-05,3,0.11329691729691731,0.011268250644207,0.08108108108108109
replogle_k562,1000,gene_ontology,ZNF687,0.058121804147958755,0.0006119116156661011,3,0.0001849041849041849,0.014596580217281977,0.0
replogle_k562,1000,no_graph,ANAPC15,0.16293473541736603,0.0005572869058460362,3,0.15785367385367385,0.005774790421128273,0.0
replogle_k562,1000,no_graph,ASF1B,-0.10231698304414749,0.0005820522392893524,3,-0.07991217591217592,0.008821824565529823,0.0
replogle_k562,1000,no_graph,BUB1,0.6953338980674744,0.001383058775573495,3,0.5306376506376506,0.003243705645824472,0.17647058823529413
replogle_k562,1000,no_graph,C9orf16,-0.07590518395105998,0.0004700089139190916,3,-0.09314822114822115,0.01101016066968441,0.0
replogle_k562,1000,no_graph,CADM4,-0.08819215993086497,0.00028728217644399405,3,-0.08957654557654558,0.007799123569081227,0.0
replogle_k562,1000,no_graph,CDAN1,0.48600266377131146,0.001991090915033876,3,0.4531597851597852,0.011850866489112377,0.08108108108108109
replogle_k562,1000,no_graph,CHORDC1,0.07805311928192775,0.00011094790338616509,3,0.0810932850932851,0.007984526144961515,0.0
replogle_k562,1000,no_graph,CIAO1,0.2757825553417206,0.0005720369373090503,3,0.289007525007525,0.010121966091295084,0.08108108108108109
replogle_k562,1000,no_graph,EIF1AX,0.5246018369992574,0.0006347154585733942,3,0.5531499731499733,0.03647360329826673,0.05263157894736842
replogle_k562,1000,no_graph,EIF3E,0.37209010124206543,0.0006002079912759118,3,0.4013631133631134,0.049047619104385376,0.08108108108108109
replogle_k562,1000,no_graph,EIF3M,0.46538816889127094,0.0001528268506584998,3,0.48920050520050523,0.04780542850494385,0.0
replogle_k562,1000,no_graph,HNRNPH1,0.42157044013341266,0.0005624612582447256,3,0.4105415945415946,0.019137393683195114,0.0
replogle_k562,1000,no_graph,KIF11,0.46189721425374347,0.005705644321943981,3,0.3925501725501726,0.005086482657740514,0.025641025641025644
replogle_k562,1000,no_graph,KLC2,-0.11814891050259273,0.00025622346339740555,3,-0.10139994539994542,0.012788293262322744,0.0
replogle_k562,1000,no_graph,LENG8,0.19712396959463754,0.00026359595261192515,3,0.1759909321671178,0.014555180755754312,0.025641025641025644
replogle_k562,1000,no_graph,LIN54,0.17960013449192047,0.00023770534246676074,3,0.15995615995615997,0.007290853497882684,0.0
replogle_k562,1000,no_graph,MED1,0.7083563605944315,0.0007228867888838027,3,0.6583412343412344,0.15149218837420145,0.2903225806451613
replogle_k562,1000,no_graph,MED10,0.6050368150075277,0.0027892676591109193,3,0.593567882163634,0.06682597349087398,0.14285714285714285
replogle_k562,1000,no_graph,MED9,0.7334175904591879,0.0005436395858908384,3,0.6866974706974708,0.2922118107477824,0.25
replogle_k562,1000,no_graph,MRPL2,0.30910031994183856,0.000561141061532325,3,0.3520802080802081,0.021638765310247738,0.0
replogle_k562,1000,no_graph,MRPS14,0.2656311094760895,0.0001850454755990613,3,0.36077207277207285,0.06965268403291702,0.0
replogle_k562,1000,no_graph,MYO1H,-0.03504618008931478,0.0004432441712016421,3,-0.033509129509129515,0.012999419743816057,0.0
replogle_k562,1000,no_graph,N6AMT1,-0.1302139163017273,0.0005570872346153196,3,-0.1264988344988345,0.020434603715936344,0.0
replogle_k562,1000,no_graph,NAA38,0.6569645206133524,0.0011216090253246204,3,0.616970300970301,0.08441593249638875,0.08108108108108109
replogle_k562,1000,no_graph,NAF1,-0.06855611006418864,0.00050228188296991,3,-0.05754840154840155,0.016451667994260788,0.0
replogle_k562,1000,no_graph,NUP98,0.7459139029184977,0.00030927049193613186,3,0.7217701457701459,0.03684433922171593,0.14285714285714285
replogle_k562,1000,no_graph,OIP5,-0.14518052339553833,0.0002107951902011284,3,-0.16115572515572515,0.013561210595071316,0.0
replogle_k562,1000,no_graph,OR7A17,-0.22299168507258096,0.0005793498859851745,3,-0.22297057097057096,0.0158423762768507,0.0
replogle_k562,1000,no_graph,POP7,0.07279524952173233,0.00036014731050112563,3,0.08644886644886646,0.010429026869436106,0.0
replogle_k562,1000,no_graph,PPP4C,0.37155022223790485,0.0006840689047077774,3,0.35062283462283467,0.014067179833849272,0.025641025641025644
replogle_k562,1000,no_graph,PSMC4,0.5970417658487955,0.000658055549346219,3,0.6108718388718389,0.14951147635777792,0.14285714285714285
replogle_k562,1000,no_graph,PSTK,0.040889788419008255,0.0006093474964499715,3,0.031724935724935725,0.006693137809634209,0.0
replogle_k562,1000,no_graph,RAB18,0.2967422505219777,0.0007052714060337806,3,0.2601764561764562,0.031615850826104484,0.05263157894736842
replogle_k562,1000,no_graph,RIOK2,0.35067721207936603,0.000844828155397847,3,0.3453911453911454,0.04489713286360105,0.025641025641025644
replogle_k562,1000,no_graph,RNF8,0.3456762234369914,0.00028724534788820895,3,0.3186413906413907,0.006574185875554879,0.025641025641025644
replogle_k562,1000,no_graph,RPL10A,0.6597736875216166,0.00037292231939181744,3,0.6572205292205292,0.04614578435818354,0.1111111111111111
replogle_k562,1000,no_graph,RPL13,0.6407265861829122,0.0005074646286601785,3,0.6512389352389353,0.04894404858350754,0.08108108108108109
replogle_k562,1000,no_graph,RPL3,0.528311292330424,0.004343303474557446,3,0.32415255615255617,0.0052991256428261595,0.08108108108108109
replogle_k562,1000,no_graph,RPL5,0.6763554016749064,0.0006927102503406087,3,0.6891240851240852,0.06176525602738062,0.08108108108108109
replogle_k562,1000,no_graph,RPS20,0.4886105457941691,0.0007517301883155083,3,0.5052122997179228,0.03222676863272985,0.025641025641025644
replogle_k562,1000,no_graph,RRM2,0.6229566931724548,0.0074653666062906255,3,0.6251807971807972,0.015561898549397787,0.17647058823529413
replogle_k562,1000,no_graph,SLC35B1,0.0077411397360265255,0.0002833686444419232,3,0.021282945282945286,0.0188544150441885,0.0
replogle_k562,1000,no_graph,SMG5,0.22508729000886282,0.0006415924321849162,3,0.3691895011895012,0.12659170230229697,0.0
replogle_k562,1000,no_graph,TICRR,0.6094593604405721,0.0010240950743124891,3,0.5093434173434174,0.05196093146999677,0.21212121212121213
replogle_k562,1000,no_graph,TIMM9,0.3293030261993408,0.00048799692465876306,3,0.29455594255594253,0.01125714834779501,0.025641025641025644
replogle_k562,1000,no_graph,TRA2B,0.22824262579282126,0.0004828971350118298,3,0.3754388834388835,0.038961910953124367,0.0
replogle_k562,1000,no_graph,TUBGCP2,0.36551594734191895,4.3640655065068204e-05,3,0.343940987940988,0.01137710673113664,0.0
replogle_k562,1000,no_graph,UBL5,0.6450307965278625,0.0004249065129375962,3,0.6048461648461648,0.0546063669025898,0.1111111111111111
replogle_k562,1000,no_graph,WTAP,0.13748860855897269,0.0002844444473648749,3,0.11453342253342254,0.011252046252290407,0.08108108108108109
replogle_k562,1000,no_graph,ZNF687,0.04946116854747137,0.0008765115324695761,3,-0.009237561237561238,0.014783420289556185,0.0
replogle_k562,1000,random,ANAPC15,0.04865177969137827,0.10555540344861548,3,0.053744321809231756,0.36587510723620653,0.0
replogle_k562,1000,random,ASF1B,-0.09477754682302475,0.020191742533362426,3,-0.08712213912213913,0.06557530630379915,0.008547008547008546
replogle_k562,1000,random,BUB1,0.4514761765797933,0.28619996109705487,3,0.25977767977767985,0.24124373914673924,0.12226512226512226
replogle_k562,1000,random,C9orf16,-0.07244302084048589,0.0013558080434792703,3,-0.09184201984201984,0.010508132167160511,0.0
replogle_k562,1000,random,CADM4,-0.0583174383888642,0.029551640977723854,3,-0.06281678685157634,0.2630103045764069,0.0
replogle_k562,1000,random,CDAN1,0.4748612741629283,0.012090082836457815,3,0.43810668210668213,0.01287116048236688,0.08108108108108109
replogle_k562,1000,random,CHORDC1,0.08441589772701263,0.0005611663757784031,3,0.08344988344988345,0.00782209588214755,0.008547008547008546
replogle_k562,1000,random,CIAO1,0.26515920956929523,0.011511967150641915,3,0.2717304757304757,0.9345975862815976,0.07159791370317686
replogle_k562,1000,random,EIF1AX,0.3529474039872487,0.24098261183873443,3,0.3668826148826149,0.8171448533733686,0.04412104412104412
replogle_k562,1000,random,EIF3E,0.35133854548136395,0.04293574440068842,3,0.3855887499216042,0.6930265501141548,0.008547008547008546
replogle_k562,1000,random,EIF3M,0.34103240569432575,0.2206371700910757,3,0.35599126399126396,0.1102693739036719,0.0
replogle_k562,1000,random,HNRNPH1,0.17874455948670706,0.10721827333981242,3,0.15692386892386895,0.31757502257823944,0.0
replogle_k562,1000,random,KIF11,0.1292981654405594,0.031451468800470124,3,0.04332633533159713,0.4731898804505666,0.04412104412104412
replogle_k562,1000,random,KLC2,-0.09414422884583473,0.05694625791523964,3,-0.0985929785929786,0.018763817536334198,0.0
replogle_k562,1000,random,LENG8,0.06356727083524068,0.2043291115382217,3,0.05579190857766391,0.5675179921090603,0.008547008547008546
replogle_k562,1000,random,LIN54,0.10785936253766219,0.11649222438750824,3,0.08751772142840035,0.4524957813943426,0.017094017094017092
replogle_k562,1000,random,MED1,0.5781450470288595,0.23465439414104938,3,0.5197592397592398,0.2912132094303767,0.2523719165085389
replogle_k562,1000,random,MED10,0.0770908035337925,0.08089664689792413,3,-0.013323993257293628,0.7409566839536031,0.043634727845254156
replogle_k562,1000,random,MED9,0.35440436999003094,0.542003935319013,3,0.30812642412642416,0.5302172005176544,0.1625874125874126
replogle_k562,1000,random,MRPL2,0.1973231608668963,0.0858441891506574,3,0.21675733275733275,0.05611320647100607,0.0
replogle_k562,1000,random,MRPS14,0.24689937134583792,0.006577930461419934,3,0.33941950741950744,1.3097350249687831,0.0
replogle_k562,1000,random,MYO1H,-0.04087703675031662,0.012519527709300884,3,-0.03743849549048012,0.34921129420399666,0.0
replogle_k562,1000,random,N6AMT1,-0.07497325353324413,0.08101130732317498,3,-0.06585501385501386,0.21272393688559532,0.0
replogle_k562,1000,random,NAA38,0.6618401408195496,0.0036026297809460634,3,0.6191517191517192,0.08614387114842732,0.1011011011011011
replogle_k562,1000,random,NAF1,-0.05876403674483299,0.017243808148322083,3,-0.046789114789114794,0.15076394689579806,0.0
replogle_k562,1000,random,NUP98,0.6625485022862753,0.1492322832661432,3,0.6397799877799878,0.1904107096294562,0.12226512226512226
replogle_k562,1000,random,OIP5,-0.14968934655189514,0.0056952446701294575,3,-0.16156783756783757,0.014103562571108341,0.008547008547008546
replogle_k562,1000,random,OR7A17,-0.18182600537935892,0.06872761268964842,3,-0.18783421583421586,0.036151278764009476,0.0
replogle_k562,1000,random,POP7,0.0328412459542354,0.03243171294496162,3,0.02280768280768281,0.2837194266418616,0.0
replogle_k562,1000,random,PPP4C,0.367191602786382,0.0025740618534555774,3,0.34697831097831106,0.01427992278089126,0.025641025641025644
replogle_k562,1000,random,PSMC4,0.38880907495816547,0.13927189089888295,3,0.4257253140644015,0.3219057818253835,0.09218993429519745
replogle_k562,1000,random,PSTK,0.03996013725797335,0.0018338760977873179,3,0.02593566593566594,0.08167273085564375,0.008547008547008546
replogle_k562,1000,random,RAB18,0.013556364613274733,0.2710342144224199,3,0.004763378520121884,0.21642460549871126,0.025641025641025644
replogle_k562,1000,random,RIOK2,0.15794649223486582,0.16361764643479082,3,0.14893339693339694,0.1320357657968998,0.017094017094017092
replogle_k562,1000,random,RNF8,0.24899297704299292,0.12683583141018062,3,0.21902088521510946,0.12806121042619148,0.017094017094017092
replogle_k562,1000,random,RPL10A,0.26670801639556885,0.7124008792883095,3,0.2690625365235436,0.2637322743733724,0.1111111111111111
replogle_k562,1000,random,RPL13,0.24364339311917624,0.6157702003743628,3,0.25620569374038865,0.14588007082541785,0.05616605616605616
replogle_k562,1000,random,RPL3,0.43512635429700214,0.14248384053571164,3,0.29716802516802515,0.07639286294579506,0.05311789522315838
replogle_k562,1000,random,RPL5,0.2186782161394755,0.7010414863969451,3,0.21705326905326908,0.18873400365312895,0.11340442609792456
replogle_k562,1000,random,RPS20,0.38755397995313007,0.19452563271802212,3,0.3897135057135057,0.03915687774618467,0.025641025641025644
replogle_k562,1000,random,RRM2,0.1476444477836291,0.29345686980215946,3,0.08369929169929174,0.42303241106371087,0.13346960405783936
replogle_k562,1000,random,SLC35B1,-0.0014481043132642906,0.025596104390455895,3,-0.0009733249733249738,0.6377077487607797,0.0
replogle_k562,1000,random,SMG5,0.15625099589427313,0.08277892221441951,3,0.20619933819933822,0.41202977299690247,0.0
replogle_k562,1000,random,TICRR,0.4204490880171458,0.17864728931997112,3,0.3502546622546623,0.12978027760982513,0.15536315536315537
replogle_k562,1000,random,TIMM9,0.27714945872624713,0.0928258473173432,3,0.25288164088164095,0.343490866633753,0.025641025641025644
replogle_k562,1000,random,TRA2B,0.1395015170176824,0.07903331035128915,3,0.23406372606372608,0.05076750616232554,0.0
replogle_k562,1000,random,TUBGCP2,0.16509398569663367,0.17619460207607548,3,0.151005075005075,0.09245937938491504,0.0
replogle_k562,1000,random,UBL5,0.1852924923102061,0.4121152743320828,3,0.13040392393858496,0.3998711133996646,0.06406406406406406
replogle_k562,1000,random,WTAP,0.09662602469325066,0.04966659293840382,3,0.08975683775683775,0.059614672946433224,0.05311789522315838
replogle_k562,1000,random,ZNF687,0.04670613879958788,0.019807536302489888,3,0.009151281177537936,0.43989559666564065,0.017543859649122806
replogle_k562,1000,string_ppi,ANAPC15,0.15979024271170297,0.000279388388004597,3,0.15783110983110984,0.005771277317156394,0.0
replogle_k562,1000,string_ppi,ASF1B,-0.10176597535610199,0.00014295952021283444,3,-0.08183217783217783,0.00875779582808415,0.0
replogle_k562,1000,string_ppi,BUB1,0.6561415195465088,0.017917762654159588,3,0.5148072988072988,0.0032209555308024087,0.17647058823529413
replogle_k562,1000,string_ppi,C9orf16,-0.07389637579520543,0.00010367299494598775,3,-0.09105299905299906,0.011023083391288916,0.0
replogle_k562,1000,string_ppi,CADM4,-0.08716016511122386,2.031737309581016e-05,3,-0.09081755081755083,0.0077813298751910525,0.0
replogle_k562,1000,string_ppi,CDAN1,0.48308103283246356,8.639724786106347e-05,3,0.4528841008841009,0.011905681962768236,0.08108108108108109
replogle_k562,1000,string_ppi,CHORDC1,0.08480963855981827,0.0001283549677843549,3,0.08337099937099939,0.007890839129686356,0.0
replogle_k562,1000,string_ppi,CIAO1,0.2782166798909505,6.556653387877999e-05,3,0.2895327295327295,0.010088636539876461,0.08108108108108109
replogle_k562,1000,string_ppi,EIF1AX,0.5214383602142334,0.0002781224196223269,3,0.5495997775997776,0.03658787285288175,0.05263157894736842
replogle_k562,1000,string_ppi,EIF3E,0.3835788667201996,0.0003363070889318854,3,0.41145182345182346,0.04872247825066248,0.08108108108108109
replogle_k562,1000,string_ppi,EIF3M,0.46877647439638775,0.0001476162377849124,3,0.49171874371874374,0.047705392042795815,0.0
replogle_k562,1000,string_ppi,HNRNPH1,0.41715574264526367,0.00010098879184286804,3,0.4095659935659935,0.019219667961200077,0.0
replogle_k562,1000,string_ppi,KIF11,0.44328734278678894,0.007284700191703122,3,0.37063376263376263,0.0047007412649691105,0.025641025641025644
replogle_k562,1000,string_ppi,KLC2,-0.11340059091647466,0.00021509057114980565,3,-0.09941425141425142,0.012684476872285208,0.0
replogle_k562,1000,string_ppi,LENG8,0.19109909733136496,0.00011292186210519547,3,0.1688573608573609,0.014640428746740023,0.025641025641025644
replogle_k562,1000,string_ppi,LIN54,0.17531801760196686,0.00022841976870835952,3,0.15504100304100304,0.007352540424714486,0.0
replogle_k562,1000,string_ppi,MED1,0.7162730892499288,0.0002812891678886312,3,0.671035115035115,0.15094447135925293,0.2903225806451613
replogle_k562,1000,string_ppi,MED10,0.629278322060903,0.004363151787067473,3,0.5930176330176331,0.06645532945791881,0.14285714285714285
replogle_k562,1000,string_ppi,MED9,0.7422464489936829,0.0002946052229629486,3,0.7001699361699362,0.29131487011909485,0.25
replogle_k562,1000,string_ppi,MRPL2,0.289906124273936,3.1381850191299825e-05,3,0.34203052203052203,0.02204977224270503,0.0
replogle_k562,1000,string_ppi,MRPS14,0.2559807002544403,9.719795691292986e-05,3,0.3486840966840967,0.06998746593793233,0.0
replogle_k562,1000,string_ppi,MYO1H,-0.032423420498768486,0.00015259584223610041,3,-0.02956917756917757,0.012991833811004957,0.0
replogle_k562,1000,string_ppi,N6AMT1,-0.12631562848885855,0.00030184402114571756,3,-0.1295890535890536,0.02037108006576697,0.0
replogle_k562,1000,string_ppi,NAA38,0.6593029101689657,9.323098830369148e-05,3,0.6183820743820744,0.0841698373357455,0.08108108108108109
replogle_k562,1000,string_ppi,NAF1,-0.07366095234950383,0.00019170554453290113,3,-0.062447586447586446,0.016520110269387562,0.0
replogle_k562,1000,string_ppi,NUP98,0.7491483887036642,0.00010405155255989988,3,0.7277061197061198,0.036794027934471764,0.14285714285714285
replogle_k562,1000,string_ppi,OIP5,-0.15279486775398254,0.0002364273500904049,3,-0.16921718921718923,0.013596384786069393,0.0
replogle_k562,1000,string_ppi,OR7A17,-0.22066871325174967,0.00026120278794221504,3,-0.22245053445053445,0.01584577684601148,0.0
replogle_k562,1000,string_ppi,POP7,0.06913030395905177,0.0001632990765448827,3,0.08372631172631173,0.010488809396823248,0.0
replogle_k562,1000,string_ppi,PPP4C,0.3651679754257202,7.046578100296759e-05,3,0.3474981354981355,0.01415514045705398,0.025641025641025644
replogle_k562,1000,string_ppi,PSMC4,0.6102794806162516,9.993737386945285e-05,3,0.6244683724683725,0.14870481193065643,0.14285714285714285
replogle_k562,1000,string_ppi,PSTK,0.03884443764885267,6.477319690511716e-05,3,0.02548130548130548,0.006686240589867036,0.0
replogle_k562,1000,string_ppi,RAB18,0.2898847460746765,3.4198369465010656e-05,3,0.2522026402026402,0.03181267405549685,0.05263157894736842
replogle_k562,1000,string_ppi,RIOK2,0.35052337249120075,7.556717986294002e-05,3,0.3451414091414092,0.044898817936579384,0.025641025641025644
replogle_k562,1000,string_ppi,RNF8,0.34502409895261127,0.0001067143569873013,3,0.3154241114241114,0.006548095649729173,0.025641025641025644
replogle_k562,1000,string_ppi,RPL10A,0.6787071625391642,0.00022792181243261135,3,0.6731071411071411,0.0454929086069266,0.1111111111111111
replogle_k562,1000,string_ppi,RPL13,0.6612716317176819,0.0006575837180811549,3,0.6696407816407817,0.048222591479619346,0.08108108108108109
replogle_k562,1000,string_ppi,RPL3,0.5284401973088583,0.0326414529789059,3,0.36041965641965645,0.005058018335451682,0.1111111111111111
replogle_k562,1000,string_ppi,RPL5,0.6952218612035116,0.00024361841915672896,3,0.7050663530663531,0.0609126848479112,0.08108108108108109
replogle_k562,1000,string_ppi,RPS20,0.5003322760264078,0.0003712931413781047,3,0.514955386955387,0.031889740377664566,0.025641025641025644
replogle_k562,1000,string_ppi,RRM2,0.5746282339096069,0.020201332017143133,3,0.5452302772302772,0.01697610008219878,0.14285714285714285
replogle_k562,1000,string_ppi,SLC35B1,0.007415917236357927,4.1683271144799024e-05,3,0.01873224273224273,0.018841813628872234,0.0
replogle_k562,1000,string_ppi,SMG5,0.22486190994580588,1.8431244614146305e-05,3,0.3645136485136485,0.12654779851436615,0.0
replogle_k562,1000,string_ppi,TICRR,0.6160909334818522,0.00038738671083264175,3,0.5208344408344409,0.051665461311737694,0.21212121212121213
replogle_k562,1000,string_ppi,TIMM9,0.3308253387610118,0.00010155136142390025,3,0.2926827926827927,0.01123607469101747,0.025641025641025644
replogle_k562,1000,string_ppi,TRA2B,0.21810458600521088,7.699093717651873e-05,3,0.3703256583256584,0.03923624008893967,0.0
replogle_k562,1000,string_ppi,TUBGCP2,0.3678431610266368,0.0003816421712425705,3,0.3446784566784567,0.01134869766732057,0.0
replogle_k562,1000,string_ppi,UBL5,0.6428297559420267,7.396180713440863e-05,3,0.6017095777095777,0.05471025904019674,0.1111111111111111
replogle_k562,1000,string_ppi,WTAP,0.13460391263167062,0.00010318864910740966,3,0.1132812852812853,0.011271100801726183,0.08108108108108109
replogle_k562,1000,string_ppi,ZNF687,0.0584048330783844,0.0001654308591603581,3,0.00019861619861619864,0.014628094931443533,0.0
replogle_rpe1,200,coexpression,ACTB,0.21631155908107758,0.15105955234568383,2,-0.4332730818270457,0.4767308980226517,0.06685633001422475
replogle_rpe1,200,coexpression,ADRM1,0.6533889174461365,0.006083054645577336,2,0.6989724743118579,0.0495288223028183,0.02564102564102564
replogle_rpe1,200,coexpression,ALG2,0.7145762145519257,0.0008956626777050091,2,0.8041738543463588,0.08505270630121231,0.2903225806451613
replogle_rpe1,200,coexpression,CAMLG,0.3292544335126877,0.0005968625951870258,2,0.35231380784519617,0.07255182415246964,0.02564102564102564
replogle_rpe1,200,coexpression,CCDC6,-0.2606808766722679,0.02141781669134166,2,-0.5561314032850821,0.17756441235542297,0.0
replogle_rpe1,200,coexpression,CCDC78,0.17380564659833908,0.0002455370027123409,2,0.20966624165604142,0.09301936998963356,0.02564102564102564
replogle_rpe1,200,coexpression,DDN,-0.3077705651521683,6.079682897696464e-05,2,-0.359580739518488,0.1078726164996624,0.05263157894736842
replogle_rpe1,200,coexpression,DDX46,0.8912306129932404,0.00037944807714357896,2,0.8971004275106879,0.017111669294536114,0.50997150997151
replogle_rpe1,200,coexpression,EMC3,0.685921311378479,0.0018489822441729211,2,0.7466594164854122,0.042602863162755966,0.06685633001422475
replogle_rpe1,200,coexpression,FBXO42,-0.41307058930397034,0.0011047110463190434,2,-0.4580402010050252,0.11583902686834335,0.0
replogle_rpe1,200,coexpression,GEMIN4,0.7866053879261017,4.09245899040781e-05,2,0.7951916297907449,0.07936293631792068,0.2701612903225806
replogle_rpe1,200,coexpression,GFM1,0.1532355472445488,0.003028598777007951,2,0.2990009750243756,0.15301930904388428,0.02564102564102564
replogle_rpe1,200,coexpression,GPS2,-0.05094463936984539,0.003407322455192749,2,-0.10219830495762394,0.1080753281712532,0.02564102564102564
replogle_rpe1,200,coexpression,HAUS3,0.8769959807395935,0.0004321737846307074,2,0.8773081827045678,0.0900980718433857,0.48148148148148145
replogle_rpe1,200,coexpression,HEATR1,0.8890927135944366,0.003739479134129073,2,0.8924945623640592,0.20515288412570953,0.3793103448275862
replogle_rpe1,200,coexpression,KCNA10,0.3033057004213333,0.0032096300280743686,2,0.33755193879847,0.08218913152813911,0.02564102564102564
replogle_rpe1,200,coexpression,LIMS1,0.4193989932537079,0.004787081200715855,2,0.4835513387834696,0.07309965416789055,0.02564102564102564
replogle_rpe1,200,coexpression,LRRC37A3,-0.20188647508621216,0.0027566989205520457,2,-0.22301957548938728,0.1142038069665432,0.02564102564102564
replogle_rpe1,200,coexpression,MALSU1,0.09506524354219437,0.004837836543035099,2,0.11143628590714769,0.1383109614253044,0.0
replogle_rpe1,200,coexpression,MEN1,0.06848119571805,0.0015300517731349221,2,0.16043426085652143,0.10663678869605064,0.02564102564102564
replogle_rpe1,200,coexpression,METTL1,0.13717018067836761,0.0030291572227507204,2,0.15614640366009153,0.08735096454620361,0.0
replogle_rpe1,200,coexpression,MRPS31,0.09742558002471924,0.005972081993448152,2,0.1315997899947499,0.11600716784596443,0.05263157894736842
replogle_rpe1,200,coexpression,N6AMT1,0.33208930492401123,0.0003545814365221515,2,0.36448361209030233,0.07608587667346,0.05263157894736842
replogle_rpe1,200,coexpression,NAA20,0.5335831940174103,0.004675307758464964,2,0.5368229205730144,0.06782297417521477,0.12698412698412698
replogle_rpe1,200,coexpression,NCOA4,0.14096525311470032,0.000631191203299149,2,0.1267059176479412,0.08859160542488098,0.02564102564102564
replogle_rpe1,200,coexpression,NDUFA4,-0.17200449109077454,7.245043259022684e-05,2,-0.14260856521413037,0.10105207189917564,0.02564102564102564
replogle_rpe1,200,coexpression,NDUFS5,0.09204322472214699,0.0005013736415295316,2,0.07222230555763895,0.09411925822496414,0.02564102564102564
replogle_rpe1,200,coexpression,NOLC1,0.9154087007045746,0.0009969837015251983,2,0.9109547738693469,0.18651197850704193,0.6
replogle_rpe1,200,coexpression,NOMO3,0.8012635111808777,0.0026201009845282382,2,0.8285652141303534,0.03427803888916969,0.21212121212121213
replogle_rpe1,200,coexpression,OVCA2,0.5455747842788696,0.0010922777260083296,2,0.5812487812195306,0.058297619223594666,0.06685633001422475
replogle_rpe1,200,coexpression,PGAM5,-0.09140394628047943,0.0018342519206183637,2,-0.24900097502437565,0.19386208057403564,0.0
replogle_rpe1,200,coexpression,POLR2D,0.5739094018936157,0.0021228524657967104,2,0.5836630915772895,0.05717447027564049,0.17647058823529413
replogle_rpe1,200,coexpression,POLR3C,0.758641928434372,0.0026872409142060924,2,0.778777469436736,0.08678380399942398,0.21212121212121213
replogle_rpe1,200,coexpression,PPP1R2,0.7857930958271027,0.0021829960186217565,2,0.8151211280282009,0.047186436131596565,0.14285714285714285
replogle_rpe1,200,coexpression,PRC1,0.8036442697048187,0.05182439713172297,2,0.8461336533413337,0.18439634889364243,0.2903225806451613
replogle_rpe1,200,coexpression,PSTK,0.8637381792068481,0.0004054526826748006,2,0.870012750318758,0.027643119916319847,0.3563218390804598
replogle_rpe1,200,coexpression,RRP12,0.9345293641090393,0.005993113270855088,2,0.9396962424060602,0.26208098232746124,0.3793103448275862
replogle_rpe1,200,coexpression,RUVBL2,0.8971264660358429,0.00026573587986118685,2,0.9140411010275258,0.3299575448036194,0.3333333333333333
replogle_rpe1,200,coexpression,SERBP1,0.010457681026309729,0.0025491000084000813,2,0.0044326108152703825,0.1151818074285984,0.0
replogle_rpe1,200,coexpression,SETD5,0.7286837100982666,0.0035713553554191165,2,0.771681542038551,0.0425640344619751,0.25
replogle_rpe1,200,coexpression,SRCAP,0.12848466634750366,0.001374155848849189,2,0.15762844071101778,0.09090704470872879,0.039136302294197026
replogle_rpe1,200,coexpression,SRSF11,-0.061943938955664635,0.012423913660961714,2,-0.05099302482562065,0.10614877566695213,0.02564102564102564
replogle_rpe1,200,coexpression,TAZ,0.5260613560676575,0.0017350171657994637,2,0.5969144228605716,0.0627199038863182,0.0
replogle_rpe1,200,coexpression,TFAM,-0.04416535422205925,0.007482166697101038,2,-0.1243246081152029,0.35320186614990234,0.0
replogle_rpe1,200,coexpression,TRMT112,0.9121974408626556,0.002669623531528539,2,0.9188712217805446,0.2659000903367996,0.48148148148148145
replogle_rpe1,200,coexpression,TRNT1,0.6365460753440857,0.0042553987067509265,2,0.705201380034501,0.1870914250612259,0.17647058823529413
replogle_rpe1,200,coexpression,TSSK3,0.40907713770866394,0.001822851198096167,2,0.4365004125103128,0.06949703767895699,0.1111111111111111
replogle_rpe1,200,coexpression,TVP23C,-0.2755346745252609,0.0021655261499139906,2,-0.3119372984324609,0.11336963623762131,0.02564102564102564
replogle_rpe1,200,coexpression,VPS35,0.8919161856174469,0.0015829091895236472,2,0.90982374559364,0.08319826424121857,0.25
replogle_rpe1,200,coexpression,WBP1,-0.3469972163438797,0.0036904412758866478,2,-0.3551053776344409,0.14151836931705475,0.08108108108108109
replogle_rpe1,200,combined,ACTB,0.18416155378023782,0.1675173667628425,3,-0.4220100502512563,0.3734588623046875,0.0346378767431399
replogle_rpe1,200,combined,ADRM1,0.6490142146746317,0.003334007887626352,3,0.6951493787344685,0.05183175951242447,0.0
replogle_rpe1,200,combined,ALG2,0.7167869011561075,0.0035670970162395986,3,0.8088532213305334,0.08388260255257289,0.2903225806451613
replogle_rpe1,200,combined,CAMLG,0.33209772904713947,0.00460960219287644,3,0.3559083977099428,0.07464307049910228,0.025641025641025644
replogle_rpe1,200,combined,CCDC6,-0.28372570872306824,0.0002758547151389004,3,-0.5713402835070878,0.1790312131245931,0.0
replogle_rpe1,200,combined,CCDC78,0.17507914205392203,0.0023051926710870784,3,0.2051586289657242,0.10308181246121724,0.025641025641025644
replogle_rpe1,200,combined,DDN,-0.3048444191614787,0.001347716553325667,3,-0.35977299432485815,0.11292714377244313,0.05263157894736842
replogle_rpe1,200,combined,DDX46,0.8920395374298096,0.001069379842134972,3,0.895334383359584,0.01935273843506972,0.5004748338081672
replogle_rpe1,200,combined,EMC3,0.6872883637746176,0.005770990315598798,3,0.7485927148178706,0.044730729113022484,0.08108108108108109
replogle_rpe1,200,combined,FBXO42,-0.41424192984898883,0.0012999292248636655,3,-0.46240206005150136,0.12350582083066304,0.0
replogle_rpe1,200,combined,GEMIN4,0.7849287390708923,0.0011788217193911764,3,0.7949178729468237,0.07788478583097458,0.22474747474747478
replogle_rpe1,200,combined,GFM1,0.1491842418909073,0.004090648753501439,3,0.29714842871071784,0.15815914670626322,0.025641025641025644
replogle_rpe1,200,combined,GPS2,-0.049902389446894325,0.002644521379418356,3,-0.10306957673941851,0.11292892694473267,0.04412104412104412
replogle_rpe1,200,combined,HAUS3,0.8802129228909811,0.0004559513095475999,3,0.8782214555363885,0.08694784591595332,0.48148148148148145
replogle_rpe1,200,combined,HEATR1,0.8857784867286682,0.0021620642535037436,3,0.8888772219305484,0.2084878534078598,0.4121510673234811
replogle_rpe1,200,combined,KCNA10,0.3138774037361145,0.0012532705434525238,3,0.35063776594414864,0.07976483305295308,0.025641025641025644
replogle_rpe1,200,combined,LIMS1,0.4142501850922902,0.004538671948350186,3,0.48516362909072736,0.07702510803937912,0.025641025641025644
replogle_rpe1,200,combined,LRRC37A3,-0.2029297004143397,0.00217346606330872,3,-0.22648466211655294,0.11815080295006435,0.025641025641025644
replogle_rpe1,200,combined,MALSU1,0.08285007377465566,0.0020277760703917127,3,0.10337158428960724,0.14160077273845673,0.0
replogle_rpe1,200,combined,MEN1,0.06893494228521983,0.002724551194784692,3,0.16048801220030504,0.10606490572293599,0.025641025641025644
replogle_rpe1,200,combined,METTL1,0.13859707117080688,0.0016371112089083064,3,0.1619730493262332,0.09395591169595718,0.0
replogle_rpe1,200,combined,MRPS31,0.08227690309286118,0.005587677074315232,3,0.12413410335258383,0.11742428441842397,0.05263157894736842
replogle_rpe1,200,combined,N6AMT1,0.3260358174641927,0.0008279959772287829,3,0.35865646641166027,0.08109027395645778,0.05263157894736842
replogle_rpe1,200,combined,NAA20,0.5394962231318156,0.002578316991451738,3,0.5400170004250108,0.07003490875164668,0.13227513227513227
replogle_rpe1,200,combined,NCOA4,0.13709935545921326,0.0037077009757788743,3,0.12243756093902348,0.09579625725746155,0.025641025641025644
replogle_rpe1,200,combined,NDUFA4,-0.16918068627516428,0.0024913444266892624,3,-0.13917247931198282,0.1144636223713557,0.025641025641025644
replogle_rpe1,200,combined,NDUFS5,0.09380098432302475,0.0025055159173280753,3,0.07376084402110054,0.09691935032606125,0.025641025641025644
replogle_rpe1,200,combined,NOLC1,0.9181633392969767,0.00407267398138497,3,0.9128728218205456,0.18586227297782898,0.6222222222222222
replogle_rpe1,200,combined,NOMO3,0.8060769836107889,0.0034028422073913178,3,0.8311372784319611,0.03128098634382089,0.21212121212121213
replogle_rpe1,200,combined,OVCA2,0.5386854807535807,0.002291400368018693,3,0.5777504437610942,0.0699395885070165,0.043634727845254156
replogle_rpe1,200,combined,PGAM5,-0.09893951068321864,0.0017995810525427026,3,-0.2532828320708018,0.20474948982397714,0.0
replogle_rpe1,200,combined,POLR2D,0.5773766835530599,0.003294895854952465,3,0.5911737793444837,0.058625150471925735,0.17647058823529413
replogle_rpe1,200,combined,POLR3C,0.7648660937945048,0.003282163770004107,3,0.7821925548138705,0.08315254251162212,0.22474747474747478
replogle_rpe1,200,combined,PPP1R2,0.7855873505274454,0.0012526513072473535,3,0.81774394359859,0.04674027860164642,0.14285714285714285
replogle_rpe1,200,combined,PRC1,0.800074835618337,0.06447777251602273,3,0.8307967699192481,0.2674119311074416,0.22474747474747478
replogle_rpe1,200,combined,PSTK,0.8634232680002848,0.0014437087050473564,3,0.87257581439536,0.02771719607214133,0.37931034482758613
replogle_rpe1,200,combined,RRP12,0.9393496712048849,0.0020665832734579476,3,0.9437125928148206,0.25421200195948285,0.37931034482758613
replogle_rpe1,200,combined,RUVBL2,0.8990429043769836,0.0017264120792633622,3,0.9163394084852122,0.31984997789065045,0.3333333333333333
replogle_rpe1,200,combined,SERBP1,0.005527213836709659,0.004441560357687597,3,0.001407035175879397,0.12424715360005696,0.0
replogle_rpe1,200,combined,SETD5,0.7276102900505066,0.0010618711935501113,3,0.7703597589939749,0.043055810034275055,0.26344086021505375
replogle_rpe1,200,combined,SRCAP,0.12355786561965942,0.0037758666152975687,3,0.15737043426085653,0.09944208214680354,0.0346378767431399
replogle_rpe1,200,combined,SRSF11,-0.055563464760780334,0.0010492560703615793,3,-0.04971824295607391,0.1089945783217748,0.025641025641025644
replogle_rpe1,200,combined,TAZ,0.521369735399882,0.0018486344460013477,3,0.5917292932323309,0.06863896797100703,0.0
replogle_rpe1,200,combined,TFAM,-0.06386363133788109,0.0038251783829854574,3,-0.13133928348208704,0.36188873648643494,0.0
replogle_rpe1,200,combined,TRMT112,0.907810906569163,0.00177367785389789,3,0.9160229005725146,0.2518402735392253,0.5194681861348528
replogle_rpe1,200,combined,TRNT1,0.6440517902374268,0.004791304375101305,3,0.7143863596589917,0.1844122807184855,0.17647058823529413
replogle_rpe1,200,combined,TSSK3,0.4104974965254466,0.007817364229522415,3,0.4373809345233632,0.07469326506058376,0.1111111111111111
replogle_rpe1,200,combined,TVP23C,-0.2715948224067688,0.0017414748355929412,3,-0.31021275531888304,0.12350942194461823,0.0346378767431399
replogle_rpe1,200,combined,VPS35,0.8938364585240682,0.0032410766562034213,3,0.911996799919998,0.08382789293924968,0.25
replogle_rpe1,200,combined,WBP1,-0.34874306122461957,0.002605691210122418,3,-0.3571934298357459,0.14358632266521454,0.07159791370317686
replogle_rpe1,200,gene_ontology,ACTB,0.08646562695503235,0.03155222661331655,2,-0.4458201455036377,0.36940397322177887,0.039136302294197026
replogle_rpe1,200,gene_ontology,ADRM1,0.6460722982883453,0.0004485689087014452,2,0.6939203480087004,0.053451476618647575,0.01282051282051282
replogle_rpe1,200,gene_ontology,ALG2,0.7136892378330231,0.000868267226172928,2,0.8083844596114904,0.08590355888009071,0.2903225806451613
replogle_rpe1,200,gene_ontology,CAMLG,0.3386811465024948,0.002426836610681534,2,0.36039225980649525,0.07557103782892227,0.02564102564102564
replogle_rpe1,200,gene_ontology,CCDC6,-0.26688969135284424,0.0008828921826062082,2,-0.5652148803720094,0.1774238646030426,0.0
replogle_rpe1,200,gene_ontology,CCDC78,0.1721094697713852,0.004617545502580784,2,0.20444761119027977,0.10031983628869057,0.02564102564102564
replogle_rpe1,200,gene_ontology,DDN,-0.30104611814022064,0.0037974521242558077,2,-0.3539435985899648,0.10555116459727287,0.05263157894736842
replogle_rpe1,200,gene_ontology,DDX46,0.8936896920204163,0.0007594019164692886,2,0.8975879396984926,0.01805171836167574,0.6
replogle_rpe1,200,gene_ontology,EMC3,0.673781543970108,0.006682087803462673,2,0.7374409360234007,0.0481181014329195,0.08108108108108109
replogle_rpe1,200,gene_ontology,FBXO42,-0.4153381884098053,0.0037610583205666508,2,-0.46298132453311336,0.11604593321681023,0.0
replogle_rpe1,200,gene_ontology,GEMIN4,0.7902507781982422,0.0006552992006473804,2,0.8005850146253657,0.07767616212368011,0.21212121212121213
replogle_rpe1,200,gene_ontology,GFM1,0.15546470880508423,0.00045994855779938655,2,0.307911947798695,0.15434902161359787,0.02564102564102564
replogle_rpe1,200,gene_ontology,GPS2,-0.055959224700927734,0.0022183572245223966,2,-0.10393759843996102,0.11289424821734428,0.02564102564102564
replogle_rpe1,200,gene_ontology,HAUS3,0.8768722712993622,0.005214113069828234,2,0.8763579089477238,0.08878174424171448,0.48148148148148145
replogle_rpe1,200,gene_ontology,HEATR1,0.8813780844211578,0.00081651089620155,2,0.885742143553589,0.21189237385988235,0.40394088669950734
replogle_rpe1,200,gene_ontology,KCNA10,0.3035917729139328,0.001509974068175545,2,0.3365034125853147,0.08338169381022453,0.02564102564102564
replogle_rpe1,200,gene_ontology,LIMS1,0.41944076120853424,0.0077074995543084685,2,0.4832775819395485,0.07045800983905792,0.02564102564102564
replogle_rpe1,200,gene_ontology,LRRC37A3,-0.20219606906175613,0.00026083630872179544,2,-0.22134703367584194,0.11835189536213875,0.02564102564102564
replogle_rpe1,200,gene_ontology,MALSU1,0.09245884045958519,0.0006532287367142827,2,0.1142668566714168,0.14105474203824997,0.0
replogle_rpe1,200,gene_ontology,MEN1,0.06608102470636368,0.0008448441151129985,2,0.1585974649366234,0.10953756794333458,0.02564102564102564
replogle_rpe1,200,gene_ontology,METTL1,0.13597306609153748,0.0008649376251405673,2,0.16019725493137332,0.09183500334620476,0.01282051282051282
replogle_rpe1,200,gene_ontology,MRPS31,0.0992632508277893,0.010073844900664743,2,0.13599939998499966,0.11681647598743439,0.02564102564102564
replogle_rpe1,200,gene_ontology,N6AMT1,0.32638411223888397,0.0013050560907155782,2,0.35880672016800425,0.07563867419958115,0.039136302294197026
replogle_rpe1,200,gene_ontology,NAA20,0.5384590327739716,0.0005827644743601317,2,0.5403315082877074,0.06811696663498878,0.12698412698412698
replogle_rpe1,200,gene_ontology,NCOA4,0.13862310349941254,0.0035976339154656593,2,0.12300382509562742,0.09124938771128654,0.02564102564102564
replogle_rpe1,200,gene_ontology,NDUFA4,-0.1694287210702896,0.000986215181730665,2,-0.13898372459311487,0.1068827398121357,0.0
replogle_rpe1,200,gene_ontology,NDUFS5,0.09705419838428497,0.001736039226875853,2,0.07341708542713568,0.09588058665394783,0.02564102564102564
replogle_rpe1,200,gene_ontology,NOLC1,0.9128797948360443,0.00028225744447745734,2,0.9085607140178507,0.1826346442103386,0.6666666666666666
replogle_rpe1,200,gene_ontology,NOMO3,0.8025347590446472,0.0006000868290981092,2,0.8287864696617416,0.03171346057206392,0.21212121212121213
replogle_rpe1,200,gene_ontology,OVCA2,0.537590742111206,0.0011079563536543823,2,0.569508737718443,0.06385600194334984,0.08108108108108109
replogle_rpe1,200,gene_ontology,PGAM5,-0.08565637841820717,0.007524576963415125,2,-0.2448556213905348,0.2008950635790825,0.0
replogle_rpe1,200,gene_ontology,POLR2D,0.5763435661792755,0.0015382335301020995,2,0.5887797194929875,0.05655704811215401,0.17647058823529413
replogle_rpe1,200,gene_ontology,POLR3C,0.766683429479599,0.005757807415618766,2,0.7848571214280358,0.0841446965932846,0.23106060606060608
replogle_rpe1,200,gene_ontology,PPP1R2,0.7840052247047424,0.0010375711166411893,2,0.8154796369909248,0.047418585047125816,0.14285714285714285
replogle_rpe1,200,gene_ontology,PRC1,0.7853105664253235,0.00040941448643482464,2,0.8232588314707868,0.04825722798705101,0.15966386554621848
replogle_rpe1,200,gene_ontology,PSTK,0.861000269651413,0.0003650338549528532,2,0.8696092402310058,0.029122461564838886,0.3793103448275862
replogle_rpe1,200,gene_ontology,RRP12,0.9317834377288818,0.0025161668561003736,2,0.9355861396534915,0.2578882724046707,0.42857142857142855
replogle_rpe1,200,gene_ontology,RUVBL2,0.8948287963867188,0.0006726637022338687,2,0.9103975099377486,0.33124591410160065,0.3563218390804598
replogle_rpe1,200,gene_ontology,SERBP1,0.004085755906999111,0.005541661254297694,2,0.003984099602490063,0.11783811077475548,0.0
replogle_rpe1,200,gene_ontology,SETD5,0.7241994142532349,0.0016983494075949858,2,0.7701447536188406,0.04470335319638252,0.25
replogle_rpe1,200,gene_ontology,SRCAP,0.12013424187898636,0.0023786522261214542,2,0.1545196129903248,0.09680285304784775,0.039136302294197026
replogle_rpe1,200,gene_ontology,SRSF11,-0.056059690192341805,0.0021325699485565037,2,-0.048040951023775605,0.10776497423648834,0.02564102564102564
replogle_rpe1,200,gene_ontology,TAZ,0.5236969292163849,0.0011004963614679542,2,0.5899677491937299,0.06550827249884605,0.0
replogle_rpe1,200,gene_ontology,TFAM,-0.0627666674554348,0.00024360351603690364,2,-0.12983724593114832,0.3603706359863281,0.0
replogle_rpe1,200,gene_ontology,TRMT112,0.9066296219825745,0.0032273527778731996,2,0.91198379959499,0.26491934061050415,0.50997150997151
replogle_rpe1,200,gene_ontology,TRNT1,0.652091771364212,0.0051611766280985506,2,0.7217827945698645,0.1835625022649765,0.17647058823529413
replogle_rpe1,200,gene_ontology,TSSK3,0.40015527606010437,0.0025833067857782277,2,0.42971949298732476,0.07626193389296532,0.1111111111111111
replogle_rpe1,200,gene_ontology,TVP23C,-0.27734579145908356,0.0036391907080974006,2,-0.31378009450236255,0.1182304173707962,0.02564102564102564
replogle_rpe1,200,gene_ontology,VPS35,0.8830407559871674,0.0017634662885443171,2,0.9034478361959051,0.08471295237541199,0.25
replogle_rpe1,200,gene_ontology,WBP1,-0.3418726921081543,0.0017309710683424179,2,-0.3534988374709368,0.1379842385649681,0.06685633001422475
replogle_rpe1,200,no_graph,ACTB,0.05196896567940712,0.012974701848192237,2,-0.4648518712967825,0.31264959275722504,0.08108108108108109
replogle_rpe1,200,no_graph,ADRM1,0.6495885848999023,0.00031188667898061586,2,0.6968986724668118,0.05665672942996025,0.0
replogle_rpe1,200,no_graph,ALG2,0.7079712450504303,0.0016110632843289244,2,0.8034643366084153,0.0848224051296711,0.2903225806451613
replogle_rpe1,200,no_graph,CAMLG,0.3261892944574356,0.00028897986681494494,2,0.3461111527788195,0.08158128708600998,0.02564102564102564
replogle_rpe1,200,no_graph,CCDC6,-0.27209365367889404,7.510568404641316e-05,2,-0.559206480162004,0.1933944672346115,0.0
replogle_rpe1,200,no_graph,CCDC78,0.16466525197029114,0.003864423466539618,2,0.19748068701717547,0.10866809636354446,0.02564102564102564
replogle_rpe1,200,no_graph,DDN,-0.30872535705566406,1.4498515887747547e-05,2,-0.36289957248931226,0.11520439386367798,0.05263157894736842
replogle_rpe1,200,no_graph,DDX46,0.8924355804920197,0.0001863312172666625,2,0.8958006450161256,0.020608099177479744,0.5384615384615384
replogle_rpe1,200,no_graph,EMC3,0.6889522671699524,0.0014895539200720169,2,0.7477139428485713,0.05148598738014698,0.08108108108108109
replogle_rpe1,200,no_graph,FBXO42,-0.41748368740081787,0.0002995797992154348,2,-0.45957548938723475,0.1294018253684044,0.0
replogle_rpe1,200,no_graph,GEMIN4,0.7812497913837433,0.00015632266112690596,2,0.7911602790069754,0.07739361375570297,0.21212121212121213
replogle_rpe1,200,no_graph,GFM1,0.13477836549282074,3.0134996685289235e-06,2,0.28755193879846996,0.1646052524447441,0.02564102564102564
replogle_rpe1,200,no_graph,GPS2,-0.04444929212331772,0.0003298517731583844,2,-0.10050701267531689,0.12068899348378181,0.02564102564102564
replogle_rpe1,200,no_graph,HAUS3,0.8841635584831238,0.0010370653544590585,2,0.8819170479261982,0.0822598934173584,0.48148148148148145
replogle_rpe1,200,no_graph,HEATR1,0.898979663848877,0.0005724384964749627,2,0.9011227780694517,0.2000027745962143,0.42857142857142855
replogle_rpe1,200,no_graph,KCNA10,0.3110956996679306,0.0015273385697620334,2,0.3498409960249007,0.09035494923591614,0.02564102564102564
replogle_rpe1,200,no_graph,LIMS1,0.4152432531118393,0.002076343418464939,2,0.4838213455336384,0.08169808238744736,0.02564102564102564
replogle_rpe1,200,no_graph,LRRC37A3,-0.2093251496553421,0.00030031736906437545,2,-0.23267681692042302,0.12490970641374588,0.02564102564102564
replogle_rpe1,200,no_graph,MALSU1,0.07113805785775185,0.00018816987353295026,2,0.09868371709292734,0.1515064686536789,0.0
replogle_rpe1,200,no_graph,MEN1,0.07700064405798912,0.001161287922088855,2,0.17356933923348086,0.11903185024857521,0.02564102564102564
replogle_rpe1,200,no_graph,METTL1,0.14142309874296188,0.00014855710428877375,2,0.1605430135753394,0.09845627844333649,0.0
replogle_rpe1,200,no_graph,MRPS31,0.0721748098731041,2.8133021381021765e-06,2,0.11514137853446338,0.13261111825704575,0.05263157894736842
replogle_rpe1,200,no_graph,N6AMT1,0.32761140167713165,0.00019288505221010653,2,0.3583642091052277,0.08254243433475494,0.05263157894736842
replogle_rpe1,200,no_graph,NAA20,0.5469302535057068,0.0002111557110395791,2,0.5475736893422336,0.06886621937155724,0.14285714285714285
replogle_rpe1,200,no_graph,NCOA4,0.14123893529176712,0.00032860844112731304,2,0.12675541888547215,0.09859558939933777,0.02564102564102564
replogle_rpe1,200,no_graph,NDUFA4,-0.18090733885765076,0.0008042883101333908,2,-0.15273456836420912,0.11552264541387558,0.02564102564102564
replogle_rpe1,200,no_graph,NDUFS5,0.09223178029060364,0.0017468393568067695,2,0.06974649366234156,0.10496291518211365,0.02564102564102564
replogle_rpe1,200,no_graph,NOLC1,0.9208138883113861,2.111557110395791e-05,2,0.915153378834471,0.17275404930114746,0.6666666666666666
replogle_rpe1,200,no_graph,NOMO3,0.8092351853847504,0.0017407069903484344,2,0.8343111077776946,0.03409493900835514,0.21212121212121213
replogle_rpe1,200,no_graph,OVCA2,0.5412696897983551,0.003439815041216616,2,0.5798484962124053,0.07140994444489479,0.02564102564102564
replogle_rpe1,200,no_graph,PGAM5,-0.1178547702729702,0.0004022969373925474,2,-0.2606322658066452,0.20744111388921738,0.0
replogle_rpe1,200,no_graph,POLR2D,0.580313503742218,0.0007998628910397469,2,0.5931095777394435,0.0623253732919693,0.17647058823529413
replogle_rpe1,200,no_graph,POLR3C,0.7567826509475708,0.0005794348733277712,2,0.7795844896122405,0.08448805660009384,0.25
replogle_rpe1,200,no_graph,PPP1R2,0.7789165377616882,0.0005068580001920117,2,0.8117475436885923,0.049908775836229324,0.14285714285714285
replogle_rpe1,200,no_graph,PRC1,0.8580896556377411,0.012559887296791954,2,0.864131103277582,0.029308076947927475,0.19429590017825313
replogle_rpe1,200,no_graph,PSTK,0.8668999075889587,1.5004278069878275e-05,2,0.8735730893272332,0.03284248523414135,0.3793103448275862
replogle_rpe1,200,no_graph,RRP12,0.948517918586731,0.00021140859213064446,2,0.9514377859446488,0.2461308315396309,0.42857142857142855
replogle_rpe1,200,no_graph,RUVBL2,0.8987583518028259,0.0006885952109709867,2,0.9174671866796671,0.31026358902454376,0.3333333333333333
replogle_rpe1,200,no_graph,SERBP1,0.0034335111267864704,0.0008024740200138984,2,-0.001584039600990025,0.12749146670103073,0.0
replogle_rpe1,200,no_graph,SETD5,0.7274265289306641,3.270595444445377e-05,2,0.770123003075077,0.046759916469454765,0.2903225806451613
replogle_rpe1,200,no_graph,SRCAP,0.10969343781471252,0.0019051007729651765,2,0.146782419560489,0.10555186122655869,0.05263157894736842
replogle_rpe1,200,no_graph,SRSF11,-0.05680830776691437,0.00022485870516168353,2,-0.04954248856221406,0.11693150922656059,0.02564102564102564
replogle_rpe1,200,no_graph,TAZ,0.5239140689373016,0.0006402527757289913,2,0.5956708917722944,0.06832324713468552,0.0
replogle_rpe1,200,no_graph,TFAM,-0.05335083790123463,0.0006603173097982087,2,-0.1367524188104703,0.36656439304351807,0.0
replogle_rpe1,200,no_graph,TRMT112,0.9157179594039917,0.0017689875256992442,2,0.924001350033751,0.2484070062637329,0.5384615384615384
replogle_rpe1,200,no_graph,TRNT1,0.6268243789672852,2.3602235166100658e-06,2,0.7008632715817895,0.18799737840890884,0.17647058823529413
replogle_rpe1,200,no_graph,TSSK3,0.41143880784511566,9.354493026992931e-05,2,0.4431320783019576,0.08184255287051201,0.1111111111111111
replogle_rpe1,200,no_graph,TVP23C,-0.26628953218460083,4.315837287515549e-05,2,-0.3055178879471987,0.12716732174158096,0.05263157894736842
replogle_rpe1,200,no_graph,VPS35,0.8957802951335907,0.0008931338667943554,2,0.9152613815345385,0.07645881175994873,0.25
replogle_rpe1,200,no_graph,WBP1,-0.35085920989513397,0.0009970890686464755,2,-0.3581909547738694,0.14884649217128754,0.08108108108108109
replogle_rpe1,200,random,ACTB,0.08113493397831917,0.11576704053976042,2,-0.2705677641941049,0.7432881742715836,0.05336105336105336
replogle_rpe1,200,random,ADRM1,0.6312412321567535,0.00020462294952039052,2,0.6769601740043502,0.055149221792817116,0.01282051282051282
replogle_rpe1,200,random,ALG2,0.720802903175354,0.0008023074082533787,2,0.7997884947123679,0.08036929741501808,0.2903225806451613
replogle_rpe1,200,random,CAMLG,0.34443363547325134,0.00010852813491555213,2,0.361609540238506,0.07324181869626045,0.02564102564102564
replogle_rpe1,200,random,CCDC6,-0.2135433629155159,0.00029592356010711473,2,-0.5392387309682743,0.1821334958076477,0.0
replogle_rpe1,200,random,CCDC78,0.16937357932329178,0.00067307463400685,2,0.21227330683267084,0.08787469565868378,0.06685633001422475
replogle_rpe1,200,random,DDN,-0.3024245649576187,0.0006892484871229055,2,-0.3571791794794871,0.10343590006232262,0.06685633001422475
replogle_rpe1,200,random,DDX46,0.884139209985733,6.435823767613518e-05,2,0.8843681092027302,0.017519197426736355,0.50997150997151
replogle_rpe1,200,random,EMC3,0.6582610905170441,0.001036433151731395,2,0.7192904822620566,0.04428746551275253,0.06685633001422475
replogle_rpe1,200,random,FBXO42,-0.4176509827375412,0.0033801561771494458,2,-0.4524938123453087,0.11509835347533226,0.0
replogle_rpe1,200,random,GEMIN4,0.7826013267040253,0.001304571401957703,2,0.7858231455786395,0.07963650673627853,0.2701612903225806
replogle_rpe1,200,random,GFM1,0.18332470208406448,0.0005253077831276555,2,0.3322598064951624,0.15316899120807648,0.02564102564102564
replogle_rpe1,200,random,GPS2,-0.04223574325442314,0.00014812509909153707,2,-0.08573314332858323,0.1073831096291542,0.02564102564102564
replogle_rpe1,200,random,HAUS3,0.8539861440658569,0.00032453073353388404,2,0.8512937823445588,0.09546831995248795,0.48148148148148145
replogle_rpe1,200,random,HEATR1,0.8689954876899719,0.0006132366458335082,2,0.8729588239705994,0.21642234921455383,0.3793103448275862
replogle_rpe1,200,random,KCNA10,0.28984713554382324,0.000732259346028273,2,0.3203090077251932,0.08213049173355103,0.02564102564102564
replogle_rpe1,200,random,LIMS1,0.3969542682170868,0.0037731544660892773,2,0.457636690917273,0.0921451523900032,0.02564102564102564
replogle_rpe1,200,random,LRRC37A3,-0.1823180690407753,0.00037446421230716574,2,-0.2013117827945699,0.1167314201593399,0.02564102564102564
replogle_rpe1,200,random,MALSU1,0.12760359048843384,0.000950348213647894,2,0.13682292057301434,0.1309264674782753,0.0
replogle_rpe1,200,random,MEN1,0.053147092461586,0.0012479471109833168,2,0.14175129378234458,0.11347710341215134,0.02564102564102564
replogle_rpe1,200,random,METTL1,0.14400748908519745,0.0006202751695348275,2,0.1734215855396385,0.0918707475066185,0.01282051282051282
replogle_rpe1,200,random,MRPS31,0.1342952847480774,0.0018912976800778587,2,0.15461936548413713,0.11356518790125847,0.05263157894736842
replogle_rpe1,200,random,N6AMT1,0.3232744187116623,0.00021303124579831389,2,0.35188179704492617,0.08050971105694771,0.05263157894736842
replogle_rpe1,200,random,NAA20,0.504094809293747,0.0005382574023326277,2,0.5141836045901148,0.07271775230765343,0.1111111111111111
replogle_rpe1,200,random,NCOA4,0.13971657305955887,0.0050669468115403194,2,0.12386409660241507,0.08651090413331985,0.02564102564102564
replogle_rpe1,200,random,NDUFA4,-0.15923183411359787,0.0022951803926456286,2,-0.13013425335633394,0.10462509095668793,0.02564102564102564
replogle_rpe1,200,random,NDUFS5,0.09159157425165176,0.0022732218845714527,2,0.07688217205430137,0.09531380236148834,0.02564102564102564
replogle_rpe1,200,random,NOLC1,0.8995888531208038,0.00040574771061437683,2,0.896150153753844,0.21199318766593933,0.38095238095238093
replogle_rpe1,200,random,NOMO3,0.781845211982727,0.001415122585601778,2,0.8074454361359036,0.030758390203118324,0.21212121212121213
replogle_rpe1,200,random,OVCA2,0.5210310518741608,9.293380096652134e-05,2,0.5573284332108304,0.06694815307855606,0.06685633001422475
replogle_rpe1,200,random,PGAM5,-0.057165564969182014,0.001567359636601159,2,-0.2128103202580065,0.1851648986339569,0.0
replogle_rpe1,200,random,POLR2D,0.5608040988445282,0.0006217081623841979,2,0.5712682817070427,0.25662090443074703,0.19429590017825313
replogle_rpe1,200,random,POLR3C,0.7742233574390411,0.0031386336617577676,2,0.7905032625815647,0.08058426901698112,0.17748917748917747
replogle_rpe1,200,random,PPP1R2,0.7689633369445801,0.00012011851825604798,2,0.8051953798844973,0.05040748976171017,0.14285714285714285
replogle_rpe1,200,random,PRC1,0.8070491552352905,0.006188000298369462,2,0.8223700592514814,0.04035356640815735,0.15966386554621848
replogle_rpe1,200,random,PSTK,0.8511027097702026,0.0007269488431159003,2,0.8559048976224406,0.025247049517929554,0.3348164627363738
replogle_rpe1,200,random,RRP12,0.9152592420578003,0.00026164763555563015,2,0.9183169579239482,0.2679298669099808,0.3793103448275862
replogle_rpe1,200,random,RUVBL2,0.8812096118927002,0.00018704771369134772,2,0.8942916072901823,0.3240562081336975,0.3333333333333333
replogle_rpe1,200,random,SERBP1,0.015818489715456963,0.0007418240464622139,2,0.016469661741543542,0.13052696734666824,0.0
replogle_rpe1,200,random,SETD5,0.7247432768344879,0.0009711055365395094,2,0.7674566864171606,0.044225841760635376,0.25
replogle_rpe1,200,random,SRCAP,0.1286754608154297,0.00014173985154213663,2,0.16186079651991303,0.09446590393781662,0.02564102564102564
replogle_rpe1,200,random,SRSF11,-0.03139201831072569,0.004211414519062761,2,-0.025325133128328212,0.09401074796915054,0.02564102564102564
replogle_rpe1,200,random,TAZ,0.5301613509654999,0.000550058519915678,2,0.5960871521788045,0.06476440653204918,0.0
replogle_rpe1,200,random,TFAM,0.006046835798770189,0.0004576864574144659,2,-0.12126378159453988,0.3409119099378586,0.0
replogle_rpe1,200,random,TRMT112,0.8839122951030731,0.002375607116316542,2,0.8943951098777472,0.27786263823509216,0.48148148148148145
replogle_rpe1,200,random,TRNT1,0.6600545942783356,0.0015762499874589259,2,0.7255531388284708,0.18567611277103424,0.19429590017825313
replogle_rpe1,200,random,TSSK3,0.3802078366279602,0.0006597667665895351,2,0.40714017850446266,0.07437755167484283,0.1111111111111111
replogle_rpe1,200,random,TVP23C,-0.2667309641838074,0.00016116954870565878,2,-0.30043351083777103,0.11398604139685631,0.02564102564102564
replogle_rpe1,200,random,VPS35,0.8629449307918549,0.00046020143889045196,2,0.8840471011775296,0.09520438686013222,0.23106060606060608
replogle_rpe1,200,random,WBP1,-0.3409798741340637,0.0008248138253581962,2,-0.34649741243531096,0.10899406298995018,0.01282051282051282
replogle_rpe1,200,string_ppi,ACTB,0.2513652394215266,0.13033215559733266,3,-0.2993624840621016,0.6164753635724386,0.06211474632527264
replogle_rpe1,200,string_ppi,ADRM1,0.6515903075536092,0.0035481983426743574,3,0.695705392634816,0.04956000174085299,0.017094017094017092
replogle_rpe1,200,string_ppi,ALG2,0.7079925934473673,0.003298252086396981,3,0.8048821220530514,0.0867378960053126,0.2903225806451613
replogle_rpe1,200,string_ppi,CAMLG,0.32690878709157306,0.004599072654099725,3,0.352278306957674,0.07405316332976024,0.025641025641025644
replogle_rpe1,200,string_ppi,CCDC6,-0.2815518379211426,0.006501055103935671,3,-0.5659801495037377,0.17553463578224182,0.0
replogle_rpe1,200,string_ppi,CCDC78,0.1713824321826299,0.0013330505302689354,3,0.20278906972674318,0.09884942571322124,0.025641025641025644
replogle_rpe1,200,string_ppi,DDN,-0.30610381563504535,0.0009083905919975964,3,-0.35727343183579596,0.10484243432680766,0.05263157894736842
replogle_rpe1,200,string_ppi,DDX46,0.8945182164510092,0.0008958918467080153,3,0.8990544763619092,0.017161265015602112,0.5004748338081672
replogle_rpe1,200,string_ppi,EMC3,0.6809190511703491,0.004515113284067504,3,0.7390289757243932,0.04589383925000826,0.08108108108108109
replogle_rpe1,200,string_ppi,FBXO42,-0.4155897299448649,0.0005948676025101115,3,-0.4598244956123904,0.1166190579533577,0.0
replogle_rpe1,200,string_ppi,GEMIN4,0.7880787452061971,0.0009440281343018856,3,0.7977064426610666,0.07868797083695729,0.21212121212121213
replogle_rpe1,200,string_ppi,GFM1,0.15541290740172067,0.0001199159374971977,3,0.30406360159003976,0.15016710758209229,0.025641025641025644
replogle_rpe1,200,string_ppi,GPS2,-0.0544255884985129,0.004783296878191923,3,-0.10312157803945099,0.11077873160441716,0.0346378767431399
replogle_rpe1,200,string_ppi,HAUS3,0.8807565768559774,0.004570473959213382,3,0.8778844471111779,0.08859668423732121,0.48148148148148145
replogle_rpe1,200,string_ppi,HEATR1,0.8909930388132731,0.002327269816677649,3,0.8920203005075128,0.21260101596514383,0.37931034482758613
replogle_rpe1,200,string_ppi,KCNA10,0.30817129214604694,0.000869985869601666,3,0.3428325708142704,0.07990612337986629,0.0346378767431399
replogle_rpe1,200,string_ppi,LIMS1,0.42081205050150555,0.0013409678301217656,3,0.4839315982899573,0.07066675772269566,0.025641025641025644
replogle_rpe1,200,string_ppi,LRRC37A3,-0.20774937172730765,0.0018798358943956065,3,-0.22868871721793047,0.11130720376968384,0.025641025641025644
replogle_rpe1,200,string_ppi,MALSU1,0.09235330671072006,0.0035449536835916243,3,0.11198629965749145,0.1376011222600937,0.0
replogle_rpe1,200,string_ppi,MEN1,0.07606622328360875,0.002583224673636785,3,0.16143353583839598,0.10368791470925014,0.025641025641025644
replogle_rpe1,200,string_ppi,METTL1,0.14050803085168204,0.001279385354116904,3,0.16303957598939975,0.09022992849349976,0.0
replogle_rpe1,200,string_ppi,MRPS31,0.08164125680923462,0.0010662494654282248,3,0.12541763544088605,0.11655892431735992,0.05263157894736842
replogle_rpe1,200,string_ppi,N6AMT1,0.3191468119621277,0.0022717840658786604,3,0.3520928023200581,0.07458865890900294,0.05263157894736842
replogle_rpe1,200,string_ppi,NAA20,0.5451172590255737,0.006485805815667003,3,0.5444471111777794,0.06500671058893204,0.1111111111111111
replogle_rpe1,200,string_ppi,NCOA4,0.13873424132665,0.0024454524630128597,3,0.12493362334058351,0.08815020819505055,0.025641025641025644
replogle_rpe1,200,string_ppi,NDUFA4,-0.1702565203110377,0.002203093502701338,3,-0.1395594889872247,0.1053712045152982,0.025641025641025644
replogle_rpe1,200,string_ppi,NDUFS5,0.09131877372662227,0.0010774526957544918,3,0.07302832570814272,0.09331284215052922,0.025641025641025644
replogle_rpe1,200,string_ppi,NOLC1,0.9163680076599121,0.004181632639646334,3,0.9110842771069279,0.18509599069754282,0.6
replogle_rpe1,200,string_ppi,NOMO3,0.8055507938067118,0.004268066421480894,3,0.8297417435435888,0.03002690461774667,0.21212121212121213
replogle_rpe1,200,string_ppi,OVCA2,0.5422744750976562,0.0023368764665251266,3,0.5799149978749469,0.06269881501793861,0.043634727845254156
replogle_rpe1,200,string_ppi,PGAM5,-0.10064258178075154,0.0037269220662340943,3,-0.2512197804945124,0.19535271326700845,0.008547008547008546
replogle_rpe1,200,string_ppi,POLR2D,0.574044942855835,0.002534137704883542,3,0.587942198554964,0.05638234689831734,0.16526610644257703
replogle_rpe1,200,string_ppi,POLR3C,0.7610751191775004,0.0007965809322805376,3,0.7842091052276308,0.08609836796919505,0.21212121212121213
replogle_rpe1,200,string_ppi,PPP1R2,0.7866587440172831,0.0017447247736669495,3,0.816714917872947,0.04661121343572935,0.15406162464985995
replogle_rpe1,200,string_ppi,PRC1,0.8251521984736124,0.019042205744435013,3,0.8473746843671094,0.057839433352152504,0.2903225806451613
replogle_rpe1,200,string_ppi,PSTK,0.8630499442418417,0.00046664332248996576,3,0.8703737593439836,0.027839453890919685,0.37931034482758613
replogle_rpe1,200,string_ppi,RRP12,0.9380708336830139,0.0036474503770324287,3,0.9404355108877723,0.2614194651444753,0.37931034482758613
replogle_rpe1,200,string_ppi,RUVBL2,0.8977226217587789,0.0008411088625707998,3,0.9154073851846297,0.3287017047405243,0.3486590038314176
replogle_rpe1,200,string_ppi,SERBP1,0.0006050746887922287,0.0019519515623209376,3,-0.00012350308757718957,0.11721483121315639,0.0
replogle_rpe1,200,string_ppi,SETD5,0.7243355512619019,0.0004535479217776132,3,0.7705152628815721,0.04331671198209127,0.23737373737373738
replogle_rpe1,200,string_ppi,SRCAP,0.12581516802310944,0.000984412219144127,3,0.15427035675891898,0.09256390978892644,0.0346378767431399
replogle_rpe1,200,string_ppi,SRSF11,-0.05325012529889742,0.004940507037545215,3,-0.04404960124003101,0.10474992295106252,0.025641025641025644
replogle_rpe1,200,string_ppi,TAZ,0.5271948377291361,0.001700371535257638,3,0.591902297557439,0.06076192483305931,0.0
replogle_rpe1,200,string_ppi,TFAM,-0.06667351226011912,0.0027200365183042913,3,-0.13613540338508465,0.3602102796236674,0.0
replogle_rpe1,200,string_ppi,TRMT112,0.9175229867299398,0.0014640875055874328,3,0.9215645391134779,0.2613221009572347,0.48148148148148145
replogle_rpe1,200,string_ppi,TRNT1,0.637864887714386,0.0033851857246779502,3,0.7128013200330009,0.1888298193613688,0.17647058823529413
replogle_rpe1,200,string_ppi,TSSK3,0.4104968110720317,0.010681013388908225,3,0.43627390684767126,0.07289277762174606,0.1111111111111111
replogle_rpe1,200,string_ppi,TVP23C,-0.2739819586277008,0.0017354426832985978,3,-0.3077831945798645,0.11649344613154729,0.0346378767431399
replogle_rpe1,200,string_ppi,VPS35,0.8946553866068522,0.0014822207966747592,3,0.9109062726568166,0.08422955373922984,0.29121863799283154
replogle_rpe1,200,string_ppi,WBP1,-0.3493957320849101,0.0026657375306991,3,-0.3585534638365959,0.13722343246142069,0.05263157894736842
replogle_rpe1,500,combined,ACTB,-0.1800417552391688,0.01225018457208211,3,-0.4970339561358245,0.2574400504430135,0.025641025641025644
replogle_rpe1,500,combined,ADRM1,0.5804576277732849,0.002173535360289642,3,0.6297739430957724,0.0497715858121713,0.0
replogle_rpe1,500,combined,ALG2,0.7129769126574198,0.0011618274969534441,3,0.8135686622746491,0.07484679420789082,0.1111111111111111
replogle_rpe1,500,combined,CAMLG,0.31359395384788513,0.0011745082941849825,3,0.32325361301445205,0.06461341430743535,0.0
replogle_rpe1,500,combined,CCDC6,-0.2620848019917806,0.006143219399043804,3,-0.4847243388973556,0.13267384469509125,0.0
replogle_rpe1,500,combined,CCDC78,0.17480434477329254,0.0010978303142581557,3,0.21273726694906778,0.08332882324854533,0.0
replogle_rpe1,500,combined,DDN,-0.20333812137444815,0.0006796789830178358,3,-0.2448460353841415,0.08795037120580673,0.0
replogle_rpe1,500,combined,DDX46,0.8630666931470236,0.0011302668222097961,3,0.8741614166456665,0.018893621861934662,0.27688172043010756
replogle_rpe1,500,combined,EMC3,0.6521347761154175,0.0035543946797093147,3,0.6924841779367118,0.039748966693878174,0.0
replogle_rpe1,500,combined,FBXO42,-0.36860206723213196,0.0012555806445648046,3,-0.42927403709614836,0.09977212051550548,0.0
replogle_rpe1,500,combined,GEMIN4,0.7869812250137329,0.0019026443911621972,3,0.8091141164564656,0.07099604854981105,0.09109109109109109
replogle_rpe1,500,combined,GFM1,0.18785986800988516,0.0045288203359755645,3,0.38290937163748656,0.09448719769716263,0.0
replogle_rpe1,500,combined,GPS2,-0.08778030673662822,0.002130149118420936,3,-0.14963016652066607,0.0916696588198344,0.025641025641025644
replogle_rpe1,500,combined,HAUS3,0.86126309633255,0.0036884864755274685,3,0.8521793127172508,0.06790449470281601,0.42857142857142855
replogle_rpe1,500,combined,HEATR1,0.8505024115244547,0.0020342201354534655,3,0.8626358665434662,0.1679532527923584,0.26344086021505375
replogle_rpe1,500,combined,KCNA10,0.2040830453236898,0.0030948029376683677,3,0.2139137516550066,0.07118250677982967,0.0
replogle_rpe1,500,combined,LIMS1,0.2631102502346039,0.002893600390762772,3,0.29715680462721844,0.07158850381771724,0.0
replogle_rpe1,500,combined,LRRC37A3,-0.2771375775337219,0.0024540694232642302,3,-0.3067757551030204,0.10202925900618236,0.0
replogle_rpe1,500,combined,MALSU1,0.0900639146566391,0.0021189435422100246,3,0.09287349149396597,0.09752188622951508,0.0
replogle_rpe1,500,combined,MEN1,0.13045562307039896,0.0009329553150476665,3,0.19927532510130042,0.08817417671283086,0.025641025641025644
replogle_rpe1,500,combined,METTL1,0.18776215116182962,0.0022123882772759804,3,0.21344808579234317,0.07239655901988347,0.0
replogle_rpe1,500,combined,MRPS31,0.051757452388604484,0.0005126866883466071,3,0.048677442709770834,0.09163359552621841,0.0
replogle_rpe1,500,combined,N6AMT1,0.2776849567890167,0.0014291058320589625,3,0.2999296797187188,0.0697933758298556,0.0
replogle_rpe1,500,combined,NAA20,0.5137959122657776,0.0018943625535360617,3,0.5217832711330845,0.055523509780565895,0.05263157894736842
replogle_rpe1,500,combined,NCOA4,0.10004004091024399,0.0008033927401461929,3,0.09407359229436918,0.07821265359719594,0.0
replogle_rpe1,500,combined,NDUFA4,-0.057737896839777626,0.003305771208286466,3,-0.06526749306997227,0.08609664936860402,0.0
replogle_rpe1,500,combined,NDUFS5,0.16190755863984427,0.0007609468586588768,3,0.14900283601134404,0.07512130339940389,0.05263157894736842
replogle_rpe1,500,combined,NOLC1,0.8884492516517639,0.0012323427573963529,3,0.8900283601134404,0.12875338892141977,0.42857142857142855
replogle_rpe1,500,combined,NOMO3,0.7235412001609802,0.002900879350055467,3,0.7577252389009556,0.032675329595804214,0.14285714285714285
replogle_rpe1,500,combined,OVCA2,0.4116269846757253,0.0012873059944132426,3,0.41507391629566515,0.06326181441545486,0.008547008547008546
replogle_rpe1,500,combined,PGAM5,-0.07964642594257991,0.00510823528358295,3,-0.1787010348041392,0.13721425334612528,0.0
replogle_rpe1,500,combined,POLR2D,0.5944941838582357,0.0020505542001591085,3,0.6037986391945567,0.04820111269752184,0.043634727845254156
replogle_rpe1,500,combined,POLR3C,0.7609314123789469,0.000857731768722964,3,0.7996666866667467,0.07032078504562378,0.16526610644257703
replogle_rpe1,500,combined,PPP1R2,0.7683016856511434,0.0024053645798848763,3,0.7998994235976943,0.039239256332317986,0.08108108108108109
replogle_rpe1,500,combined,PRC1,0.8161983291308085,0.02451214936592575,3,0.8314425897703591,0.04367883255084356,0.16526610644257703
replogle_rpe1,500,combined,PSTK,0.8294114669164022,0.0014712711734358463,3,0.8341532886131544,0.027128394693136215,0.25
replogle_rpe1,500,combined,RRP12,0.9139185150464376,0.003064981476711353,3,0.9176524066096263,0.18844356139500937,0.30465949820788535
replogle_rpe1,500,combined,RUVBL2,0.8875457644462585,0.0014145021480512,3,0.9186235464941861,0.2644280195236206,0.21212121212121213
replogle_rpe1,500,combined,SERBP1,0.020218078667918842,0.0013132702664678676,3,0.000572194288777155,0.09931353479623795,0.0
replogle_rpe1,500,combined,SETD5,0.7092279394467672,0.0007197280733042883,3,0.7400723682894731,0.03685440247257551,0.17647058823529413
replogle_rpe1,500,combined,SRCAP,0.1332177370786667,0.0006728276005964684,3,0.16027235308941234,0.08372093737125397,0.025641025641025644
replogle_rpe1,500,combined,SRSF11,0.0528888205687205,0.0018237101455886758,3,0.06954661418645675,0.0863604669769605,0.0
replogle_rpe1,500,combined,TAZ,0.5340177218119303,0.0013473799803648543,3,0.5797948631794527,0.05497369666894277,0.0
replogle_rpe1,500,combined,TFAM,-0.030396427338322003,0.008756157919647694,3,-0.24510117240468962,0.19342608253161112,0.017094017094017092
replogle_rpe1,500,combined,TRMT112,0.8949283162752787,0.0014842166482758102,3,0.9005587062348249,0.18285733461380005,0.3486590038314176
replogle_rpe1,500,combined,TRNT1,0.6563530564308167,0.002621951205429698,3,0.7512647010588042,0.1493087261915207,0.08108108108108109
replogle_rpe1,500,combined,TSSK3,0.3293401102224986,0.0026662163319724295,3,0.34379155116620463,0.06773667285839717,0.0
replogle_rpe1,500,combined,TVP23C,-0.23548506200313568,0.0007219227004813857,3,-0.25356965427861705,0.09770170350869496,0.025641025641025644
replogle_rpe1,500,combined,VPS35,0.861064076423645,0.005999083038011229,3,0.8770978443913776,0.06144014621774355,0.17647058823529413
replogle_rpe1,500,combined,WBP1,-0.28628018498420715,0.0024499932727057583,3,-0.297438469753879,0.11945429692665736,0.025641025641025644
replogle_rpe1,500,gene_ontology,ACTB,-0.1388305500149727,0.01762333591990587,2,-0.5035967983871935,0.26115164160728455,0.02564102564102564
replogle_rpe1,500,gene_ontology,ADRM1,0.5801383852958679,0.0011300413022740908,2,0.6280791043164171,0.04829695075750351,0.0
replogle_rpe1,500,gene_ontology,ALG2,0.7102529406547546,0.0022443196832051073,2,0.8107662510650042,0.07493386045098305,0.1111111111111111
replogle_rpe1,500,gene_ontology,CAMLG,0.31504468619823456,0.0006634546158342384,2,0.3242687050748203,0.06406967714428902,0.0
replogle_rpe1,500,gene_ontology,CCDC6,-0.25962066650390625,0.006837525380770849,2,-0.483128124512498,0.13271847367286682,0.0
replogle_rpe1,500,gene_ontology,CCDC78,0.17384468019008636,0.0007739215057812916,2,0.21208860835443344,0.0830707885324955,0.0
replogle_rpe1,500,gene_ontology,DDN,-0.20328857004642487,0.0012050205457749712,2,-0.24439504158016628,0.08999650180339813,0.0
replogle_rpe1,500,gene_ontology,DDX46,0.8661390841007233,0.00027694694156508466,2,0.8764316657266629,0.017786717973649502,0.25
replogle_rpe1,500,gene_ontology,EMC3,0.6486144661903381,0.0027912171894824683,2,0.687127356509426,0.040444910526275635,0.0
replogle_rpe1,500,gene_ontology,FBXO42,-0.3666452169418335,0.0004561553414334061,2,-0.42969925479701915,0.09962575882673264,0.0
replogle_rpe1,500,gene_ontology,GEMIN4,0.7893064916133881,0.00012547116801693152,2,0.8115949263797054,0.07112957537174225,0.0960960960960961
replogle_rpe1,500,gene_ontology,GFM1,0.18835876882076263,0.012353725987300916,2,0.38158727034908135,0.09083100035786629,0.0
replogle_rpe1,500,gene_ontology,GPS2,-0.09502856060862541,0.0005631819948707577,2,-0.15074412297649187,0.09262485802173615,0.02564102564102564
replogle_rpe1,500,gene_ontology,HAUS3,0.8579807281494141,0.0012963527664980787,2,0.850807675230701,0.0690925307571888,0.42857142857142855
replogle_rpe1,500,gene_ontology,HEATR1,0.8491179347038269,0.0007239985637201376,2,0.861250549002196,0.1700429692864418,0.25
replogle_rpe1,500,gene_ontology,KCNA10,0.1993275061249733,1.8470856359899308e-05,2,0.20966872667490666,0.07119520381093025,0.0
replogle_rpe1,500,gene_ontology,LIMS1,0.26068346202373505,0.0016418515571661324,2,0.29441685766743064,0.0707952044904232,0.0
replogle_rpe1,500,gene_ontology,LRRC37A3,-0.27752329409122467,0.0023483170319057384,2,-0.3062690650762603,0.10260244086384773,0.0
replogle_rpe1,500,gene_ontology,MALSU1,0.10616753995418549,0.003599951992133758,2,0.09799075996303985,0.0954265296459198,0.0
replogle_rpe1,500,gene_ontology,MEN1,0.13175959885120392,0.001761759341179626,2,0.19737851751407004,0.08670458197593689,0.02564102564102564
replogle_rpe1,500,gene_ontology,METTL1,0.19211380183696747,0.0014183889663613722,2,0.2155815343261373,0.07491790875792503,0.0
replogle_rpe1,500,gene_ontology,MRPS31,0.06065306439995766,0.003254511153382407,2,0.051012636050544194,0.09442713111639023,0.0
replogle_rpe1,500,gene_ontology,N6AMT1,0.2755464017391205,0.0004838036740565526,2,0.2989586358345433,0.06949063390493393,0.0
replogle_rpe1,500,gene_ontology,NAA20,0.5104073882102966,0.004380321965737217,2,0.5188853875415501,0.05583931319415569,0.05263157894736842
replogle_rpe1,500,gene_ontology,NCOA4,0.09813370555639267,0.000816816460853254,2,0.0934186936747747,0.07807746529579163,0.0
replogle_rpe1,500,gene_ontology,NDUFA4,-0.054832084104418755,5.057885239110477e-05,2,-0.06434574538298152,0.08723442628979683,0.0
replogle_rpe1,500,gene_ontology,NDUFS5,0.161138616502285,0.00038095482697784343,2,0.14672607490429962,0.0752759650349617,0.039136302294197026
replogle_rpe1,500,gene_ontology,NOLC1,0.885370671749115,0.0017700833437605276,2,0.8881666566666266,0.13010243326425552,0.42857142857142855
replogle_rpe1,500,gene_ontology,NOMO3,0.718990296125412,0.001286701138189084,2,0.7544082656330624,0.03331822343170643,0.14285714285714285
replogle_rpe1,500,gene_ontology,OVCA2,0.4130966514348984,0.0019639377734863846,2,0.4173960375841503,0.0613215584307909,0.01282051282051282
replogle_rpe1,500,gene_ontology,PGAM5,-0.07087090983986855,0.0016253984811786923,2,-0.1710870843483374,0.13674280047416687,0.0
replogle_rpe1,500,gene_ontology,POLR2D,0.5899209380149841,0.0010724687072082096,2,0.6004316657266628,0.04702423885464668,0.02564102564102564
replogle_rpe1,500,gene_ontology,POLR3C,0.7648228108882904,0.001087009369944468,2,0.8016504866019464,0.06919330358505249,0.17647058823529413
replogle_rpe1,500,gene_ontology,PPP1R2,0.7709108889102936,0.00017857619714065803,2,0.8008078432313728,0.0383131243288517,0.08108108108108109
replogle_rpe1,500,gene_ontology,PRC1,0.8283553719520569,0.0007794638163604742,2,0.8276380785523143,0.02774099074304104,0.14285714285714285
replogle_rpe1,500,gene_ontology,PSTK,0.8258492052555084,0.0011106116051105687,2,0.830313321253285,0.02692446392029524,0.25
replogle_rpe1,500,gene_ontology,RRP12,0.9129725694656372,0.000952181601558118,2,0.917309493237973,0.19082454591989517,0.2903225806451613
replogle_rpe1,500,gene_ontology,RUVBL2,0.8897633850574493,0.00013946392172254835,2,0.9194114216456866,0.26094765961170197,0.21212121212121213
replogle_rpe1,500,gene_ontology,SERBP1,0.023922850377857685,0.0010845898774221395,2,0.0029276757107028427,0.09735485538840294,0.0
replogle_rpe1,500,gene_ontology,SETD5,0.7043856084346771,0.0002224089195919878,2,0.7359029284429923,0.03665018454194069,0.17647058823529413
replogle_rpe1,500,gene_ontology,SRCAP,0.13268230855464935,0.0009558483773785657,2,0.1599940479761919,0.08272957429289818,0.02564102564102564
replogle_rpe1,500,gene_ontology,SRSF11,0.05046121962368488,0.00020207569936351336,2,0.06821153684614739,0.08246440067887306,0.0
replogle_rpe1,500,gene_ontology,TAZ,0.5381021797657013,0.002019213365308422,2,0.581315589262357,0.052105220034718513,0.0
replogle_rpe1,500,gene_ontology,TFAM,-0.031234262511134148,0.007909159053542936,2,-0.2442718250873004,0.19210146367549896,0.0
replogle_rpe1,500,gene_ontology,TRMT112,0.8921802341938019,0.0002718050260467556,2,0.897881895527582,0.1827385500073433,0.3333333333333333
replogle_rpe1,500,gene_ontology,TRNT1,0.6641265451908112,0.0002602567895547706,2,0.7561153924615698,0.1470436453819275,0.08108108108108109
replogle_rpe1,500,gene_ontology,TSSK3,0.3285881280899048,0.0013613432069018772,2,0.33883637934551736,0.0662364736199379,0.0
replogle_rpe1,500,gene_ontology,TVP23C,-0.23553722351789474,0.002541381208222016,2,-0.2528371233484934,0.09823544323444366,0.02564102564102564
replogle_rpe1,500,gene_ontology,VPS35,0.8576256334781647,0.0017836124821325246,2,0.8752393409573638,0.06303973868489265,0.17647058823529413
replogle_rpe1,500,gene_ontology,WBP1,-0.28351572155952454,0.0007912227870950137,2,-0.29338696554786214,0.12277661263942719,0.02564102564102564
replogle_rpe1,500,no_graph,ACTB,-0.1620909422636032,0.0007740057994783134,2,-0.5136683426733707,0.2540818452835083,0.02564102564102564
replogle_rpe1,500,no_graph,ADRM1,0.5859288275241852,0.0005073216155256315,2,0.6362051528206112,0.050353001803159714,0.0
replogle_rpe1,500,no_graph,ALG2,0.7016125321388245,0.0005967150812172377,2,0.806621146484586,0.0755871906876564,0.1111111111111111
replogle_rpe1,500,no_graph,CAMLG,0.30565860867500305,0.000830461503058656,2,0.31388923955695824,0.06907680630683899,0.0
replogle_rpe1,500,no_graph,CCDC6,-0.27707521617412567,0.000524412162596799,2,-0.490502394009576,0.13889629393815994,0.0
replogle_rpe1,500,no_graph,CCDC78,0.1710459589958191,0.000552840211917397,2,0.20824950499802,0.0841977670788765,0.0
replogle_rpe1,500,no_graph,DDN,-0.20919103175401688,0.00022145007878836495,2,-0.2509418357673431,0.0905938483774662,0.0
replogle_rpe1,500,no_graph,DDX46,0.8647573590278625,0.00012096145522626587,2,0.8763167532670131,0.019577945582568645,0.25
replogle_rpe1,500,no_graph,EMC3,0.661830723285675,0.004017859068543528,2,0.6990222360889443,0.042146382853388786,0.0
replogle_rpe1,500,no_graph,FBXO42,-0.3710726797580719,2.457161268185122e-05,2,-0.43284216336865344,0.10565831512212753,0.0
replogle_rpe1,500,no_graph,GEMIN4,0.7800827026367188,5.5802427428423695e-05,2,0.8051105324421297,0.07187700644135475,0.08108108108108109
replogle_rpe1,500,no_graph,GFM1,0.16476339101791382,0.00028558704550981793,2,0.3635480301921208,0.09756144136190414,0.0
replogle_rpe1,500,no_graph,GPS2,-0.08929283171892166,0.0011568150877906361,2,-0.14817976071904287,0.0982615239918232,0.02564102564102564
replogle_rpe1,500,no_graph,HAUS3,0.8679149150848389,0.0008356877122740069,2,0.8597016788067151,0.06419108062982559,0.42857142857142855
replogle_rpe1,500,no_graph,HEATR1,0.8616473078727722,0.00018384455320451977,2,0.8723940815763263,0.16071460396051407,0.25
replogle_rpe1,500,no_graph,KCNA10,0.20995520800352097,0.002405415474925872,2,0.22157757431029723,0.07598667591810226,0.0
replogle_rpe1,500,no_graph,LIMS1,0.2673345357179642,1.5025351494133722e-05,2,0.30334964539858156,0.0739692822098732,0.0
replogle_rpe1,500,no_graph,LRRC37A3,-0.28440074622631073,0.00014492193860470912,2,-0.31332163728654916,0.10621358826756477,0.0
replogle_rpe1,500,no_graph,MALSU1,0.0740220658481121,0.00040621659430406054,2,0.08011606446425786,0.10302988439798355,0.0
replogle_rpe1,500,no_graph,MEN1,0.14229550957679749,0.0005948184730342475,2,0.20880837123348492,0.09007420763373375,0.02564102564102564
replogle_rpe1,500,no_graph,METTL1,0.18828070163726807,0.00019859595018333268,2,0.2119950559802239,0.07804252207279205,0.0
replogle_rpe1,500,no_graph,MRPS31,0.04653601348400116,0.000458104633177035,2,0.046216744866979464,0.09866908565163612,0.0
replogle_rpe1,500,no_graph,N6AMT1,0.27945634722709656,0.000339661452149295,2,0.30210375241500964,0.0726102814078331,0.0
replogle_rpe1,500,no_graph,NAA20,0.5246798098087311,0.0004512663070061424,2,0.5295533342133368,0.05680619180202484,0.06685633001422475
replogle_rpe1,500,no_graph,NCOA4,0.09455310180783272,2.6589393054310273e-05,2,0.09042679370717482,0.08260453119874,0.0
replogle_rpe1,500,no_graph,NDUFA4,-0.0669587031006813,0.0008281118162541737,2,-0.0744566498265993,0.09060585126280785,0.0
replogle_rpe1,500,no_graph,NDUFS5,0.15548714250326157,0.0002055607168997579,2,0.14214968859875438,0.08088754490017891,0.05263157894736842
replogle_rpe1,500,no_graph,NOLC1,0.8958930969238281,0.0004724661718071221,2,0.8962481609926438,0.12303539365530014,0.42857142857142855
replogle_rpe1,500,no_graph,NOMO3,0.7284197509288788,0.0003178293846206519,2,0.7619689678758714,0.03441915102303028,0.14285714285714285
replogle_rpe1,500,no_graph,OVCA2,0.4178026020526886,0.00039238715963642345,2,0.42381135924543695,0.06293107755482197,0.0
replogle_rpe1,500,no_graph,PGAM5,-0.10167279094457626,0.0007194361673688334,2,-0.19350514202056807,0.1466323584318161,0.0
replogle_rpe1,500,no_graph,POLR2D,0.5988083779811859,8.850838187287746e-07,2,0.6063282493129971,0.048904724419116974,0.05263157894736842
replogle_rpe1,500,no_graph,POLR3C,0.7496896982192993,0.0019041946157221923,2,0.7912674210696842,0.07167428731918335,0.19429590017825313
replogle_rpe1,500,no_graph,PPP1R2,0.7697516977787018,0.00041645301013614394,2,0.8007935391741567,0.039270684123039246,0.08108108108108109
replogle_rpe1,500,no_graph,PRC1,0.8638873398303986,0.0009546682656202607,2,0.859877743510974,0.02171392273157835,0.12698412698412698
replogle_rpe1,500,no_graph,PSTK,0.8328239917755127,1.9050375526924104e-05,2,0.8375124380497522,0.029175822623074055,0.25
replogle_rpe1,500,no_graph,RRP12,0.9263254106044769,0.0001842238748411178,2,0.9287741470965882,0.17949426919221878,0.2903225806451613
replogle_rpe1,500,no_graph,RUVBL2,0.8913663625717163,5.630818961055443e-05,2,0.9231119964479858,0.25428879261016846,0.21212121212121213
replogle_rpe1,500,no_graph,SERBP1,0.016691099852323532,0.0004059900549933145,2,-0.0035775983103932415,0.10306921601295471,0.0
replogle_rpe1,500,no_graph,SETD5,0.7058291137218475,0.0009387367568831428,2,0.7373523574094296,0.038145216181874275,0.17647058823529413
replogle_rpe1,500,no_graph,SRCAP,0.12528213113546371,5.273624419925616e-05,2,0.15440394561578247,0.0873769223690033,0.02564102564102564
replogle_rpe1,500,no_graph,SRSF11,0.04643803834915161,0.00014471120436215467,2,0.06111571646286585,0.08825701847672462,0.0
replogle_rpe1,500,no_graph,TAZ,0.5322543978691101,0.00011758970734539435,2,0.5803537614150457,0.05713300220668316,0.0
replogle_rpe1,500,no_graph,TFAM,-0.03966960683465004,6.615474709391205e-05,2,-0.25314206856827426,0.1991007700562477,0.02564102564102564
replogle_rpe1,500,no_graph,TRMT112,0.9045319557189941,0.00028339540938725145,2,0.9098969195876783,0.17397435754537582,0.3333333333333333
replogle_rpe1,500,no_graph,TRNT1,0.6379097104072571,0.00016698581380016216,2,0.7373944535778143,0.15266036987304688,0.08108108108108109
replogle_rpe1,500,no_graph,TSSK3,0.3399379551410675,0.0012563554072612402,2,0.35012938451753806,0.07019199430942535,0.0
replogle_rpe1,500,no_graph,TVP23C,-0.23134972900152206,0.0003785103097642116,2,-0.25064922659690636,0.10363627225160599,0.02564102564102564
replogle_rpe1,500,no_graph,VPS35,0.8748889863491058,0.0004519406565823167,2,0.8904969699878799,0.05717943422496319,0.17647058823529413
replogle_rpe1,500,no_graph,WBP1,-0.29045993089675903,9.289165411801045e-05,2,-0.301567302269209,0.12166932970285416,0.02564102564102564
replogle_rpe1,500,random,ACTB,-0.08320918679237366,0.08795573999961659,3,-0.42898792395169577,0.6021360754966736,0.0346378767431399
replogle_rpe1,500,random,ADRM1,0.5710154374440511,0.002296636734480221,3,0.6190009400037599,0.047224843253691993,0.0
replogle_rpe1,500,random,ALG2,0.7132055163383484,0.0008292417518374359,3,0.8070208600834402,0.07449124505122502,0.1111111111111111
replogle_rpe1,500,random,CAMLG,0.3206508656342824,0.0002850614029763244,3,0.32864061056244226,0.05742143218715986,0.0
replogle_rpe1,500,random,CCDC6,-0.24078070123990378,8.403359386852823e-05,3,-0.47792472769891076,0.2287923792997996,0.0
replogle_rpe1,500,random,CCDC78,0.17413956920305887,0.0004919649529673778,3,0.2135392541570166,0.2903969772160053,0.008547008547008546
replogle_rpe1,500,random,DDN,-0.20424663523832956,0.0015348379807863053,3,-0.24511650046600186,0.22049834579229355,0.0
replogle_rpe1,500,random,DDX46,0.8613502581914266,0.0010551569532430336,3,0.8701669686678747,0.08648339969416459,0.27688172043010756
replogle_rpe1,500,random,EMC3,0.6393030087153116,0.001587192906800498,3,0.6790736282945131,0.4209371358156204,0.017094017094017092
replogle_rpe1,500,random,FBXO42,-0.3660483757654826,0.0020712537613848934,3,-0.42609719238876953,0.1581484079360962,0.0
replogle_rpe1,500,random,GEMIN4,0.7879850069681803,0.00279328836913186,3,0.8092743730974923,1.8545961553851764,0.12169312169312169
replogle_rpe1,500,random,GFM1,0.20255113144715628,0.0034389371332231512,3,0.3921506246024984,0.10052010416984558,0.0
replogle_rpe1,500,random,GPS2,-0.0852970580259959,0.004733304151108742,3,-0.13975502302009207,0.18798213452100754,0.017094017094017092
replogle_rpe1,500,random,HAUS3,0.8504219452540079,0.00026352386602013786,3,0.841443141772567,0.07665767272313435,0.46520146520146516
replogle_rpe1,500,random,HEATR1,0.8430741826693217,0.00012254895189305724,3,0.8550514202056808,0.17793343464533487,0.26344086021505375
replogle_rpe1,500,random,KCNA10,0.19354084134101868,0.0039711383610515245,3,0.20491441965767865,0.07493670657277107,0.0
replogle_rpe1,500,random,LIMS1,0.2533726692199707,0.0015356724045711017,3,0.28213575254301015,0.7614444519082705,0.0
replogle_rpe1,500,random,LRRC37A3,-0.26826796929041546,0.0008977033230666666,3,-0.29758352633410534,0.2511978844801585,0.0
replogle_rpe1,500,random,MALSU1,0.11308917154868443,0.0018262357527660837,3,0.10501005204020815,0.1935102865099907,0.0
replogle_rpe1,500,random,MEN1,0.130654439330101,0.002014470117353205,3,0.19295414781659126,0.11203448971112569,0.017094017094017092
replogle_rpe1,500,random,METTL1,0.19495147466659546,0.0006638034311134636,3,0.21893559574238294,0.6415603160858154,0.0
replogle_rpe1,500,random,MRPS31,0.08182804783185323,0.00014975703517501783,3,0.06092177968711874,0.21636269986629486,0.017094017094017092
replogle_rpe1,500,random,N6AMT1,0.2758437792460124,0.0004352177099839279,3,0.2977665030660122,0.10054211070140202,0.0
replogle_rpe1,500,random,NAA20,0.4985208908716838,0.0039047194795695066,3,0.5117454069816278,0.41615282868345577,0.017543859649122806
replogle_rpe1,500,random,NCOA4,0.09803263594706853,0.0032569716024217665,3,0.09386008744034975,0.08548334985971451,0.0
replogle_rpe1,500,random,NDUFA4,-0.051864386846621834,0.0018641242604363472,3,-0.06031441725766903,0.07930275797843933,0.0
replogle_rpe1,500,random,NDUFS5,0.15896038711071014,0.0014874847351948265,3,0.1469566838267353,0.06972750027974446,0.05263157894736842
replogle_rpe1,500,random,NOLC1,0.8790450493494669,0.00023816761825727406,3,0.881560454241817,0.13966248432795206,0.42857142857142855
replogle_rpe1,500,random,NOMO3,0.7117896874745687,0.0020945293810356986,3,0.7461101524406097,0.05023768420020739,0.13227513227513227
replogle_rpe1,500,random,OVCA2,0.40734249353408813,0.0009386261548647398,3,0.40750105400421593,0.5674768288930258,0.017094017094017092
replogle_rpe1,500,random,PGAM5,-0.06207479660709699,0.0005471925113194571,3,-0.16290509962039845,0.20301911731561026,0.0
replogle_rpe1,500,random,POLR2D,0.5847365061442057,0.0008494301870840454,3,0.5953496453985815,0.6120012303193411,0.043634727845254156
replogle_rpe1,500,random,POLR3C,0.76584525903066,0.00026757749458452504,3,0.8029210996843986,0.9431290005644163,0.14285714285714285
replogle_rpe1,500,random,PPP1R2,0.764102836449941,0.0011035157418128028,3,0.7956419665678661,0.03884910667936007,0.08108108108108109
replogle_rpe1,500,random,PRC1,0.6416214009126028,0.3196073762267237,3,0.7689097316389265,1.014700325826804,0.13227513227513227
replogle_rpe1,500,random,PSTK,0.8208110133806864,0.0015892462055172112,3,0.8254703738814956,0.16015206401546797,0.17158426368952684
replogle_rpe1,500,random,RRP12,0.9030587871869405,0.0009195238325372117,3,0.9067884271537086,0.15839079022407532,0.21212121212121213
replogle_rpe1,500,random,RUVBL2,0.8827467560768127,0.002960701134454859,3,0.9112373729494917,0.3176095436016719,0.15895800106326421
replogle_rpe1,500,random,SERBP1,0.026830118770400684,0.0002761237242020709,3,0.006752059008236032,0.23333978901306787,0.008547008547008546
replogle_rpe1,500,random,SETD5,0.7024566332499186,0.0015705691595051176,3,0.7350551962207849,0.03378455278774103,0.18835412953060013
replogle_rpe1,500,random,SRCAP,0.13726903001467386,0.0004900190229174673,3,0.16284698738794953,0.07647308210531871,0.025641025641025644
replogle_rpe1,500,random,SRSF11,0.05626029148697853,0.0002885631344201438,3,0.07548670194680779,0.5610745400190353,0.0
replogle_rpe1,500,random,TAZ,0.5408269166946411,0.00140723881176832,3,0.5835230380921524,0.3211320713162422,0.0
replogle_rpe1,500,random,TFAM,0.001044662669301033,0.005690427654810517,3,-0.23740990963963857,0.25128226975599927,0.008547008547008546
replogle_rpe1,500,random,TRMT112,0.8832302093505859,0.002013137995250656,3,0.8882957771831088,0.3302701612313588,0.30465949820788535
replogle_rpe1,500,random,TRNT1,0.6629777948061625,0.005479581973489598,3,0.7541431765727062,0.17208790282408395,0.06211474632527264
replogle_rpe1,500,random,TSSK3,0.32017863790194195,0.008802358750329782,3,0.3302779931119724,0.37411728501319885,0.008547008547008546
replogle_rpe1,500,random,TVP23C,-0.2295389622449875,0.00010615956724153936,3,-0.24561746246984986,0.31791694710652035,0.017094017094017092
replogle_rpe1,500,random,VPS35,0.8468858997027079,0.0002896289621884652,3,0.863935359741439,0.06357462455828984,0.17647058823529413
replogle_rpe1,500,random,WBP1,-0.28529975811640423,0.0010946751273299203,3,-0.2967754911019644,1.3534616803129513,0.025641025641025644
replogle_rpe1,500,string_ppi,ACTB,-0.03270552307367325,0.01738558019156295,3,-0.5043888655554621,0.2335210939248403,0.05263157894736842
replogle_rpe1,500,string_ppi,ADRM1,0.5837393999099731,0.0015644455946607085,3,0.6318391353565415,0.0469075342019399,0.0
replogle_rpe1,500,string_ppi,ALG2,0.7114547689755758,0.0012412720100440004,3,0.8113803655214621,0.07501424352327983,0.1111111111111111
replogle_rpe1,500,string_ppi,CAMLG,0.3156912525494893,0.0008568824889713659,3,0.3270111960447842,0.0631977766752243,0.0
replogle_rpe1,500,string_ppi,CCDC6,-0.27841195464134216,0.005025331222524153,3,-0.4893445173780695,0.1305831571420034,0.0
replogle_rpe1,500,string_ppi,CCDC78,0.17524604499340057,0.001266621335700397,3,0.2151498525994104,0.07750020424524943,0.0
replogle_rpe1,500,string_ppi,DDN,-0.20493715008099875,0.0011227758913169947,3,-0.2435509262037048,0.08407718936602275,0.0
replogle_rpe1,500,string_ppi,DDX46,0.8674754897753397,0.0008979033736769669,3,0.8769076996307984,0.01730045552055041,0.26344086021505375
replogle_rpe1,500,string_ppi,EMC3,0.6476281682650248,0.0012473634695150627,3,0.6879643838575354,0.039156414568424225,0.008547008547008546
replogle_rpe1,500,string_ppi,FBXO42,-0.364671528339386,0.0013696067063924363,3,-0.4271738046952187,0.09430247048536937,0.0
replogle_rpe1,500,string_ppi,GEMIN4,0.7923910617828369,0.0005014389237462394,3,0.8145105220420881,0.07134523242712021,0.08108108108108109
replogle_rpe1,500,string_ppi,GFM1,0.18510496616363525,0.004477131537634092,3,0.3841569926279705,0.09030442436536153,0.0
replogle_rpe1,500,string_ppi,GPS2,-0.08874030907948811,0.002620967186173098,3,-0.14651626606506427,0.09232915937900543,0.025641025641025644
replogle_rpe1,500,string_ppi,HAUS3,0.863820493221283,0.001501115037473641,3,0.8543677054708217,0.06985962142546971,0.42857142857142855
replogle_rpe1,500,string_ppi,HEATR1,0.8493896722793579,0.00126367993925038,3,0.8625194500778003,0.17089302837848663,0.25
replogle_rpe1,500,string_ppi,KCNA10,0.20163785417874655,0.0007134739345576797,3,0.21236411345645378,0.07113136351108551,0.0
replogle_rpe1,500,string_ppi,LIMS1,0.2624327937761943,0.0012843762629252465,3,0.2942622010488042,0.06580742945273717,0.0
replogle_rpe1,500,string_ppi,LRRC37A3,-0.2815528412659963,0.001487240405811891,3,-0.30943339773359096,0.0988301436106364,0.0
replogle_rpe1,500,string_ppi,MALSU1,0.10197033236424129,0.006153024964968048,3,0.10017227268909075,0.09480916957060496,0.0
replogle_rpe1,500,string_ppi,MEN1,0.13266068696975708,0.0014638001838377772,3,0.19720894883579532,0.0859212800860405,0.025641025641025644
replogle_rpe1,500,string_ppi,METTL1,0.19159553945064545,0.0007685478951283455,3,0.21631449725798904,0.07156475633382797,0.0
replogle_rpe1,500,string_ppi,MRPS31,0.06244906162222227,0.0024984307406277066,3,0.05397215188860755,0.09035688141981761,0.0
replogle_rpe1,500,string_ppi,N6AMT1,0.2759307126204173,0.0005967642532433226,3,0.29916650866603467,0.0670384814341863,0.0
replogle_rpe1,500,string_ppi,NAA20,0.5114806294441223,0.004168248257733357,3,0.5218053832215328,0.0546926644941171,0.05263157894736842
replogle_rpe1,500,string_ppi,NCOA4,0.09693577885627747,0.0011235364815242823,3,0.09268654674618698,0.07624803235133489,0.0
replogle_rpe1,500,string_ppi,NDUFA4,-0.05445779487490654,0.0015382533863214456,3,-0.06595751183004732,0.08259923507769902,0.0
replogle_rpe1,500,string_ppi,NDUFS5,0.1634658674399058,0.0007201859227012165,3,0.15067641070564283,0.07162890334924062,0.05263157894736842
replogle_rpe1,500,string_ppi,NOLC1,0.8871909777323405,0.0014943676834687448,3,0.8899932559730237,0.13181114693482718,0.4462081128747795
replogle_rpe1,500,string_ppi,NOMO3,0.7202267249425253,0.003831347563928246,3,0.7560621922487689,0.03161682250599066,0.14285714285714285
replogle_rpe1,500,string_ppi,OVCA2,0.4114103615283966,0.0016002059440757186,3,0.4147921231684926,0.05963812147577604,0.0
replogle_rpe1,500,string_ppi,PGAM5,-0.0803815945982933,0.0017069545934945752,3,-0.17559254237016944,0.13670450448989868,0.0
replogle_rpe1,500,string_ppi,POLR2D,0.5899587074915568,0.0009384283260011327,3,0.6017393029572117,0.04580353448788325,0.05263157894736842
replogle_rpe1,500,string_ppi,POLR3C,0.7607948780059814,0.0010780532006803268,3,0.7995907503630014,0.07047881931066513,0.17647058823529413
replogle_rpe1,500,string_ppi,PPP1R2,0.7672268748283386,0.0003822730916427919,3,0.7982416569666279,0.03880622610449791,0.09109109109109109
replogle_rpe1,500,string_ppi,PRC1,0.8340321183204651,0.0010931089058036228,3,0.8324574738298952,0.02550083522995313,0.14285714285714285
replogle_rpe1,500,string_ppi,PSTK,0.8275739947954813,0.0015328150759978784,3,0.832691746766987,0.02607702650129795,0.27688172043010756
replogle_rpe1,500,string_ppi,RRP12,0.9109060565630595,0.0021313768090933383,3,0.9145759463037852,0.19317312041918436,0.2903225806451613
replogle_rpe1,500,string_ppi,RUVBL2,0.8899126648902893,0.0008096732264923894,3,0.9191897567590269,0.26851825912793476,0.21212121212121213
replogle_rpe1,500,string_ppi,SERBP1,0.020078207055727642,0.0012209104856436826,3,0.001135684542738171,0.0966509481271108,0.0
replogle_rpe1,500,string_ppi,SETD5,0.7076730529467264,0.0003226199632217944,3,0.7383734494937979,0.035699439545472465,0.17647058823529413
replogle_rpe1,500,string_ppi,SRCAP,0.13483000298341116,0.0005556333309616897,3,0.16084054736218945,0.07957761238018672,0.025641025641025644
replogle_rpe1,500,string_ppi,SRSF11,0.05256428197026253,0.0012203524205993902,3,0.07064313057252229,0.08193623274564743,0.0
replogle_rpe1,500,string_ppi,TAZ,0.5387823581695557,0.0017351710534324867,3,0.5830275481101924,0.05143247420589129,0.0
replogle_rpe1,500,string_ppi,TFAM,-0.04287864143649737,0.0010547398431045953,3,-0.24704626818507272,0.18998589118321738,0.008547008547008546
replogle_rpe1,500,string_ppi,TRMT112,0.8949260115623474,0.0023437409250746132,3,0.8993855175420702,0.18656877676645914,0.3486590038314176
replogle_rpe1,500,string_ppi,TRNT1,0.6600196162859598,0.0026520912327943377,3,0.753190052760211,0.14924852550029755,0.08108108108108109
replogle_rpe1,500,string_ppi,TSSK3,0.32944122950236004,0.002374439777803739,3,0.3390902843611374,0.06542138755321503,0.0
replogle_rpe1,500,string_ppi,TVP23C,-0.23309491574764252,0.0010111572698319863,3,-0.25023421693686776,0.09505453457434972,0.025641025641025644
replogle_rpe1,500,string_ppi,VPS35,0.8552297552426656,0.0019568781258293773,3,0.8717665590662361,0.063398993263642,0.20023767082590613
replogle_rpe1,500,string_ppi,WBP1,-0.28718705972035724,0.0015423933795239257,3,-0.2983259316899216,0.11426138629515965,0.025641025641025644
replogle_rpe1,1000,combined,ACTB,-0.2643590172131856,0.008963136856917386,3,-0.5086165566165567,0.19262399276097616,0.0346378767431399
replogle_rpe1,1000,combined,ADRM1,0.5191469788551331,0.0007445085621102056,3,0.5487137887137888,0.041999140133460365,0.0
replogle_rpe1,1000,combined,ALG2,0.6874491373697916,0.0006202355926573332,3,0.7627477347477347,0.06257898733019829,0.08108108108108109
replogle_rpe1,1000,combined,CAMLG,0.27834080656369525,0.0022909229705276465,3,0.27501207101207104,0.05369063342610995,0.0
replogle_rpe1,1000,combined,CCDC6,-0.278002808491389,0.004123045822775163,3,-0.4974311294311295,0.0946726327141126,0.0
replogle_rpe1,1000,combined,CCDC78,0.16715339322884878,0.000750404872535408,3,0.2146657106657107,0.06118942176302274,0.0
replogle_rpe1,1000,combined,DDN,-0.17894326150417328,0.0009842797148056808,3,-0.20891128891128893,0.06484986593325932,0.0
replogle_rpe1,1000,combined,DDX46,0.8327423334121704,0.00014848941857505046,3,0.8354835194835196,0.01636796227345864,0.21212121212121213
replogle_rpe1,1000,combined,EMC3,0.6110320289929708,0.0006523474490057455,3,0.6364488164488166,0.03343303749958674,0.0
replogle_rpe1,1000,combined,FBXO42,-0.37470918893814087,0.0007352467826437565,3,-0.44364646364646365,0.07393630842367808,0.0
replogle_rpe1,1000,combined,GEMIN4,0.7587462067604065,0.0004506065298091938,3,0.775867715867716,0.06178140640258789,0.08108108108108109
replogle_rpe1,1000,combined,GFM1,0.22491958737373352,0.0028120866379555834,3,0.40829533229533227,0.060493793338537216,0.0
replogle_rpe1,1000,combined,GPS2,-0.056449922422568,0.0005640363304876664,3,-0.09142375542375543,0.06846812119086583,0.025641025641025644
replogle_rpe1,1000,combined,HAUS3,0.8398285706837972,0.0014875922290461167,3,0.8182912062912063,0.05416541422406832,0.4462081128747795
replogle_rpe1,1000,combined,HEATR1,0.8187122146288554,0.001379527079402082,3,0.8298696098696099,0.13556227584679922,0.21212121212121213
replogle_rpe1,1000,combined,KCNA10,0.20100675026575723,0.00044115142030830333,3,0.1993158113158113,0.056800262381633125,0.0
replogle_rpe1,1000,combined,LIMS1,0.20360670487085977,0.0017226859902096732,3,0.20653213453213456,0.052816588431596756,0.0
replogle_rpe1,1000,combined,LRRC37A3,-0.2718842724959056,0.0009611956595891955,3,-0.30027828027828035,0.07792564978202184,0.0
replogle_rpe1,1000,combined,MALSU1,0.11086369802554448,0.0008598268998657469,3,0.11646734046734047,0.06615145752827327,0.0
replogle_rpe1,1000,combined,MEN1,0.14779373506704965,0.0005523805553402738,3,0.20472496072496074,0.06639725714921951,0.025641025641025644
replogle_rpe1,1000,combined,METTL1,0.1781477928161621,0.001055643979978053,3,0.18147689347689347,0.05882232760389646,0.0
replogle_rpe1,1000,combined,MRPS31,0.04359032462040583,0.00046912505124177263,3,0.018662326662326662,0.07176085809866588,0.0
replogle_rpe1,1000,combined,N6AMT1,0.30993881821632385,0.0006294410088136295,3,0.32387517987517994,0.05369533598423004,0.0
replogle_rpe1,1000,combined,NAA20,0.49651654561360675,0.0007200369340917335,3,0.5114153834153834,0.04444358373681704,0.06211474632527264
replogle_rpe1,1000,combined,NCOA4,0.058982269217570625,0.0007819986497085684,3,0.0587073107073107,0.06199819594621658,0.0
replogle_rpe1,1000,combined,NDUFA4,-0.06925449520349503,0.0017393392993543192,3,-0.08430318830318832,0.06662853807210922,0.0
replogle_rpe1,1000,combined,NDUFS5,0.16832958658536276,0.0003394100457542245,3,0.1594237874237874,0.0546698992451032,0.025641025641025644
replogle_rpe1,1000,combined,NOLC1,0.8693933486938477,0.002300868491667229,3,0.8602314322314323,0.09033431609471639,0.38040503557744937
replogle_rpe1,1000,combined,NOMO3,0.6882142623265585,0.0012785774349788745,3,0.7117893237893238,0.027398538465301197,0.1011011011011011
replogle_rpe1,1000,combined,OVCA2,0.32349923253059387,0.0008239209805883967,3,0.31450537850537846,0.04933872570594152,0.0
replogle_rpe1,1000,combined,PGAM5,-0.0700166920820872,0.001973749788972229,3,-0.15566773166773168,0.09488838662703832,0.0
replogle_rpe1,1000,combined,POLR2D,0.5725714763005575,0.00038531439711026003,3,0.5711187351187351,0.03799817462762197,0.0
replogle_rpe1,1000,combined,POLR3C,0.7395515839258829,0.00017428202778570472,3,0.767853007853008,0.05714106559753418,0.17647058823529413
replogle_rpe1,1000,combined,PPP1R2,0.7491486271222433,0.0003527429584642974,3,0.7734375974375975,0.03064530777434508,0.05263157894736842
replogle_rpe1,1000,combined,PRC1,0.8015558123588562,0.008302962955140688,3,0.7837797037797039,0.02515527481834094,0.14285714285714285
replogle_rpe1,1000,combined,PSTK,0.7965241471926371,0.0008262718779027894,3,0.7943317823317825,0.022770486151178677,0.21212121212121213
replogle_rpe1,1000,combined,RRP12,0.8950725595156351,0.0008875069246794481,3,0.8897464657464659,0.14559885362784067,0.2903225806451613
replogle_rpe1,1000,combined,RUVBL2,0.8731467127799988,0.001425529153146185,3,0.8975882735882736,0.18702421089013418,0.21212121212121213
replogle_rpe1,1000,combined,SERBP1,0.021267478664716084,0.0001143079888342669,3,0.00578030578030578,0.07603314767281215,0.0
replogle_rpe1,1000,combined,SETD5,0.6779680450757345,0.000784746120517593,3,0.690036926036926,0.02975546692808469,0.14285714285714285
replogle_rpe1,1000,combined,SRCAP,0.08543659498294194,0.0005666675614871975,3,0.09341123741123741,0.06396576265494029,0.025641025641025644
replogle_rpe1,1000,combined,SRSF11,0.05242925509810448,0.0007251462695401378,3,0.0630970110970111,0.06408575425545375,0.0
replogle_rpe1,1000,combined,TAZ,0.4935816129048665,0.0003509424811928988,3,0.5240262585503079,0.04483045389254888,0.0
replogle_rpe1,1000,combined,TFAM,0.003654889762401581,0.0015973280263020906,3,-0.2166736286736287,0.11690898984670639,0.0
replogle_rpe1,1000,combined,TRMT112,0.8831881483395895,0.00034844904053849164,3,0.873901157901158,0.1303731898466746,0.3486590038314176
replogle_rpe1,1000,combined,TRNT1,0.6433994968732198,0.00019730389198533677,3,0.7404359164359166,0.11075399319330852,0.043634727845254156
replogle_rpe1,1000,combined,TSSK3,0.29101434350013733,0.0026108920196586238,3,0.2905106985106985,0.05324161425232887,0.0
replogle_rpe1,1000,combined,TVP23C,-0.17314280569553375,0.0015703166693995284,3,-0.18795210395210396,0.07955955217281978,0.017094017094017092
replogle_rpe1,1000,combined,VPS35,0.8447006940841675,0.0015511001090222725,3,0.8481622281622282,0.04693935438990593,0.17647058823529413
replogle_rpe1,1000,combined,WBP1,-0.23985058069229126,0.00025614269796939214,3,-0.2447075087075087,0.09035237630208333,0.0
replogle_rpe1,1000,gene_ontology,ACTB,-0.2699524561564128,0.005049181123776652,3,-0.5095202135202136,0.20004791021347046,0.0346378767431399
replogle_rpe1,1000,gene_ontology,ADRM1,0.5154632131258646,0.00024118458353036858,3,0.5464795864795865,0.04286873464783033,0.0
replogle_rpe1,1000,gene_ontology,ALG2,0.6877119938532511,0.0008792777667073434,3,0.7632692952692954,0.062195939322312675,0.08108108108108109
replogle_rpe1,1000,gene_ontology,CAMLG,0.28046202659606934,0.001199645933964511,3,0.27685538485538486,0.05406992385784785,0.0
replogle_rpe1,1000,gene_ontology,CCDC6,-0.27280184626579285,0.0007703525746930274,3,-0.49558111158111157,0.09475559989611308,0.0
replogle_rpe1,1000,gene_ontology,CCDC78,0.16665048897266388,0.0002679989193381059,3,0.21381914581914585,0.06228955338398615,0.0
replogle_rpe1,1000,gene_ontology,DDN,-0.17862296104431152,0.0010105143468357566,3,-0.20794837194837199,0.06431102628509204,0.0
replogle_rpe1,1000,gene_ontology,DDX46,0.8333344260851542,0.00010373733088016024,3,0.8350540030540031,0.016795155281821888,0.21212121212121213
replogle_rpe1,1000,gene_ontology,EMC3,0.6090681354204813,0.0015223972199652853,3,0.6351472191472193,0.03523081292708715,0.0
replogle_rpe1,1000,gene_ontology,FBXO42,-0.3747659424940745,0.0006843461549491376,3,-0.4436653516653517,0.07437317073345184,0.0
replogle_rpe1,1000,gene_ontology,GEMIN4,0.7606183886528015,0.0007800139719900341,3,0.7774286014286015,0.061067538956801094,0.05263157894736842
replogle_rpe1,1000,gene_ontology,GFM1,0.22559703886508942,0.0006957788827685089,3,0.40945483745483746,0.060407184064388275,0.0
replogle_rpe1,1000,gene_ontology,GPS2,-0.05746553341547648,0.0018057041453533988,3,-0.0917029757029757,0.06904048969348271,0.025641025641025644
replogle_rpe1,1000,gene_ontology,HAUS3,0.8390243053436279,0.00062666585354631,3,0.8182860142860143,0.053130668898423515,0.4121510673234811
replogle_rpe1,1000,gene_ontology,HEATR1,0.818280835946401,0.00041037484248375526,3,0.8299056939056939,0.13546336193879446,0.21212121212121213
replogle_rpe1,1000,gene_ontology,KCNA10,0.20025797684987387,0.0005886724325169659,3,0.1982097902097902,0.05820724864800771,0.0
replogle_rpe1,1000,gene_ontology,LIMS1,0.20261181394259134,0.0007777670358320913,3,0.2054884454884455,0.05461575463414192,0.0
replogle_rpe1,1000,gene_ontology,LRRC37A3,-0.269742488861084,0.0009180557067884979,3,-0.2993764673764674,0.07759497066338857,0.0
replogle_rpe1,1000,gene_ontology,MALSU1,0.10941416770219803,0.0026256056365990404,3,0.11584526784526784,0.06830068677663803,0.0
replogle_rpe1,1000,gene_ontology,MEN1,0.14831181367238364,0.00016062898101418705,3,0.20447696047696048,0.0673996905485789,0.025641025641025644
replogle_rpe1,1000,gene_ontology,METTL1,0.17887249092260996,0.00010180608590254607,3,0.1825908145908146,0.0591243381301562,0.0
replogle_rpe1,1000,gene_ontology,MRPS31,0.043679444740215935,0.0009937311906058385,3,0.018823502823502824,0.07172931730747223,0.0
replogle_rpe1,1000,gene_ontology,N6AMT1,0.3091157575448354,0.0002948577260861203,3,0.32377442777442783,0.05408840378125509,0.0
replogle_rpe1,1000,gene_ontology,NAA20,0.49449945489565533,0.0016828167643321568,3,0.5106427946427946,0.04460883140563965,0.05263157894736842
replogle_rpe1,1000,gene_ontology,NCOA4,0.057881892969210945,0.0004152011931510713,3,0.05810697410697411,0.0637771487236023,0.0
replogle_rpe1,1000,gene_ontology,NDUFA4,-0.06826907893021901,0.0008621221637964497,3,-0.0842924802924803,0.06680916498104732,0.0
replogle_rpe1,1000,gene_ontology,NDUFS5,0.16897990306218466,0.00046750775090112034,3,0.16044503644503647,0.05781417960921923,0.017094017094017092
replogle_rpe1,1000,gene_ontology,NOLC1,0.8641280929247538,0.003459999550850746,3,0.8565029853587564,0.08793662985165913,0.26344086021505375
replogle_rpe1,1000,gene_ontology,NOMO3,0.686912735303243,0.001207480216918492,3,0.7120493880493881,0.02842481868962447,0.1011011011011011
replogle_rpe1,1000,gene_ontology,OVCA2,0.3242226441701253,0.0010109228365117809,3,0.3153708913708914,0.049447412292162575,0.0
replogle_rpe1,1000,gene_ontology,PGAM5,-0.07294198125600815,0.0034635253849120457,3,-0.15935419135419138,0.0942107265194257,0.0
replogle_rpe1,1000,gene_ontology,POLR2D,0.5729194482167562,0.0020469310009074947,3,0.5722791682791682,0.038384770353635154,0.008547008547008546
replogle_rpe1,1000,gene_ontology,POLR3C,0.7400326331456503,0.001373505463498865,3,0.7673898353898355,0.05709341416756312,0.17647058823529413
replogle_rpe1,1000,gene_ontology,PPP1R2,0.7509933908780416,0.0009359797104771527,3,0.7746715826715828,0.030804806078473728,0.05263157894736842
replogle_rpe1,1000,gene_ontology,PRC1,0.7999779383341471,0.00308629958422975,3,0.7817937977937978,0.026288172230124474,0.15406162464985995
replogle_rpe1,1000,gene_ontology,PSTK,0.7969191869099935,0.00048313080192806965,3,0.7944075384075385,0.02334739329914252,0.21212121212121213
replogle_rpe1,1000,gene_ontology,RRP12,0.894667406876882,0.001428881879714809,3,0.8902385822385823,0.1432878077030182,0.2903225806451613
replogle_rpe1,1000,gene_ontology,RUVBL2,0.8744926055272421,0.0005277443056228839,3,0.8974562094562096,0.18948876857757568,0.21212121212121213
replogle_rpe1,1000,gene_ontology,SERBP1,0.020911632105708122,0.0017484372839247113,3,0.0054264974264974265,0.0779755488038063,0.0
replogle_rpe1,1000,gene_ontology,SETD5,0.6771498521169027,0.0008175640292983725,3,0.6894947054947056,0.031105900183320045,0.14285714285714285
replogle_rpe1,1000,gene_ontology,SRCAP,0.08452281852563222,0.000815395937111452,3,0.09242376842376843,0.06478063762187958,0.025641025641025644
replogle_rpe1,1000,gene_ontology,SRSF11,0.052349597215652466,0.0006948483696040882,3,0.06317290317290318,0.06348114212354024,0.0
replogle_rpe1,1000,gene_ontology,TAZ,0.4946913917859395,0.0016220511000694046,3,0.5231952991952992,0.04484593371550242,0.0
replogle_rpe1,1000,gene_ontology,TFAM,0.00014531301955382028,0.008777821451369114,3,-0.2165870925870926,0.11633993188540141,0.0
replogle_rpe1,1000,gene_ontology,TRMT112,0.8814279437065125,0.001750343321710076,3,0.8730250010250011,0.13185289998849234,0.31899641577060933
replogle_rpe1,1000,gene_ontology,TRNT1,0.6460672418276469,0.00032411478044770507,3,0.7407526287526288,0.11017876118421555,0.05263157894736842
replogle_rpe1,1000,gene_ontology,TSSK3,0.2908571759859721,0.00029841283325378624,3,0.29032235832235836,0.053217072039842606,0.0
replogle_rpe1,1000,gene_ontology,TVP23C,-0.17471817135810852,0.00129194885513908,3,-0.18866420285188082,0.07711987694104512,0.025641025641025644
replogle_rpe1,1000,gene_ontology,VPS35,0.8459270199139913,0.0027733266806088297,3,0.8496219656219658,0.04689656818906466,0.17647058823529413
replogle_rpe1,1000,gene_ontology,WBP1,-0.23897466560204825,0.0006924559025462775,3,-0.24379366379366382,0.0911115085085233,0.0
replogle_rpe1,1000,no_graph,ACTB,-0.2674696743488312,0.0016734406201250474,2,-0.5192081672081672,0.19698252528905869,0.05263157894736842
replogle_rpe1,1000,no_graph,ADRM1,0.5234215557575226,2.1368452195023274e-05,2,0.5550481710481711,0.04174655117094517,0.0
replogle_rpe1,1000,no_graph,ALG2,0.6782018542289734,0.0003819347412057217,2,0.7593167613167613,0.06403269618749619,0.08108108108108109
replogle_rpe1,1000,no_graph,CAMLG,0.2664673775434494,0.0001118788093721682,2,0.2606847026847027,0.05447117052972317,0.0
replogle_rpe1,1000,no_graph,CCDC6,-0.29879897832870483,0.0004654697949543137,2,-0.5044491964491965,0.09638108685612679,0.0
replogle_rpe1,1000,no_graph,CCDC78,0.1586059033870697,0.00015088571766900063,2,0.20386081786081786,0.06151842325925827,0.0
replogle_rpe1,1000,no_graph,DDN,-0.18652959167957306,1.5067498342644616e-05,2,-0.21692276492276494,0.06465035304427147,0.0
replogle_rpe1,1000,no_graph,DDX46,0.8323144614696503,7.590647416812015e-05,2,0.8371758331758332,0.01659227069467306,0.25
replogle_rpe1,1000,no_graph,EMC3,0.6221020519733429,0.0003544128491281079,2,0.6481958281958282,0.0332458782941103,0.0
replogle_rpe1,1000,no_graph,FBXO42,-0.38086871802806854,2.741652495633657e-05,2,-0.4531532671532672,0.07565223053097725,0.0
replogle_rpe1,1000,no_graph,GEMIN4,0.7503579556941986,0.0003431174937271883,2,0.7707717087717088,0.06338630616664886,0.05263157894736842
replogle_rpe1,1000,no_graph,GFM1,0.193237766623497,0.00018475071044750399,2,0.38217788217788223,0.06176861561834812,0.0
replogle_rpe1,1000,no_graph,GPS2,-0.06029707193374634,1.7891337192874515e-05,2,-0.09380049980049981,0.07047053426504135,0.02564102564102564
replogle_rpe1,1000,no_graph,HAUS3,0.8497666418552399,0.00038880467751299745,2,0.8308098448098449,0.052220629528164864,0.42857142857142855
replogle_rpe1,1000,no_graph,HEATR1,0.8344500064849854,0.00030682905715930854,2,0.8439938199938201,0.1308138146996498,0.25
replogle_rpe1,1000,no_graph,KCNA10,0.2071630358695984,0.00023117546408225377,2,0.2056302616302616,0.05617685429751873,0.0
replogle_rpe1,1000,no_graph,LIMS1,0.21150274574756622,0.0005293854907210845,2,0.21400627600627603,0.054774489253759384,0.0
replogle_rpe1,1000,no_graph,LRRC37A3,-0.278405100107193,5.1166274092225354e-05,2,-0.308975660975661,0.07805737853050232,0.0
replogle_rpe1,1000,no_graph,MALSU1,0.08088267594575882,5.861572956652587e-05,2,0.09956646956646957,0.06867329031229019,0.0
replogle_rpe1,1000,no_graph,MEN1,0.15247425436973572,0.0002854606049642853,2,0.2099085419085419,0.06765775382518768,0.02564102564102564
replogle_rpe1,1000,no_graph,METTL1,0.17416459321975708,0.00010260650269977153,2,0.17781246981246981,0.058094535022974014,0.0
replogle_rpe1,1000,no_graph,MRPS31,0.02058923989534378,0.00028933811502728754,2,0.008038520038520038,0.07313252985477448,0.0
replogle_rpe1,1000,no_graph,N6AMT1,0.3155755400657654,0.00019159957333052426,2,0.3300390660390661,0.052699118852615356,0.0
replogle_rpe1,1000,no_graph,NAA20,0.5086267292499542,0.0006558471096780221,2,0.5188336228336228,0.043678609654307365,0.06685633001422475
replogle_rpe1,1000,no_graph,NCOA4,0.05282537639141083,0.00042445037464108605,2,0.05407943407943408,0.06348387151956558,0.0
replogle_rpe1,1000,no_graph,NDUFA4,-0.07788199186325073,6.248270291740041e-05,2,-0.09294669894669896,0.06677357852458954,0.0
replogle_rpe1,1000,no_graph,NDUFS5,0.1646677628159523,0.0006612102961510332,2,0.1571749391749392,0.05679342336952686,0.02564102564102564
replogle_rpe1,1000,no_graph,NOLC1,0.8795401453971863,0.00043048791069027163,2,0.8724069564069565,0.08228584751486778,0.40394088669950734
replogle_rpe1,1000,no_graph,NOMO3,0.6975543797016144,0.0002519960072466354,2,0.719997947997948,0.027061793953180313,0.1111111111111111
replogle_rpe1,1000,no_graph,OVCA2,0.3306235671043396,0.0001595258216137339,2,0.32235320835320835,0.04885050468146801,0.0
replogle_rpe1,1000,no_graph,PGAM5,-0.10097651183605194,0.00022508524447242958,2,-0.18134148734148736,0.09728261083364487,0.0
replogle_rpe1,1000,no_graph,POLR2D,0.5810904204845428,0.00011265852606961974,2,0.5767394047394048,0.036402685567736626,0.02564102564102564
replogle_rpe1,1000,no_graph,POLR3C,0.7263645827770233,0.0005021797000073024,2,0.7562739002739003,0.05911853909492493,0.19429590017825313
replogle_rpe1,1000,no_graph,PPP1R2,0.7523352205753326,0.00011678891722368736,2,0.7796909156909158,0.030649708583950996,0.05263157894736842
replogle_rpe1,1000,no_graph,PRC1,0.8358749151229858,0.0056195236056545235,2,0.8184842244842245,0.020665681920945644,0.14285714285714285
replogle_rpe1,1000,no_graph,PSTK,0.8025096356868744,3.864866008448983e-05,2,0.8020785880785881,0.022117016837000847,0.21212121212121213
replogle_rpe1,1000,no_graph,RRP12,0.9125169813632965,0.00029582872969796523,2,0.9072535932535932,0.13873769342899323,0.3118279569892473
replogle_rpe1,1000,no_graph,RUVBL2,0.8793286681175232,0.00026881259980248215,2,0.9050759630759632,0.18784738332033157,0.21212121212121213
replogle_rpe1,1000,no_graph,SERBP1,0.012895501684397459,6.21435524957893e-05,2,-0.0025241125241125244,0.07562364265322685,0.0
replogle_rpe1,1000,no_graph,SETD5,0.6781896352767944,0.0003424009973025031,2,0.6918656059794553,0.03042469173669815,0.15966386554621848
replogle_rpe1,1000,no_graph,SRCAP,0.07490430027246475,0.00047087512827583586,2,0.08315836715836716,0.06629806756973267,0.02564102564102564
replogle_rpe1,1000,no_graph,SRSF11,0.044121259823441505,5.79440141683835e-05,2,0.05272484872484873,0.06289279460906982,0.0
replogle_rpe1,1000,no_graph,TAZ,0.4904444068670273,7.036416358893758e-05,2,0.5248516588516589,0.04503457993268967,0.0
replogle_rpe1,1000,no_graph,TFAM,-0.025899890810251236,0.0003013921137014032,2,-0.22665792465792467,0.11789953708648682,0.02564102564102564
replogle_rpe1,1000,no_graph,TRMT112,0.8994216322898865,0.0004761750944760808,2,0.8901860781860782,0.12593530863523483,0.3793103448275862
replogle_rpe1,1000,no_graph,TRNT1,0.6233879029750824,0.00021650836080046263,2,0.7244638664638665,0.11507537961006165,0.05263157894736842
replogle_rpe1,1000,no_graph,TSSK3,0.3026690185070038,0.0005772432372052047,2,0.302000198000198,0.05327575281262398,0.0
replogle_rpe1,1000,no_graph,TVP23C,-0.17499510943889618,1.270727482603455e-05,2,-0.19113565713565714,0.07559113577008247,0.02564102564102564
replogle_rpe1,1000,no_graph,VPS35,0.8627344369888306,0.0007288033044503796,2,0.8666451806451807,0.04374293051660061,0.17647058823529413
replogle_rpe1,1000,no_graph,WBP1,-0.24338951706886292,0.00011961275607391727,2,-0.24743318880435977,0.09010375291109085,0.0
replogle_rpe1,1000,random,ACTB,-0.21195885042349497,0.0618030049843675,3,-0.48901931701931706,0.22602949539820352,0.043634727845254156
replogle_rpe1,1000,random,ADRM1,0.5162579417228699,0.002223038814068629,3,0.546844978844979,0.0774000162879626,0.0
replogle_rpe1,1000,random,ALG2,0.6887678503990173,0.00019844217808885934,3,0.7629223069223069,0.06220512092113495,0.08108108108108109
replogle_rpe1,1000,random,CAMLG,0.28030115365982056,0.000650108339418681,3,0.2774185374185374,0.05196968341867129,0.0
replogle_rpe1,1000,random,CCDC6,-0.2681122620900472,0.0027307127880042306,3,-0.4937624057624059,0.19096260766188303,0.0
replogle_rpe1,1000,random,CCDC78,0.1657602141300837,0.000283886404902033,3,0.2143732263732264,0.09934594606359799,0.0
replogle_rpe1,1000,random,DDN,-0.17936396102110544,0.0009821382593044046,3,-0.2094030654030654,0.13001012802124023,0.0
replogle_rpe1,1000,random,DDX46,0.8329124450683594,0.0003250617872132195,3,0.834870534870535,0.2127036346743504,0.21212121212121213
replogle_rpe1,1000,random,EMC3,0.6080922484397888,0.002059799197933483,3,0.6335840962175999,0.05504511669278145,0.0
replogle_rpe1,1000,random,FBXO42,-0.37241384387016296,0.0015527518288332837,3,-0.44294738294738306,0.077338807284832,0.0
replogle_rpe1,1000,random,GEMIN4,0.7597669561704,0.002751364277620328,3,0.7766134726134727,0.2716781422495842,0.08160792371318687
replogle_rpe1,1000,random,GFM1,0.2253524363040924,0.00016848525511855859,3,0.40959916159916165,0.08359249060352643,0.0
replogle_rpe1,1000,random,GPS2,-0.05734483152627945,0.0038947624715041087,3,-0.08939962939962941,0.08067146688699722,0.017094017094017092
replogle_rpe1,1000,random,HAUS3,0.838109016418457,0.0014514332568882837,3,0.8170180490180492,0.0505392923951149,0.36507936507936506
replogle_rpe1,1000,random,HEATR1,0.812132994333903,0.007908773914014235,3,0.8268565948565949,0.1341734305024147,0.20023767082590613
replogle_rpe1,1000,random,KCNA10,0.20079964896043143,0.0022012120740530425,3,0.19741794941794943,0.06472196926673253,0.0
replogle_rpe1,1000,random,LIMS1,0.20322653651237488,0.0022048846486237457,3,0.202948710948711,0.5006394969920317,0.0
replogle_rpe1,1000,random,LRRC37A3,-0.26673513650894165,0.0018687650296075452,3,-0.29874720674720673,0.14480534692605337,0.0
replogle_rpe1,1000,random,MALSU1,0.11160186926523845,0.0015586915234893125,3,0.11882067482067482,1.506150179853042,0.0
replogle_rpe1,1000,random,MEN1,0.14810063441594443,0.000494102414575077,3,0.20270511870511873,0.16109148661295572,0.008547008547008546
replogle_rpe1,1000,random,METTL1,0.179619570573171,0.0007347002560975656,3,0.1821071181071181,0.2552963395913442,0.0
replogle_rpe1,1000,random,MRPS31,0.04622319216529528,0.00033008322804706865,3,0.019206767226049422,0.43674161036809284,0.0
replogle_rpe1,1000,random,N6AMT1,0.30887718002001446,0.001869686679760676,3,0.3225025985025985,0.5206681763132414,0.0
replogle_rpe1,1000,random,NAA20,0.4896010955174764,0.0012575844888044118,3,0.506024546024546,0.6240422129631042,0.0
replogle_rpe1,1000,random,NCOA4,0.05741372083624204,0.0036219679117872124,3,0.0594953034953035,0.07237564027309418,0.0
replogle_rpe1,1000,random,NDUFA4,-0.06407563760876656,0.003401240915742487,3,-0.08037974037974038,0.06630303710699081,0.0
replogle_rpe1,1000,random,NDUFS5,0.16925141712029776,0.0010519765871541123,3,0.16017061217061218,0.71265701080362,0.008547008547008546
replogle_rpe1,1000,random,NOLC1,0.8658635218938192,0.0009369876023987594,3,0.8582378790953183,0.3489003802339236,0.3824884792626728
replogle_rpe1,1000,random,NOMO3,0.6853148738543192,0.00022653618859056843,3,0.709841821841822,0.17377631117900214,0.1011011011011011
replogle_rpe1,1000,random,OVCA2,0.3234583338101705,0.00022565395206211808,3,0.3137008777008778,0.1620233121017615,0.0
replogle_rpe1,1000,random,PGAM5,-0.07043894131978352,0.00153551810806128,3,-0.15667875267875267,0.10596665740013123,0.0
replogle_rpe1,1000,random,POLR2D,0.5710237820943197,0.000416044268913665,3,0.571012683012683,0.1236284573872884,0.017094017094017092
replogle_rpe1,1000,random,POLR3C,0.7391867836316427,0.0015205909142832342,3,0.7688849008849009,0.17637556046247482,0.14285714285714285
replogle_rpe1,1000,random,PPP1R2,0.7468717892964681,0.0018162116211589848,3,0.771971127971128,0.040356011440356575,0.05263157894736842
replogle_rpe1,1000,random,PRC1,0.7898299694061279,0.014914652947406513,3,0.7730570210570211,0.25295097070435685,0.11168311168311168
replogle_rpe1,1000,random,PSTK,0.7955837448438009,0.0001823840219458826,3,0.7933804773804773,0.03892164987822374,0.22474747474747478
replogle_rpe1,1000,random,RRP12,0.8917654355367025,0.0008678422387910373,3,0.8875101515101514,0.35971784840027493,0.21212121212121213
replogle_rpe1,1000,random,RUVBL2,0.8738095362981161,0.0006265229792443362,3,0.896887628887629,0.17074763774871826,0.21212121212121213
replogle_rpe1,1000,random,SERBP1,0.021463584154844284,0.0013487354571460224,3,0.006374710374710375,0.5303783267736435,0.0
replogle_rpe1,1000,random,SETD5,0.6768091718355814,0.000710577610357535,3,0.6887025407025407,0.2734457179903984,0.12169312169312169
replogle_rpe1,1000,random,SRCAP,0.08452883611122768,0.00025460122667645183,3,0.09175491175491175,0.06467457364002864,0.025641025641025644
replogle_rpe1,1000,random,SRSF11,0.052825890481472015,0.0001865991297335262,3,0.06324889524889525,0.06440867731968562,0.0
replogle_rpe1,1000,random,TAZ,0.4995895524819692,0.0010052373378457806,3,0.5247368927368927,0.13040188948313394,0.0
replogle_rpe1,1000,random,TFAM,0.00830621582766374,0.0018772286605195849,3,-0.21355580555580556,0.2134429266055425,0.0
replogle_rpe1,1000,random,TRMT112,0.8806193073590597,0.0001924138779746899,3,0.8699282099282101,0.2587358132004738,0.2903225806451613
replogle_rpe1,1000,random,TRNT1,0.6464161475499471,0.0008480942750680624,3,0.7418010978010979,0.3067631945014,0.0346378767431399
replogle_rpe1,1000,random,TSSK3,0.2950163384278615,0.005405314654160505,3,0.2894859894859895,0.1282931293050448,0.0
replogle_rpe1,1000,random,TVP23C,-0.172030508518219,0.001587476758059819,3,-0.1870768630768631,0.11055877059698105,0.008547008547008546
replogle_rpe1,1000,random,VPS35,0.842005213101705,0.00027204482747996176,3,0.8455364535364537,0.30612195904056233,0.16526610644257703
replogle_rpe1,1000,random,WBP1,-0.24020250141620636,0.000932291590709105,3,-0.24531593331593335,0.21550887574752173,0.0
replogle_rpe1,1000,string_ppi,ACTB,-0.22022892038027445,0.010996586722465444,3,-0.5057142897142897,0.18800977369149527,0.0346378767431399
replogle_rpe1,1000,string_ppi,ADRM1,0.5206581354141235,0.0007044049280860947,3,0.5505909905909906,0.04041054844856262,0.0
replogle_rpe1,1000,string_ppi,ALG2,0.6871333916982015,0.0006379871836881002,3,0.7626775586775588,0.0629987691839536,0.08108108108108109
replogle_rpe1,1000,string_ppi,CAMLG,0.27895129720369977,0.001153053850655298,3,0.27605430405430403,0.052533965557813644,0.0
replogle_rpe1,1000,string_ppi,CCDC6,-0.2728934685389201,0.0012191431460149577,3,-0.49524550724550725,0.09222848465045293,0.0
replogle_rpe1,1000,string_ppi,CCDC78,0.1657798339923223,0.0007962785939112625,3,0.21384111784111784,0.059670545160770416,0.0
replogle_rpe1,1000,string_ppi,DDN,-0.1785267392794291,0.0013702558737378368,3,-0.20791591191591194,0.06315213317672412,0.0
replogle_rpe1,1000,string_ppi,DDX46,0.8352319399515787,0.0007237209255545837,3,0.8375620775620777,0.015598372866710028,0.21212121212121213
replogle_rpe1,1000,string_ppi,EMC3,0.6094398498535156,0.0008614665969697461,3,0.6355065115065116,0.032776581744352974,0.0
replogle_rpe1,1000,string_ppi,FBXO42,-0.37551790475845337,0.00038974441142318916,3,-0.4444515404515405,0.07403514534235,0.0
replogle_rpe1,1000,string_ppi,GEMIN4,0.7609070142110189,0.00019962628074357672,3,0.7774756054756056,0.062283082554737725,0.05263157894736842
replogle_rpe1,1000,string_ppi,GFM1,0.21804983417193094,0.006323111721245561,3,0.40839994680708314,0.05853811030586561,0.0
replogle_rpe1,1000,string_ppi,GPS2,-0.057623145480950676,0.0008997171553720806,3,-0.09172411572411572,0.06922317047913869,0.025641025641025644
replogle_rpe1,1000,string_ppi,HAUS3,0.8420197566350301,0.0018914075131625796,3,0.8204854924854925,0.05437599246700605,0.42857142857142855
replogle_rpe1,1000,string_ppi,HEATR1,0.8186466892560323,0.0009054018650623926,3,0.8304661624661626,0.136523907383283,0.21212121212121213
replogle_rpe1,1000,string_ppi,KCNA10,0.20003827412923178,0.0007852890672325353,3,0.19786064186064187,0.055439870804548264,0.0
replogle_rpe1,1000,string_ppi,LIMS1,0.20433342456817627,0.0011155846200473732,3,0.2058000058000058,0.05353240296244621,0.0
replogle_rpe1,1000,string_ppi,LRRC37A3,-0.2711660861968994,0.0002565047002976068,3,-0.30031660431660434,0.0752439945936203,0.0
replogle_rpe1,1000,string_ppi,MALSU1,0.10961223393678665,0.0016741671185479556,3,0.11659129659129659,0.06612466772397359,0.0
replogle_rpe1,1000,string_ppi,MEN1,0.1487935185432434,0.0007086025558658048,3,0.2051808651808652,0.06666845331589381,0.025641025641025644
replogle_rpe1,1000,string_ppi,METTL1,0.18034342428048453,0.002234581775060733,3,0.18291836291836291,0.05653327330946922,0.0
replogle_rpe1,1000,string_ppi,MRPS31,0.04379575823744138,0.0020475097569558156,3,0.019452331452331453,0.06945865352948506,0.0
replogle_rpe1,1000,string_ppi,N6AMT1,0.310722937186559,0.0023156453629384886,3,0.3245904845904846,0.05259911219278971,0.0
replogle_rpe1,1000,string_ppi,NAA20,0.49452852209409076,0.0035144087569644,3,0.511066191066191,0.04399565855662028,0.05263157894736842
replogle_rpe1,1000,string_ppi,NCOA4,0.05842331672708193,0.0004493446073164351,3,0.05889415889415891,0.06148403137922287,0.0
replogle_rpe1,1000,string_ppi,NDUFA4,-0.06732109189033508,0.00047836938867416986,3,-0.08448324048324048,0.06533154100179672,0.0
replogle_rpe1,1000,string_ppi,NDUFS5,0.17056218286355337,0.00034614994495254424,3,0.16190423206658414,0.05527132501204809,0.025641025641025644
replogle_rpe1,1000,string_ppi,NOLC1,0.8570989370346069,0.011284972338863466,3,0.8593872433872435,0.09433613220850627,0.3968253968253968
replogle_rpe1,1000,string_ppi,NOMO3,0.6881119807561239,0.001567687127414663,3,0.7127652527652528,0.02728560318549474,0.1111111111111111
replogle_rpe1,1000,string_ppi,OVCA2,0.3233614961306254,0.0009979755554457006,3,0.3137807777807778,0.04754554604490598,0.0
replogle_rpe1,1000,string_ppi,PGAM5,-0.07371810575326283,0.0010892248786702786,3,-0.158984238984239,0.09318029632170995,0.0
replogle_rpe1,1000,string_ppi,POLR2D,0.5711474617322286,0.0006760359502361459,3,0.5708881548881549,0.0363695981601874,0.0
replogle_rpe1,1000,string_ppi,POLR3C,0.7401613593101501,0.001515372993217539,3,0.7684970644970646,0.057222019881010056,0.17647058823529413
replogle_rpe1,1000,string_ppi,PPP1R2,0.7488899032274882,0.0012025822854064606,3,0.772985400985401,0.030865338320533436,0.06211474632527264
replogle_rpe1,1000,string_ppi,PRC1,0.7945986191431681,0.005687864028821177,3,0.7818336298336299,0.02526200624803702,0.09109109109109109
replogle_rpe1,1000,string_ppi,PSTK,0.7964066863059998,3.699854801022524e-05,3,0.7938986098986099,0.0217379213621219,0.21212121212121213
replogle_rpe1,1000,string_ppi,RRP12,0.8950505455334982,0.0023171566852352686,3,0.8904523024523026,0.14477635423342386,0.2903225806451613
replogle_rpe1,1000,string_ppi,RUVBL2,0.8755723635355631,0.0012379923308319654,3,0.8987017747017747,0.1896930386622747,0.21212121212121213
replogle_rpe1,1000,string_ppi,SERBP1,0.021457867075999577,0.0013375660289995709,3,0.005692377692377693,0.07420556992292404,0.0
replogle_rpe1,1000,string_ppi,SETD5,0.6784546971321106,8.895176002530529e-05,3,0.6906818426818427,0.02981250484784444,0.14285714285714285
replogle_rpe1,1000,string_ppi,SRCAP,0.08327201257149379,0.0014622261012038897,3,0.09069284269284268,0.06490605821212132,0.025641025641025644
replogle_rpe1,1000,string_ppi,SRSF11,0.05136307949821154,0.0005516886232984051,3,0.0630892350892351,0.06104859213034312,0.0
replogle_rpe1,1000,string_ppi,TAZ,0.49658893545468646,0.0017840669706869657,3,0.5242667602667602,0.04325595994790395,0.0
replogle_rpe1,1000,string_ppi,TFAM,0.0019476025675733883,0.007281807976030884,3,-0.21655346455346458,0.11374108244975407,0.0
replogle_rpe1,1000,string_ppi,TRMT112,0.8833762804667155,0.002251600508329743,3,0.8747839187839187,0.13035609324773154,0.3639846743295019
replogle_rpe1,1000,string_ppi,TRNT1,0.6451155145963033,0.0005465989159874952,3,0.740849004849005,0.11180240412553151,0.05263157894736842
replogle_rpe1,1000,string_ppi,TSSK3,0.2927758991718292,0.0015930023300869108,3,0.2898710538710539,0.052314853916565575,0.0
replogle_rpe1,1000,string_ppi,TVP23C,-0.1759131799141566,0.001308697835462054,3,-0.1896708216708217,0.07388563454151154,0.025641025641025644
replogle_rpe1,1000,string_ppi,VPS35,0.8449400266011556,0.0015796273061419682,3,0.8485007405007406,0.04697831099232038,0.21212121212121213
replogle_rpe1,1000,string_ppi,WBP1,-0.24045845369497934,0.0002177560552973316,3,-0.24586347786347792,0.0879990483323733,0.0
