condition,pearson_r_left,pearson_r_right,delta_r,n_common_seeds,dataset,hvg,contrast
AMIGO3_pDS434,0.4219958186149597,0.40340395271778107,0.01859186589717865,2,adamson,200,combined - no_graph
ARHGAP22_pDS458,0.27779465913772583,0.30593061447143555,-0.028135955333709717,2,adamson,200,combined - no_graph
ASCC3_pDS052,0.19410282373428345,0.14589738845825195,0.048205435276031494,2,adamson,200,combined - no_graph
ATP5B_pDS055,0.6765274405479431,0.6398650407791138,0.036662399768829346,2,adamson,200,combined - no_graph
CAD_pDS468,-0.09713273122906685,-0.09009736031293869,-0.007035370916128159,2,adamson,200,combined - no_graph
CARS_pDS460,0.852435439825058,0.8385533392429352,0.013882100582122803,2,adamson,200,combined - no_graph
CCND3_pDS006,-0.12284786626696587,-0.07641841471195221,-0.04642945155501366,2,adamson,200,combined - no_graph
DAD1_pDS499,0.45478105545043945,0.4486682415008545,0.006112813949584961,2,adamson,200,combined - no_graph
DARS_pDS495,0.7455152273178101,0.7157357931137085,0.029779434204101562,2,adamson,200,combined - no_graph
DDRGK1_pDS041,0.570037841796875,0.5639536380767822,0.0060842037200927734,2,adamson,200,combined - no_graph
DERL2_pDS042,0.5706894397735596,0.608649879693985,-0.037960439920425415,2,adamson,200,combined - no_graph
DNAJC19_pDS026,0.9006194174289703,0.8747489750385284,0.025870442390441895,2,adamson,200,combined - no_graph
EIF2AK3_pBA572,0.5277109146118164,0.5437034070491791,-0.01599249243736267,2,adamson,200,combined - no_graph
EIF2B4_pDS491,0.8581064343452454,0.8346497416496277,0.023456692695617676,2,adamson,200,combined - no_graph
GMPPB_pDS391,0.22811561822891235,0.19643285870552063,0.031682759523391724,2,adamson,200,combined - no_graph
GNPNAT1_pDS506,-0.1338203400373459,-0.1577823907136917,0.023962050676345825,2,adamson,200,combined - no_graph
Gal4-4(mod)_pBA582,0.4399002492427826,0.48741284012794495,-0.047512590885162354,2,adamson,200,combined - no_graph
HARS_pDS466,0.8393127918243408,0.826043039560318,0.013269752264022827,2,adamson,200,combined - no_graph
HSPA9_pDS088,0.7977267503738403,0.7665670216083527,0.03115972876548767,2,adamson,200,combined - no_graph
HYOU1_pDS089,0.33148279786109924,0.3187249004840851,0.01275789737701416,2,adamson,200,combined - no_graph
IARS2_pDS090,0.8562446236610413,0.821820467710495,0.034424155950546265,2,adamson,200,combined - no_graph
IDH3A_pDS393,0.2243506833910942,0.24145512282848358,-0.017104439437389374,2,adamson,200,combined - no_graph
IER3IP1_pDS002,0.5820508599281311,0.5734416842460632,0.008609175682067871,2,adamson,200,combined - no_graph
IER3IP1_pDS110,0.5762225687503815,0.5493431389331818,0.026879429817199707,2,adamson,200,combined - no_graph
KCTD16_pDS096,0.36762063205242157,0.376058429479599,-0.00843779742717743,2,adamson,200,combined - no_graph
MRGBP_pDS124,-0.015235817059874535,-0.024584890343248844,0.00934907328337431,2,adamson,200,combined - no_graph
MTHFD1_pDS395,0.1360168308019638,0.12580479681491852,0.010212033987045288,2,adamson,200,combined - no_graph
OST4_pDS353,0.49110448360443115,0.48059193789958954,0.010512545704841614,2,adamson,200,combined - no_graph
P4HB_pDS397,0.15969641506671906,0.18216954916715622,-0.022473134100437164,2,adamson,200,combined - no_graph
PDIA6_pDS029,0.04869122803211212,0.03484593331813812,0.013845294713973999,2,adamson,200,combined - no_graph
PSMD4_pDS488,-0.08203026279807091,-0.05397820472717285,-0.028052058070898056,2,adamson,200,combined - no_graph
QARS_pDS510,0.8704274594783783,0.8678627014160156,0.002564758062362671,2,adamson,200,combined - no_graph
SAMM50_pDS156,0.8061149418354034,0.7671535015106201,0.038961440324783325,2,adamson,200,combined - no_graph
SEC61A1_pDS031,0.6376405358314514,0.6103383302688599,0.027302205562591553,2,adamson,200,combined - no_graph
SEC61A1_pDS032,0.5713896751403809,0.547238826751709,0.024150848388671875,2,adamson,200,combined - no_graph
SEC61B_pDS033,0.4144207835197449,0.3821151554584503,0.032305628061294556,2,adamson,200,combined - no_graph
SEC61B_pDS162,0.3669979125261307,0.3296852707862854,0.037312641739845276,2,adamson,200,combined - no_graph
SEL1L_pDS373,0.3573068529367447,0.3494504690170288,0.007856383919715881,2,adamson,200,combined - no_graph
SLC39A7_pDS219,0.44171082973480225,0.4372798502445221,0.004430979490280151,2,adamson,200,combined - no_graph
SLMO2_pDS433,0.846301406621933,0.8081333041191101,0.038168102502822876,2,adamson,200,combined - no_graph
SOCS1_pDS479,0.4046134948730469,0.38945090770721436,0.01516258716583252,2,adamson,200,combined - no_graph
SPCS2_pDS401,0.4949152171611786,0.5022524893283844,-0.0073372721672058105,2,adamson,200,combined - no_graph
SRPR_pDS482,-0.20272435992956161,-0.2159418910741806,0.013217531144618988,2,adamson,200,combined - no_graph
STT3A_pDS011,0.4100842773914337,0.407614529132843,0.0024697482585906982,2,adamson,200,combined - no_graph
TIMM23_pDS284,0.7972754240036011,0.7645475566387177,0.03272786736488342,2,adamson,200,combined - no_graph
TMEM167A_pDS038,0.65073361992836,0.6307905912399292,0.019943028688430786,2,adamson,200,combined - no_graph
TTI2_pDS408,-0.16940222680568695,-0.17400655150413513,0.004604324698448181,2,adamson,200,combined - no_graph
UFL1_pDS410,0.5576610267162323,0.543048769235611,0.014612257480621338,2,adamson,200,combined - no_graph
UFM1_pDS040,0.5497817397117615,0.5365502834320068,0.013231456279754639,2,adamson,200,combined - no_graph
YIPF5_pDS186,0.5649269819259644,0.5449815094470978,0.019945472478866577,2,adamson,200,combined - no_graph
AMIGO3_pDS434,0.42158806324005127,0.4030520021915436,0.01853606104850769,1,adamson,200,gene_ontology - no_graph
ARHGAP22_pDS458,0.2773257791996002,0.30583107471466064,-0.028505295515060425,1,adamson,200,gene_ontology - no_graph
ASCC3_pDS052,0.1933889091014862,0.1454528123140335,0.0479360967874527,1,adamson,200,gene_ontology - no_graph
ATP5B_pDS055,0.6760940551757812,0.6399964094161987,0.03609764575958252,1,adamson,200,gene_ontology - no_graph
CAD_pDS468,-0.09589084982872009,-0.09026937186717987,-0.005621477961540222,1,adamson,200,gene_ontology - no_graph
CARS_pDS460,0.8522002100944519,0.8379396200180054,0.014260590076446533,1,adamson,200,gene_ontology - no_graph
CCND3_pDS006,-0.12482048571109772,-0.0755363255739212,-0.049284160137176514,1,adamson,200,gene_ontology - no_graph
DAD1_pDS499,0.45464080572128296,0.44930630922317505,0.00533449649810791,1,adamson,200,gene_ontology - no_graph
DARS_pDS495,0.7450305223464966,0.7153292894363403,0.02970123291015625,1,adamson,200,gene_ontology - no_graph
DDRGK1_pDS041,0.5696054100990295,0.5639697313308716,0.005635678768157959,1,adamson,200,gene_ontology - no_graph
DERL2_pDS042,0.5719417333602905,0.6085204482078552,-0.0365787148475647,1,adamson,200,gene_ontology - no_graph
DNAJC19_pDS026,0.900603175163269,0.8755335211753845,0.02506965398788452,1,adamson,200,gene_ontology - no_graph
EIF2AK3_pBA572,0.5257601737976074,0.5439001321792603,-0.018139958381652832,1,adamson,200,gene_ontology - no_graph
EIF2B4_pDS491,0.8478484153747559,0.8344942331314087,0.013354182243347168,1,adamson,200,gene_ontology - no_graph
GMPPB_pDS391,0.2278180867433548,0.19505271315574646,0.03276537358760834,1,adamson,200,gene_ontology - no_graph
GNPNAT1_pDS506,-0.1378023326396942,-0.15782412886619568,0.020021796226501465,1,adamson,200,gene_ontology - no_graph
Gal4-4(mod)_pBA582,0.44337642192840576,0.4876609146595001,-0.04428449273109436,1,adamson,200,gene_ontology - no_graph
HARS_pDS466,0.8392801284790039,0.8259343504905701,0.013345777988433838,1,adamson,200,gene_ontology - no_graph
HSPA9_pDS088,0.7975307703018188,0.7686892747879028,0.028841495513916016,1,adamson,200,gene_ontology - no_graph
HYOU1_pDS089,0.3309112787246704,0.31840258836746216,0.012508690357208252,1,adamson,200,gene_ontology - no_graph
IARS2_pDS090,0.8538042902946472,0.8217460513114929,0.0320582389831543,1,adamson,200,gene_ontology - no_graph
IDH3A_pDS393,0.22611093521118164,0.24124130606651306,-0.015130370855331421,1,adamson,200,gene_ontology - no_graph
IER3IP1_pDS002,0.5860670804977417,0.572749137878418,0.01331794261932373,1,adamson,200,gene_ontology - no_graph
IER3IP1_pDS110,0.5762841701507568,0.5478065609931946,0.028477609157562256,1,adamson,200,gene_ontology - no_graph
KCTD16_pDS096,0.3683196008205414,0.37602245807647705,-0.007702857255935669,1,adamson,200,gene_ontology - no_graph
MRGBP_pDS124,-0.013864383101463318,-0.024601470679044724,0.010737087577581406,1,adamson,200,gene_ontology - no_graph
MTHFD1_pDS395,0.1293759047985077,0.12539559602737427,0.003980308771133423,1,adamson,200,gene_ontology - no_graph
OST4_pDS353,0.4921919107437134,0.48144349455833435,0.010748416185379028,1,adamson,200,gene_ontology - no_graph
P4HB_pDS397,0.16321516036987305,0.18237148225307465,-0.0191563218832016,1,adamson,200,gene_ontology - no_graph
PDIA6_pDS029,0.048485271632671356,0.0348125696182251,0.013672702014446259,1,adamson,200,gene_ontology - no_graph
PSMD4_pDS488,-0.08198525011539459,-0.05451841652393341,-0.02746683359146118,1,adamson,200,gene_ontology - no_graph
QARS_pDS510,0.8697402477264404,0.8676892518997192,0.0020509958267211914,1,adamson,200,gene_ontology - no_graph
SAMM50_pDS156,0.8061294555664062,0.7673015594482422,0.03882789611816406,1,adamson,200,gene_ontology - no_graph
SEC61A1_pDS031,0.6378096342086792,0.6104085445404053,0.027401089668273926,1,adamson,200,gene_ontology - no_graph
SEC61A1_pDS032,0.5682750940322876,0.5466784238815308,0.021596670150756836,1,adamson,200,gene_ontology - no_graph
SEC61B_pDS033,0.4128168225288391,0.38263100385665894,0.030185818672180176,1,adamson,200,gene_ontology - no_graph
SEC61B_pDS162,0.366362065076828,0.3308960199356079,0.03546604514122009,1,adamson,200,gene_ontology - no_graph
SEL1L_pDS373,0.36465877294540405,0.350330650806427,0.01432812213897705,1,adamson,200,gene_ontology - no_graph
SLC39A7_pDS219,0.4432430863380432,0.43824630975723267,0.004996776580810547,1,adamson,200,gene_ontology - no_graph
SLMO2_pDS433,0.8447908759117126,0.8077477812767029,0.037043094635009766,1,adamson,200,gene_ontology - no_graph
SOCS1_pDS479,0.4059540033340454,0.38909614086151123,0.01685786247253418,1,adamson,200,gene_ontology - no_graph
SPCS2_pDS401,0.4956015944480896,0.5022997260093689,-0.006698131561279297,1,adamson,200,gene_ontology - no_graph
SRPR_pDS482,-0.20374906063079834,-0.21601590514183044,0.012266844511032104,1,adamson,200,gene_ontology - no_graph
STT3A_pDS011,0.4113002121448517,0.4077036678791046,0.0035965442657470703,1,adamson,200,gene_ontology - no_graph
TIMM23_pDS284,0.7964849472045898,0.7645076513290405,0.031977295875549316,1,adamson,200,gene_ontology - no_graph
TMEM167A_pDS038,0.6490659713745117,0.630752682685852,0.018313288688659668,1,adamson,200,gene_ontology - no_graph
TTI2_pDS408,-0.16828930377960205,-0.17383474111557007,0.005545437335968018,1,adamson,200,gene_ontology - no_graph
UFL1_pDS410,0.5602091550827026,0.5432493686676025,0.016959786415100098,1,adamson,200,gene_ontology - no_graph
UFM1_pDS040,0.5527981519699097,0.5361919403076172,0.01660621166229248,1,adamson,200,gene_ontology - no_graph
YIPF5_pDS186,0.5652390122413635,0.5447025299072266,0.020536482334136963,1,adamson,200,gene_ontology - no_graph
AMIGO3_pDS434,0.4255892038345337,0.40375590324401855,0.021833300590515137,1,adamson,200,random - no_graph
ARHGAP22_pDS458,0.2839471697807312,0.30603015422821045,-0.022082984447479248,1,adamson,200,random - no_graph
ASCC3_pDS052,0.18922866880893707,0.1463419646024704,0.042886704206466675,1,adamson,200,random - no_graph
ATP5B_pDS055,0.6718299388885498,0.6397336721420288,0.032096266746520996,1,adamson,200,random - no_graph
CAD_pDS468,-0.0972345620393753,-0.08992534875869751,-0.007309213280677795,1,adamson,200,random - no_graph
CARS_pDS460,0.8505855798721313,0.839167058467865,0.011418521404266357,1,adamson,200,random - no_graph
CCND3_pDS006,-0.11875316500663757,-0.07730050384998322,-0.04145266115665436,1,adamson,200,random - no_graph
DAD1_pDS499,0.4547623097896576,0.44803017377853394,0.006732136011123657,1,adamson,200,random - no_graph
DARS_pDS495,0.7373160719871521,0.7161422967910767,0.02117377519607544,1,adamson,200,random - no_graph
DDRGK1_pDS041,0.5710866451263428,0.5639375448226929,0.007149100303649902,1,adamson,200,random - no_graph
DERL2_pDS042,0.5753639936447144,0.6087793111801147,-0.03341531753540039,1,adamson,200,random - no_graph
DNAJC19_pDS026,0.8984905481338501,0.8739644289016724,0.024526119232177734,1,adamson,200,random - no_graph
EIF2AK3_pBA572,0.5291007161140442,0.5435066819190979,-0.014405965805053711,1,adamson,200,random - no_graph
EIF2B4_pDS491,0.852491021156311,0.8348052501678467,0.017685770988464355,1,adamson,200,random - no_graph
GMPPB_pDS391,0.22871878743171692,0.1978130042552948,0.03090578317642212,1,adamson,200,random - no_graph
GNPNAT1_pDS506,-0.13263335824012756,-0.15774065256118774,0.02510729432106018,1,adamson,200,random - no_graph
Gal4-4(mod)_pBA582,0.44506821036338806,0.48716476559638977,-0.04209655523300171,1,adamson,200,random - no_graph
HARS_pDS466,0.8384268283843994,0.8261517286300659,0.012275099754333496,1,adamson,200,random - no_graph
HSPA9_pDS088,0.7950023412704468,0.7644447684288025,0.030557572841644287,1,adamson,200,random - no_graph
HYOU1_pDS089,0.32708147168159485,0.319047212600708,0.00803425908088684,1,adamson,200,random - no_graph
IARS2_pDS090,0.8503732681274414,0.8218948841094971,0.028478384017944336,1,adamson,200,random - no_graph
IDH3A_pDS393,0.22881045937538147,0.2416689395904541,-0.012858480215072632,1,adamson,200,random - no_graph
IER3IP1_pDS002,0.5849419832229614,0.5741342306137085,0.01080775260925293,1,adamson,200,random - no_graph
IER3IP1_pDS110,0.5698611736297607,0.550879716873169,0.018981456756591797,1,adamson,200,random - no_graph
KCTD16_pDS096,0.37174034118652344,0.37609440088272095,-0.00435405969619751,1,adamson,200,random - no_graph
MRGBP_pDS124,-0.016398204490542412,-0.024568310007452965,0.008170105516910553,1,adamson,200,random - no_graph
MTHFD1_pDS395,0.1346011757850647,0.12621399760246277,0.008387178182601929,1,adamson,200,random - no_graph
OST4_pDS353,0.4888569712638855,0.4797403812408447,0.009116590023040771,1,adamson,200,random - no_graph
P4HB_pDS397,0.16007421910762787,0.1819676160812378,-0.021893396973609924,1,adamson,200,random - no_graph
PDIA6_pDS029,0.04996132850646973,0.03487929701805115,0.015082031488418579,1,adamson,200,random - no_graph
PSMD4_pDS488,-0.07665704190731049,-0.05343799293041229,-0.023219048976898193,1,adamson,200,random - no_graph
QARS_pDS510,0.8701080083847046,0.868036150932312,0.002071857452392578,1,adamson,200,random - no_graph
SAMM50_pDS156,0.7994987964630127,0.767005443572998,0.03249335289001465,1,adamson,200,random - no_graph
SEC61A1_pDS031,0.6367967128753662,0.6102681159973145,0.026528596878051758,1,adamson,200,random - no_graph
SEC61A1_pDS032,0.5705854892730713,0.5477992296218872,0.022786259651184082,1,adamson,200,random - no_graph
SEC61B_pDS033,0.4122055172920227,0.3815993070602417,0.030606210231781006,1,adamson,200,random - no_graph
SEC61B_pDS162,0.3628588318824768,0.3284745216369629,0.034384310245513916,1,adamson,200,random - no_graph
SEL1L_pDS373,0.36356157064437866,0.3485702872276306,0.014991283416748047,1,adamson,200,random - no_graph
SLC39A7_pDS219,0.4364761412143707,0.4363133907318115,0.0001627504825592041,1,adamson,200,random - no_graph
SLMO2_pDS433,0.8406226634979248,0.8085188269615173,0.03210383653640747,1,adamson,200,random - no_graph
SOCS1_pDS479,0.4044302701950073,0.3898056745529175,0.014624595642089844,1,adamson,200,random - no_graph
SPCS2_pDS401,0.4972281754016876,0.5022052526473999,-0.00497707724571228,1,adamson,200,random - no_graph
SRPR_pDS482,-0.19334210455417633,-0.21586787700653076,0.02252577245235443,1,adamson,200,random - no_graph
STT3A_pDS011,0.41005370020866394,0.4075253903865814,0.0025283098220825195,1,adamson,200,random - no_graph
TIMM23_pDS284,0.7907341718673706,0.7645874619483948,0.02614670991897583,1,adamson,200,random - no_graph
TMEM167A_pDS038,0.6499626636505127,0.6308284997940063,0.019134163856506348,1,adamson,200,random - no_graph
TTI2_pDS408,-0.17196278274059296,-0.1741783618927002,0.0022155791521072388,1,adamson,200,random - no_graph
UFL1_pDS410,0.5615937113761902,0.5428481698036194,0.0187455415725708,1,adamson,200,random - no_graph
UFM1_pDS040,0.5508124232292175,0.5369086265563965,0.013903796672821045,1,adamson,200,random - no_graph
YIPF5_pDS186,0.5612269043922424,0.545260488986969,0.015966415405273438,1,adamson,200,random - no_graph
AMIGO3_pDS434,0.4225650429725647,0.4263527989387512,-0.0037877559661865234,2,adamson,200,combined - random
ARHGAP22_pDS458,0.2775619626045227,0.28255605697631836,-0.004994094371795654,2,adamson,200,combined - random
ASCC3_pDS052,0.1936875581741333,0.1878202185034752,0.005867339670658112,2,adamson,200,combined - random
ATP5B_pDS055,0.6763884425163269,0.6728094816207886,0.00357896089553833,2,adamson,200,combined - random
CAD_pDS468,-0.09663714841008186,-0.09690365195274353,0.00026650354266166687,2,adamson,200,combined - random
CARS_pDS460,0.8525614440441132,0.8498828113079071,0.0026786327362060547,2,adamson,200,combined - random
CCND3_pDS006,-0.12328533083200455,-0.11722549423575401,-0.006059836596250534,2,adamson,200,combined - random
DAD1_pDS499,0.452762633562088,0.45562873780727386,-0.002866104245185852,2,adamson,200,combined - random
DARS_pDS495,0.7454557120800018,0.7381477355957031,0.007307976484298706,2,adamson,200,combined - random
DDRGK1_pDS041,0.5692722201347351,0.5706280171871185,-0.0013557970523834229,2,adamson,200,combined - random
DERL2_pDS042,0.5709728598594666,0.5749850869178772,-0.0040122270584106445,2,adamson,200,combined - random
DNAJC19_pDS026,0.9005346894264221,0.8978847563266754,0.002649933099746704,2,adamson,200,combined - random
EIF2AK3_pBA572,0.5271255075931549,0.5280686020851135,-0.0009430944919586182,2,adamson,200,combined - random
EIF2B4_pDS491,0.8580373525619507,0.8527316451072693,0.0053057074546813965,2,adamson,200,combined - random
GMPPB_pDS391,0.22784890979528427,0.22858528792858124,-0.0007363781332969666,2,adamson,200,combined - random
GNPNAT1_pDS506,-0.13289480656385422,-0.13398248702287674,0.001087680459022522,2,adamson,200,combined - random
Gal4-4(mod)_pBA582,0.4404483735561371,0.44476552307605743,-0.004317149519920349,2,adamson,200,combined - random
HARS_pDS466,0.8381601572036743,0.8368993401527405,0.0012608170509338379,2,adamson,200,combined - random
HSPA9_pDS088,0.7975981831550598,0.7958516776561737,0.0017465054988861084,2,adamson,200,combined - random
HYOU1_pDS089,0.33162057399749756,0.3278833478689194,0.003737226128578186,2,adamson,200,combined - random
IARS2_pDS090,0.8557908236980438,0.8531683385372162,0.0026224851608276367,2,adamson,200,combined - random
IDH3A_pDS393,0.22433209419250488,0.22668473422527313,-0.0023526400327682495,2,adamson,200,combined - random
IER3IP1_pDS002,0.5813387632369995,0.5872533321380615,-0.005914568901062012,2,adamson,200,combined - random
IER3IP1_pDS110,0.5750163495540619,0.5717708766460419,0.0032454729080200195,2,adamson,200,combined - random
KCTD16_pDS096,0.36830711364746094,0.37004876136779785,-0.001741647720336914,2,adamson,200,combined - random
MRGBP_pDS124,-0.01463153026998043,-0.016806102357804775,0.0021745720878243446,2,adamson,200,combined - random
MTHFD1_pDS395,0.13575246930122375,0.1363818719983101,-0.0006294026970863342,2,adamson,200,combined - random
OST4_pDS353,0.49127301573753357,0.48948347568511963,0.0017895400524139404,2,adamson,200,combined - random
P4HB_pDS397,0.16063932329416275,0.16299448907375336,-0.0023551657795906067,2,adamson,200,combined - random
PDIA6_pDS029,0.04885189235210419,0.0494965985417366,-0.0006447061896324158,2,adamson,200,combined - random
PSMD4_pDS488,-0.08222692832350731,-0.0792522095143795,-0.0029747188091278076,2,adamson,200,combined - random
QARS_pDS510,0.8708235025405884,0.8685018420219421,0.0023216605186462402,2,adamson,200,combined - random
SAMM50_pDS156,0.8063887059688568,0.8005756735801697,0.005813032388687134,2,adamson,200,combined - random
SEC61A1_pDS031,0.6376335322856903,0.636943519115448,0.0006900131702423096,2,adamson,200,combined - random
SEC61A1_pDS032,0.5707982182502747,0.5696080923080444,0.0011901259422302246,2,adamson,200,combined - random
SEC61B_pDS033,0.4169050455093384,0.41508176922798157,0.0018232762813568115,2,adamson,200,combined - random
SEC61B_pDS162,0.3680642545223236,0.36593998968601227,0.0021242648363113403,2,adamson,200,combined - random
SEL1L_pDS373,0.3585395812988281,0.3635116517543793,-0.0049720704555511475,2,adamson,200,combined - random
SLC39A7_pDS219,0.4420687258243561,0.43991459906101227,0.002154126763343811,2,adamson,200,combined - random
SLMO2_pDS433,0.8457155823707581,0.8432782292366028,0.0024373531341552734,2,adamson,200,combined - random
SOCS1_pDS479,0.4070630967617035,0.405691534280777,0.0013715624809265137,2,adamson,200,combined - random
SPCS2_pDS401,0.4947972297668457,0.4948703199625015,-7.309019565582275e-05,2,adamson,200,combined - random
SRPR_pDS482,-0.20385951548814774,-0.19883491843938828,-0.0050245970487594604,2,adamson,200,combined - random
STT3A_pDS011,0.41107577085494995,0.41200850903987885,-0.000932738184928894,2,adamson,200,combined - random
TIMM23_pDS284,0.7975195646286011,0.794269323348999,0.0032502412796020508,2,adamson,200,combined - random
TMEM167A_pDS038,0.6517910659313202,0.6495846211910248,0.00220644474029541,2,adamson,200,combined - random
TTI2_pDS408,-0.16884858906269073,-0.17269819229841232,0.003849603235721588,2,adamson,200,combined - random
UFL1_pDS410,0.5580255389213562,0.5599002540111542,-0.0018747150897979736,2,adamson,200,combined - random
UFM1_pDS040,0.5507975816726685,0.551334947347641,-0.0005373656749725342,2,adamson,200,combined - random
YIPF5_pDS186,0.5662556290626526,0.5627760887145996,0.0034795403480529785,2,adamson,200,combined - random
AMIGO3_pDS434,0.42068353295326233,0.42711639404296875,-0.006432861089706421,1,adamson,200,string_ppi - random
ARHGAP22_pDS458,0.27581587433815,0.2811649441719055,-0.005349069833755493,1,adamson,200,string_ppi - random
ASCC3_pDS052,0.1927131712436676,0.1864117681980133,0.006301403045654297,1,adamson,200,string_ppi - random
ATP5B_pDS055,0.6740516424179077,0.6737890243530273,0.0002626180648803711,1,adamson,200,string_ppi - random
CAD_pDS468,-0.09539999067783356,-0.09657274186611176,0.0011727511882781982,1,adamson,200,string_ppi - random
CARS_pDS460,0.8523475527763367,0.8491800427436829,0.0031675100326538086,1,adamson,200,string_ppi - random
CCND3_pDS006,-0.126687690615654,-0.11569782346487045,-0.010989867150783539,1,adamson,200,string_ppi - random
DAD1_pDS499,0.4547863006591797,0.45649516582489014,-0.0017088651657104492,1,adamson,200,string_ppi - random
DARS_pDS495,0.746220588684082,0.7389793992042542,0.007241189479827881,1,adamson,200,string_ppi - random
DDRGK1_pDS041,0.5667394399642944,0.5701693892478943,-0.0034299492835998535,1,adamson,200,string_ppi - random
DERL2_pDS042,0.5720006227493286,0.57460618019104,-0.0026055574417114258,1,adamson,200,string_ppi - random
DNAJC19_pDS026,0.8982921838760376,0.8972789645195007,0.0010132193565368652,1,adamson,200,string_ppi - random
EIF2AK3_pBA572,0.5243068933486938,0.5270364880561829,-0.0027295947074890137,1,adamson,200,string_ppi - random
EIF2B4_pDS491,0.8590987324714661,0.8529722690582275,0.006126463413238525,1,adamson,200,string_ppi - random
GMPPB_pDS391,0.22240892052650452,0.22845178842544556,-0.00604286789894104,1,adamson,200,string_ppi - random
GNPNAT1_pDS506,-0.13300977647304535,-0.13533161580562592,0.0023218393325805664,1,adamson,200,string_ppi - random
Gal4-4(mod)_pBA582,0.4397849440574646,0.4444628357887268,-0.004677891731262207,1,adamson,200,string_ppi - random
HARS_pDS466,0.836412787437439,0.8353718519210815,0.0010409355163574219,1,adamson,200,string_ppi - random
HSPA9_pDS088,0.7853803634643555,0.7967010140419006,-0.011320650577545166,1,adamson,200,string_ppi - random
HYOU1_pDS089,0.3307174742221832,0.3286852240562439,0.002032250165939331,1,adamson,200,string_ppi - random
IARS2_pDS090,0.8547354936599731,0.855963408946991,-0.0012279152870178223,1,adamson,200,string_ppi - random
IDH3A_pDS393,0.226455956697464,0.2245590090751648,0.0018969476222991943,1,adamson,200,string_ppi - random
IER3IP1_pDS002,0.5866953134536743,0.5895646810531616,-0.0028693675994873047,1,adamson,200,string_ppi - random
IER3IP1_pDS110,0.5773097276687622,0.573680579662323,0.003629148006439209,1,adamson,200,string_ppi - random
KCTD16_pDS096,0.3648907542228699,0.36835718154907227,-0.0034664273262023926,1,adamson,200,string_ppi - random
MRGBP_pDS124,-0.006543751806020737,-0.01721400022506714,0.010670248419046402,1,adamson,200,string_ppi - random
MTHFD1_pDS395,0.13390862941741943,0.13816256821155548,-0.004253938794136047,1,adamson,200,string_ppi - random
OST4_pDS353,0.49104204773902893,0.49010998010635376,0.0009320676326751709,1,adamson,200,string_ppi - random
P4HB_pDS397,0.16036218404769897,0.16591475903987885,-0.005552574992179871,1,adamson,200,string_ppi - random
PDIA6_pDS029,0.04868747293949127,0.04903186857700348,-0.00034439563751220703,1,adamson,200,string_ppi - random
PSMD4_pDS488,-0.08065754175186157,-0.08184737712144852,0.0011898353695869446,1,adamson,200,string_ppi - random
QARS_pDS510,0.8716440200805664,0.8668956756591797,0.004748344421386719,1,adamson,200,string_ppi - random
SAMM50_pDS156,0.8060927391052246,0.8016525506973267,0.004440188407897949,1,adamson,200,string_ppi - random
SEC61A1_pDS031,0.6390221118927002,0.6370903253555298,0.0019317865371704102,1,adamson,200,string_ppi - random
SEC61A1_pDS032,0.5697859525680542,0.5686306953430176,0.001155257225036621,1,adamson,200,string_ppi - random
SEC61B_pDS033,0.41730302572250366,0.41795802116394043,-0.0006549954414367676,1,adamson,200,string_ppi - random
SEC61B_pDS162,0.3618643581867218,0.36902114748954773,-0.007156789302825928,1,adamson,200,string_ppi - random
SEL1L_pDS373,0.36061638593673706,0.3634617328643799,-0.0028453469276428223,1,adamson,200,string_ppi - random
SLC39A7_pDS219,0.4426482319831848,0.4433530569076538,-0.0007048249244689941,1,adamson,200,string_ppi - random
SLMO2_pDS433,0.8447222113609314,0.8459337949752808,-0.0012115836143493652,1,adamson,200,string_ppi - random
SOCS1_pDS479,0.4069387912750244,0.40695279836654663,-1.4007091522216797e-05,1,adamson,200,string_ppi - random
SPCS2_pDS401,0.4942297339439392,0.49251246452331543,0.0017172694206237793,1,adamson,200,string_ppi - random
SRPR_pDS482,-0.20054122805595398,-0.20432773232460022,0.0037865042686462402,1,adamson,200,string_ppi - random
STT3A_pDS011,0.4071357250213623,0.41396331787109375,-0.006827592849731445,1,adamson,200,string_ppi - random
TIMM23_pDS284,0.7972407341003418,0.7978044748306274,-0.0005637407302856445,1,adamson,200,string_ppi - random
TMEM167A_pDS038,0.6471412181854248,0.6492065787315369,-0.0020653605461120605,1,adamson,200,string_ppi - random
TTI2_pDS408,-0.1668272316455841,-0.1734336018562317,0.006606370210647583,1,adamson,200,string_ppi - random
UFL1_pDS410,0.5570864677429199,0.5582067966461182,-0.0011203289031982422,1,adamson,200,string_ppi - random
UFM1_pDS040,0.5532901287078857,0.5518574714660645,0.001432657241821289,1,adamson,200,string_ppi - random
YIPF5_pDS186,0.558901846408844,0.5643252730369568,-0.005423426628112793,1,adamson,200,string_ppi - random
AMIGO3_pDS434,0.42416566610336304,0.42711639404296875,-0.002950727939605713,1,adamson,200,gene_ontology - random
ARHGAP22_pDS458,0.2773672938346863,0.2811649441719055,-0.0037976503372192383,1,adamson,200,gene_ontology - random
ASCC3_pDS052,0.1935645341873169,0.1864117681980133,0.007152765989303589,1,adamson,200,gene_ontology - random
ATP5B_pDS055,0.6768940687179565,0.6737890243530273,0.0031050443649291992,1,adamson,200,gene_ontology - random
CAD_pDS468,-0.09597717225551605,-0.09657274186611176,0.0005955696105957031,1,adamson,200,gene_ontology - random
CARS_pDS460,0.8523718118667603,0.8491800427436829,0.0031917691230773926,1,adamson,200,gene_ontology - random
CCND3_pDS006,-0.11937502026557922,-0.11569782346487045,-0.0036771968007087708,1,adamson,200,gene_ontology - random
DAD1_pDS499,0.4549776613712311,0.45649516582489014,-0.0015175044536590576,1,adamson,200,gene_ontology - random
DARS_pDS495,0.7428053021430969,0.7389793992042542,0.0038259029388427734,1,adamson,200,gene_ontology - random
DDRGK1_pDS041,0.5713254809379578,0.5701693892478943,0.0011560916900634766,1,adamson,200,gene_ontology - random
DERL2_pDS042,0.5705063343048096,0.57460618019104,-0.004099845886230469,1,adamson,200,gene_ontology - random
DNAJC19_pDS026,0.9002044796943665,0.8972789645195007,0.0029255151748657227,1,adamson,200,gene_ontology - random
EIF2AK3_pBA572,0.524163007736206,0.5270364880561829,-0.0028734803199768066,1,adamson,200,gene_ontology - random
EIF2B4_pDS491,0.8573843836784363,0.8529722690582275,0.00441211462020874,1,adamson,200,gene_ontology - random
GMPPB_pDS391,0.22958680987358093,0.22845178842544556,0.001135021448135376,1,adamson,200,gene_ontology - random
GNPNAT1_pDS506,-0.13239814341068268,-0.13533161580562592,0.0029334723949432373,1,adamson,200,gene_ontology - random
Gal4-4(mod)_pBA582,0.4406169056892395,0.4444628357887268,-0.0038459300994873047,1,adamson,200,gene_ontology - random
HARS_pDS466,0.8353589773178101,0.8353718519210815,-1.2874603271484375e-05,1,adamson,200,gene_ontology - random
HSPA9_pDS088,0.7974036931991577,0.7967010140419006,0.0007026791572570801,1,adamson,200,gene_ontology - random
HYOU1_pDS089,0.3317568302154541,0.3286852240562439,0.003071606159210205,1,adamson,200,gene_ontology - random
IARS2_pDS090,0.8548094630241394,0.855963408946991,-0.0011539459228515625,1,adamson,200,gene_ontology - random
IDH3A_pDS393,0.22591432929039001,0.2245590090751648,0.0013553202152252197,1,adamson,200,gene_ontology - random
IER3IP1_pDS002,0.5866216421127319,0.5895646810531616,-0.0029430389404296875,1,adamson,200,gene_ontology - random
IER3IP1_pDS110,0.5760676860809326,0.573680579662323,0.002387106418609619,1,adamson,200,gene_ontology - random
KCTD16_pDS096,0.3684329390525818,0.36835718154907227,7.575750350952148e-05,1,adamson,200,gene_ontology - random
MRGBP_pDS124,-0.018107296898961067,-0.01721400022506714,-0.0008932966738939285,1,adamson,200,gene_ontology - random
MTHFD1_pDS395,0.135538250207901,0.13816256821155548,-0.00262431800365448,1,adamson,200,gene_ontology - random
OST4_pDS353,0.4915405511856079,0.49010998010635376,0.0014305710792541504,1,adamson,200,gene_ontology - random
P4HB_pDS397,0.16422249376773834,0.16591475903987885,-0.001692265272140503,1,adamson,200,gene_ontology - random
PDIA6_pDS029,0.04878363013267517,0.04903186857700348,-0.0002482384443283081,1,adamson,200,gene_ontology - random
PSMD4_pDS488,-0.08466701209545135,-0.08184737712144852,-0.002819634974002838,1,adamson,200,gene_ontology - random
QARS_pDS510,0.8683168888092041,0.8668956756591797,0.001421213150024414,1,adamson,200,gene_ontology - random
SAMM50_pDS156,0.8036351203918457,0.8016525506973267,0.001982569694519043,1,adamson,200,gene_ontology - random
SEC61A1_pDS031,0.6372673511505127,0.6370903253555298,0.00017702579498291016,1,adamson,200,gene_ontology - random
SEC61A1_pDS032,0.5687137842178345,0.5686306953430176,8.308887481689453e-05,1,adamson,200,gene_ontology - random
SEC61B_pDS033,0.4151687026023865,0.41795802116394043,-0.002789318561553955,1,adamson,200,gene_ontology - random
SEC61B_pDS162,0.3673473000526428,0.36902114748954773,-0.0016738474369049072,1,adamson,200,gene_ontology - random
SEL1L_pDS373,0.3645058870315552,0.3634617328643799,0.001044154167175293,1,adamson,200,gene_ontology - random
SLC39A7_pDS219,0.4428628981113434,0.4433530569076538,-0.0004901587963104248,1,adamson,200,gene_ontology - random
SLMO2_pDS433,0.8449133634567261,0.8459337949752808,-0.0010204315185546875,1,adamson,200,gene_ontology - random
SOCS1_pDS479,0.40686869621276855,0.40695279836654663,-8.410215377807617e-05,1,adamson,200,gene_ontology - random
SPCS2_pDS401,0.49596109986305237,0.49251246452331543,0.0034486353397369385,1,adamson,200,gene_ontology - random
SRPR_pDS482,-0.20421570539474487,-0.20432773232460022,0.00011202692985534668,1,adamson,200,gene_ontology - random
STT3A_pDS011,0.41203799843788147,0.41396331787109375,-0.0019253194332122803,1,adamson,200,gene_ontology - random
TIMM23_pDS284,0.7974368929862976,0.7978044748306274,-0.000367581844329834,1,adamson,200,gene_ontology - random
TMEM167A_pDS038,0.6503549814224243,0.6492065787315369,0.0011484026908874512,1,adamson,200,gene_ontology - random
TTI2_pDS408,-0.1672409623861313,-0.1734336018562317,0.006192639470100403,1,adamson,200,gene_ontology - random
UFL1_pDS410,0.56059330701828,0.5582067966461182,0.0023865103721618652,1,adamson,200,gene_ontology - random
UFM1_pDS040,0.5532078146934509,0.5518574714660645,0.0013503432273864746,1,adamson,200,gene_ontology - random
YIPF5_pDS186,0.5663769245147705,0.5643252730369568,0.0020516514778137207,1,adamson,200,gene_ontology - random
AMIGO3_pDS434,0.3756960481405258,0.35506875813007355,0.02062729001045227,2,adamson,500,combined - no_graph
ARHGAP22_pDS458,0.3606976121664047,0.37337785959243774,-0.01268024742603302,2,adamson,500,combined - no_graph
ASCC3_pDS052,0.2594204992055893,0.22168269008398056,0.037737809121608734,2,adamson,500,combined - no_graph
ATP5B_pDS055,0.658629447221756,0.6188052296638489,0.039824217557907104,2,adamson,500,combined - no_graph
CAD_pDS468,-0.09938900917768478,-0.09237190335988998,-0.0070171058177948,2,adamson,500,combined - no_graph
CARS_pDS460,0.8488576114177704,0.8301423788070679,0.018715232610702515,2,adamson,500,combined - no_graph
CCND3_pDS006,0.021639384329319,0.0613287016749382,-0.0396893173456192,2,adamson,500,combined - no_graph
DAD1_pDS499,0.45726773142814636,0.4465526342391968,0.010715097188949585,2,adamson,500,combined - no_graph
DARS_pDS495,0.7116663157939911,0.6870182454586029,0.024648070335388184,2,adamson,500,combined - no_graph
DDRGK1_pDS041,0.542812317609787,0.5277270078659058,0.015085309743881226,2,adamson,500,combined - no_graph
DERL2_pDS042,0.5596301555633545,0.5978386998176575,-0.03820854425430298,2,adamson,500,combined - no_graph
DNAJC19_pDS026,0.8880457878112793,0.8578301668167114,0.03021562099456787,2,adamson,500,combined - no_graph
EIF2AK3_pBA572,0.44751620292663574,0.46791867911815643,-0.02040247619152069,2,adamson,500,combined - no_graph
EIF2B4_pDS491,0.8489135801792145,0.8195869326591492,0.029326647520065308,2,adamson,500,combined - no_graph
GMPPB_pDS391,0.1955050751566887,0.15308622270822525,0.04241885244846344,2,adamson,500,combined - no_graph
GNPNAT1_pDS506,-0.11959648132324219,-0.13525709509849548,0.015660613775253296,2,adamson,500,combined - no_graph
Gal4-4(mod)_pBA582,0.36741743981838226,0.40630488097667694,-0.03888744115829468,2,adamson,500,combined - no_graph
HARS_pDS466,0.7976876497268677,0.7816708385944366,0.01601681113243103,2,adamson,500,combined - no_graph
HSPA9_pDS088,0.8292154371738434,0.7951536476612091,0.03406178951263428,2,adamson,500,combined - no_graph
HYOU1_pDS089,0.3720286786556244,0.348965048789978,0.023063629865646362,2,adamson,500,combined - no_graph
IARS2_pDS090,0.8638910353183746,0.8311423063278198,0.03274872899055481,2,adamson,500,combined - no_graph
IDH3A_pDS393,0.28068146109580994,0.27256105840206146,0.008120402693748474,2,adamson,500,combined - no_graph
IER3IP1_pDS002,0.5918115675449371,0.5708049833774567,0.02100658416748047,2,adamson,500,combined - no_graph
IER3IP1_pDS110,0.5390689969062805,0.5041404068470001,0.034928590059280396,2,adamson,500,combined - no_graph
KCTD16_pDS096,0.35098347067832947,0.35380446910858154,-0.002820998430252075,2,adamson,500,combined - no_graph
MRGBP_pDS124,0.10631364583969116,0.10306976735591888,0.003243878483772278,2,adamson,500,combined - no_graph
MTHFD1_pDS395,0.13577141612768173,0.13891170173883438,-0.003140285611152649,2,adamson,500,combined - no_graph
OST4_pDS353,0.4655548334121704,0.43778593838214874,0.027768895030021667,2,adamson,500,combined - no_graph
P4HB_pDS397,0.11215945333242416,0.11269774287939072,-0.0005382895469665527,2,adamson,500,combined - no_graph
PDIA6_pDS029,0.07151981070637703,0.059671277180314064,0.011848533526062965,2,adamson,500,combined - no_graph
PSMD4_pDS488,0.07798440009355545,0.10117317363619804,-0.023188773542642593,2,adamson,500,combined - no_graph
QARS_pDS510,0.8706317245960236,0.861542820930481,0.009088903665542603,2,adamson,500,combined - no_graph
SAMM50_pDS156,0.7452824115753174,0.7013001143932343,0.04398229718208313,2,adamson,500,combined - no_graph
SEC61A1_pDS031,0.6964110732078552,0.6674535870552063,0.028957486152648926,2,adamson,500,combined - no_graph
SEC61A1_pDS032,0.6387768983840942,0.6189937591552734,0.0197831392288208,2,adamson,500,combined - no_graph
SEC61B_pDS033,0.3968333303928375,0.3594135195016861,0.03741981089115143,2,adamson,500,combined - no_graph
SEC61B_pDS162,0.3537512421607971,0.30912376940250397,0.04462747275829315,2,adamson,500,combined - no_graph
SEL1L_pDS373,0.34863556921482086,0.31925269961357117,0.029382869601249695,2,adamson,500,combined - no_graph
SLC39A7_pDS219,0.3701331317424774,0.35138024389743805,0.018752887845039368,2,adamson,500,combined - no_graph
SLMO2_pDS433,0.852936714887619,0.8201469480991364,0.032789766788482666,2,adamson,500,combined - no_graph
SOCS1_pDS479,0.40891386568546295,0.3822149336338043,0.02669893205165863,2,adamson,500,combined - no_graph
SPCS2_pDS401,0.48063167929649353,0.4756424278020859,0.004989251494407654,2,adamson,500,combined - no_graph
SRPR_pDS482,-0.11068838834762573,-0.11668488010764122,0.005996491760015488,2,adamson,500,combined - no_graph
STT3A_pDS011,0.35722510516643524,0.34786295890808105,0.009362146258354187,2,adamson,500,combined - no_graph
TIMM23_pDS284,0.7638066411018372,0.7238861620426178,0.03992047905921936,2,adamson,500,combined - no_graph
TMEM167A_pDS038,0.637643039226532,0.6101443469524384,0.027498692274093628,2,adamson,500,combined - no_graph
TTI2_pDS408,-0.00670725479722023,-0.016048001125454903,0.009340746328234673,2,adamson,500,combined - no_graph
UFL1_pDS410,0.5201703906059265,0.4919629991054535,0.028207391500473022,2,adamson,500,combined - no_graph
UFM1_pDS040,0.49421024322509766,0.46580109000205994,0.02840915322303772,2,adamson,500,combined - no_graph
YIPF5_pDS186,0.5349401533603668,0.5049902498722076,0.02994990348815918,2,adamson,500,combined - no_graph
AMIGO3_pDS434,0.37397301197052,0.35506875813007355,0.018904253840446472,2,adamson,500,string_ppi - no_graph
ARHGAP22_pDS458,0.3614611178636551,0.37337785959243774,-0.011916741728782654,2,adamson,500,string_ppi - no_graph
ASCC3_pDS052,0.26029784977436066,0.22168269008398056,0.038615159690380096,2,adamson,500,string_ppi - no_graph
ATP5B_pDS055,0.6586361527442932,0.6188052296638489,0.039830923080444336,2,adamson,500,string_ppi - no_graph
CAD_pDS468,-0.09880302101373672,-0.09237190335988998,-0.006431117653846741,2,adamson,500,string_ppi - no_graph
CARS_pDS460,0.8489424884319305,0.8301423788070679,0.01880010962486267,2,adamson,500,string_ppi - no_graph
CCND3_pDS006,0.021912556141614914,0.0613287016749382,-0.03941614553332329,2,adamson,500,string_ppi - no_graph
DAD1_pDS499,0.4557557702064514,0.4465526342391968,0.009203135967254639,2,adamson,500,string_ppi - no_graph
DARS_pDS495,0.711654782295227,0.6870182454586029,0.024636536836624146,2,adamson,500,string_ppi - no_graph
DDRGK1_pDS041,0.542992502450943,0.5277270078659058,0.015265494585037231,2,adamson,500,string_ppi - no_graph
DERL2_pDS042,0.5597202777862549,0.5978386998176575,-0.03811842203140259,2,adamson,500,string_ppi - no_graph
DNAJC19_pDS026,0.8881434500217438,0.8578301668167114,0.03031328320503235,2,adamson,500,string_ppi - no_graph
EIF2AK3_pBA572,0.4454018622636795,0.46791867911815643,-0.02251681685447693,2,adamson,500,string_ppi - no_graph
EIF2B4_pDS491,0.8486792743206024,0.8195869326591492,0.029092341661453247,2,adamson,500,string_ppi - no_graph
GMPPB_pDS391,0.19732992351055145,0.15308622270822525,0.0442437008023262,2,adamson,500,string_ppi - no_graph
GNPNAT1_pDS506,-0.11861991882324219,-0.13525709509849548,0.016637176275253296,2,adamson,500,string_ppi - no_graph
Gal4-4(mod)_pBA582,0.3671194612979889,0.40630488097667694,-0.03918541967868805,2,adamson,500,string_ppi - no_graph
HARS_pDS466,0.7991175651550293,0.7816708385944366,0.01744672656059265,2,adamson,500,string_ppi - no_graph
HSPA9_pDS088,0.8285780847072601,0.7951536476612091,0.033424437046051025,2,adamson,500,string_ppi - no_graph
HYOU1_pDS089,0.37142209708690643,0.348965048789978,0.022457048296928406,2,adamson,500,string_ppi - no_graph
IARS2_pDS090,0.8631561994552612,0.8311423063278198,0.032013893127441406,2,adamson,500,string_ppi - no_graph
IDH3A_pDS393,0.2818603813648224,0.27256105840206146,0.009299322962760925,2,adamson,500,string_ppi - no_graph
IER3IP1_pDS002,0.592155933380127,0.5708049833774567,0.021350950002670288,2,adamson,500,string_ppi - no_graph
IER3IP1_pDS110,0.5400663018226624,0.5041404068470001,0.03592589497566223,2,adamson,500,string_ppi - no_graph
KCTD16_pDS096,0.35116198658943176,0.35380446910858154,-0.0026424825191497803,2,adamson,500,string_ppi - no_graph
MRGBP_pDS124,0.10509001463651657,0.10306976735591888,0.0020202472805976868,2,adamson,500,string_ppi - no_graph
MTHFD1_pDS395,0.13508320599794388,0.13891170173883438,-0.003828495740890503,2,adamson,500,string_ppi - no_graph
OST4_pDS353,0.46525314450263977,0.43778593838214874,0.027467206120491028,2,adamson,500,string_ppi - no_graph
P4HB_pDS397,0.1120998002588749,0.11269774287939072,-0.0005979426205158234,2,adamson,500,string_ppi - no_graph
PDIA6_pDS029,0.07085300609469414,0.059671277180314064,0.011181728914380074,2,adamson,500,string_ppi - no_graph
PSMD4_pDS488,0.07842962071299553,0.10117317363619804,-0.022743552923202515,2,adamson,500,string_ppi - no_graph
QARS_pDS510,0.8712781369686127,0.861542820930481,0.009735316038131714,2,adamson,500,string_ppi - no_graph
SAMM50_pDS156,0.7451911866664886,0.7013001143932343,0.043891072273254395,2,adamson,500,string_ppi - no_graph
SEC61A1_pDS031,0.6967642307281494,0.6674535870552063,0.029310643672943115,2,adamson,500,string_ppi - no_graph
SEC61A1_pDS032,0.6394968032836914,0.6189937591552734,0.02050304412841797,2,adamson,500,string_ppi - no_graph
SEC61B_pDS033,0.398079589009285,0.3594135195016861,0.03866606950759888,2,adamson,500,string_ppi - no_graph
SEC61B_pDS162,0.35298243165016174,0.30912376940250397,0.043858662247657776,2,adamson,500,string_ppi - no_graph
SEL1L_pDS373,0.3476345092058182,0.31925269961357117,0.02838180959224701,2,adamson,500,string_ppi - no_graph
SLC39A7_pDS219,0.3690302073955536,0.35138024389743805,0.01764996349811554,2,adamson,500,string_ppi - no_graph
SLMO2_pDS433,0.8520146906375885,0.8201469480991364,0.03186774253845215,2,adamson,500,string_ppi - no_graph
SOCS1_pDS479,0.4097951650619507,0.3822149336338043,0.027580231428146362,2,adamson,500,string_ppi - no_graph
SPCS2_pDS401,0.47930213809013367,0.4756424278020859,0.0036597102880477905,2,adamson,500,string_ppi - no_graph
SRPR_pDS482,-0.1082657240331173,-0.11668488010764122,0.008419156074523926,2,adamson,500,string_ppi - no_graph
STT3A_pDS011,0.35737115144729614,0.34786295890808105,0.009508192539215088,2,adamson,500,string_ppi - no_graph
TIMM23_pDS284,0.7639683783054352,0.7238861620426178,0.04008221626281738,2,adamson,500,string_ppi - no_graph
TMEM167A_pDS038,0.6367307007312775,0.6101443469524384,0.02658635377883911,2,adamson,500,string_ppi - no_graph
TTI2_pDS408,-0.006850743666291237,-0.016048001125454903,0.009197257459163666,2,adamson,500,string_ppi - no_graph
UFL1_pDS410,0.5188625454902649,0.4919629991054535,0.0268995463848114,2,adamson,500,string_ppi - no_graph
UFM1_pDS040,0.4926602691411972,0.46580109000205994,0.026859179139137268,2,adamson,500,string_ppi - no_graph
YIPF5_pDS186,0.5338304340839386,0.5049902498722076,0.028840184211730957,2,adamson,500,string_ppi - no_graph
AMIGO3_pDS434,0.3760942816734314,0.35506875813007355,0.02102552354335785,2,adamson,500,gene_ontology - no_graph
ARHGAP22_pDS458,0.3605789840221405,0.37337785959243774,-0.012798875570297241,2,adamson,500,gene_ontology - no_graph
ASCC3_pDS052,0.2592124789953232,0.22168269008398056,0.03752978891134262,2,adamson,500,gene_ontology - no_graph
ATP5B_pDS055,0.6582326889038086,0.6188052296638489,0.03942745923995972,2,adamson,500,gene_ontology - no_graph
CAD_pDS468,-0.09831992536783218,-0.09237190335988998,-0.0059480220079422,2,adamson,500,gene_ontology - no_graph
CARS_pDS460,0.8488025665283203,0.8301423788070679,0.01866018772125244,2,adamson,500,gene_ontology - no_graph
CCND3_pDS006,0.02120305597782135,0.0613287016749382,-0.04012564569711685,2,adamson,500,gene_ontology - no_graph
DAD1_pDS499,0.4578111469745636,0.4465526342391968,0.011258512735366821,2,adamson,500,gene_ontology - no_graph
DARS_pDS495,0.711810976266861,0.6870182454586029,0.024792730808258057,2,adamson,500,gene_ontology - no_graph
DDRGK1_pDS041,0.5429604053497314,0.5277270078659058,0.015233397483825684,2,adamson,500,gene_ontology - no_graph
DERL2_pDS042,0.5599593818187714,0.5978386998176575,-0.03787931799888611,2,adamson,500,gene_ontology - no_graph
DNAJC19_pDS026,0.8880733847618103,0.8578301668167114,0.030243217945098877,2,adamson,500,gene_ontology - no_graph
EIF2AK3_pBA572,0.4470241218805313,0.46791867911815643,-0.020894557237625122,2,adamson,500,gene_ontology - no_graph
EIF2B4_pDS491,0.8490390479564667,0.8195869326591492,0.029452115297317505,2,adamson,500,gene_ontology - no_graph
GMPPB_pDS391,0.19672463834285736,0.15308622270822525,0.04363841563463211,2,adamson,500,gene_ontology - no_graph
GNPNAT1_pDS506,-0.11966250836849213,-0.13525709509849548,0.015594586730003357,2,adamson,500,gene_ontology - no_graph
Gal4-4(mod)_pBA582,0.36708053946495056,0.40630488097667694,-0.03922434151172638,2,adamson,500,gene_ontology - no_graph
HARS_pDS466,0.797813355922699,0.7816708385944366,0.01614251732826233,2,adamson,500,gene_ontology - no_graph
HSPA9_pDS088,0.8278337121009827,0.7951536476612091,0.03268006443977356,2,adamson,500,gene_ontology - no_graph
HYOU1_pDS089,0.37164589762687683,0.348965048789978,0.022680848836898804,2,adamson,500,gene_ontology - no_graph
IARS2_pDS090,0.8631782829761505,0.8311423063278198,0.03203597664833069,2,adamson,500,gene_ontology - no_graph
IDH3A_pDS393,0.2816365212202072,0.27256105840206146,0.009075462818145752,2,adamson,500,gene_ontology - no_graph
IER3IP1_pDS002,0.5919205844402313,0.5708049833774567,0.021115601062774658,2,adamson,500,gene_ontology - no_graph
IER3IP1_pDS110,0.5394239723682404,0.5041404068470001,0.035283565521240234,2,adamson,500,gene_ontology - no_graph
KCTD16_pDS096,0.3514486998319626,0.35380446910858154,-0.0023557692766189575,2,adamson,500,gene_ontology - no_graph
MRGBP_pDS124,0.10679925605654716,0.10306976735591888,0.0037294887006282806,2,adamson,500,gene_ontology - no_graph
MTHFD1_pDS395,0.1355072632431984,0.13891170173883438,-0.0034044384956359863,2,adamson,500,gene_ontology - no_graph
OST4_pDS353,0.46634696424007416,0.43778593838214874,0.028561025857925415,2,adamson,500,gene_ontology - no_graph
P4HB_pDS397,0.11277405917644501,0.11269774287939072,7.631629705429077e-05,2,adamson,500,gene_ontology - no_graph
PDIA6_pDS029,0.07161575183272362,0.059671277180314064,0.011944474652409554,2,adamson,500,gene_ontology - no_graph
PSMD4_pDS488,0.07804865390062332,0.10117317363619804,-0.023124519735574722,2,adamson,500,gene_ontology - no_graph
QARS_pDS510,0.8704338073730469,0.861542820930481,0.008890986442565918,2,adamson,500,gene_ontology - no_graph
SAMM50_pDS156,0.7443749904632568,0.7013001143932343,0.04307487607002258,2,adamson,500,gene_ontology - no_graph
SEC61A1_pDS031,0.6971845924854279,0.6674535870552063,0.029731005430221558,2,adamson,500,gene_ontology - no_graph
SEC61A1_pDS032,0.6389316618442535,0.6189937591552734,0.019937902688980103,2,adamson,500,gene_ontology - no_graph
SEC61B_pDS033,0.3972857743501663,0.3594135195016861,0.037872254848480225,2,adamson,500,gene_ontology - no_graph
SEC61B_pDS162,0.3538600951433182,0.30912376940250397,0.04473632574081421,2,adamson,500,gene_ontology - no_graph
SEL1L_pDS373,0.3489666283130646,0.31925269961357117,0.029713928699493408,2,adamson,500,gene_ontology - no_graph
SLC39A7_pDS219,0.369837149977684,0.35138024389743805,0.01845690608024597,2,adamson,500,gene_ontology - no_graph
SLMO2_pDS433,0.8520850539207458,0.8201469480991364,0.0319381058216095,2,adamson,500,gene_ontology - no_graph
SOCS1_pDS479,0.4092817157506943,0.3822149336338043,0.027066782116889954,2,adamson,500,gene_ontology - no_graph
SPCS2_pDS401,0.4802874028682709,0.4756424278020859,0.0046449750661849976,2,adamson,500,gene_ontology - no_graph
SRPR_pDS482,-0.11071263626217842,-0.11668488010764122,0.005972243845462799,2,adamson,500,gene_ontology - no_graph
STT3A_pDS011,0.35763250291347504,0.34786295890808105,0.009769544005393982,2,adamson,500,gene_ontology - no_graph
TIMM23_pDS284,0.7637161612510681,0.7238861620426178,0.03982999920845032,2,adamson,500,gene_ontology - no_graph
TMEM167A_pDS038,0.6361434757709503,0.6101443469524384,0.025999128818511963,2,adamson,500,gene_ontology - no_graph
TTI2_pDS408,-0.005622999742627144,-0.016048001125454903,0.010425001382827759,2,adamson,500,gene_ontology - no_graph
UFL1_pDS410,0.5198746621608734,0.4919629991054535,0.027911663055419922,2,adamson,500,gene_ontology - no_graph
UFM1_pDS040,0.49417074024677277,0.46580109000205994,0.02836965024471283,2,adamson,500,gene_ontology - no_graph
YIPF5_pDS186,0.5344669222831726,0.5049902498722076,0.029476672410964966,2,adamson,500,gene_ontology - no_graph
AMIGO3_pDS434,0.3736108988523483,0.35506875813007355,0.01854214072227478,2,adamson,500,random - no_graph
ARHGAP22_pDS458,0.3600618988275528,0.37337785959243774,-0.013315960764884949,2,adamson,500,random - no_graph
ASCC3_pDS052,0.25593602657318115,0.22168269008398056,0.03425333648920059,2,adamson,500,random - no_graph
ATP5B_pDS055,0.6590224206447601,0.6188052296638489,0.040217190980911255,2,adamson,500,random - no_graph
CAD_pDS468,-0.09996210038661957,-0.09237190335988998,-0.007590197026729584,2,adamson,500,random - no_graph
CARS_pDS460,0.8480411469936371,0.8301423788070679,0.017898768186569214,2,adamson,500,random - no_graph
CCND3_pDS006,0.0202527716755867,0.0613287016749382,-0.0410759299993515,2,adamson,500,random - no_graph
DAD1_pDS499,0.45368093252182007,0.4465526342391968,0.007128298282623291,2,adamson,500,random - no_graph
DARS_pDS495,0.7101843059062958,0.6870182454586029,0.02316606044769287,2,adamson,500,random - no_graph
DDRGK1_pDS041,0.5436276197433472,0.5277270078659058,0.015900611877441406,2,adamson,500,random - no_graph
DERL2_pDS042,0.5608700513839722,0.5978386998176575,-0.0369686484336853,2,adamson,500,random - no_graph
DNAJC19_pDS026,0.8880764245986938,0.8578301668167114,0.030246257781982422,2,adamson,500,random - no_graph
EIF2AK3_pBA572,0.4503152519464493,0.46791867911815643,-0.017603427171707153,2,adamson,500,random - no_graph
EIF2B4_pDS491,0.8466622233390808,0.8195869326591492,0.02707529067993164,2,adamson,500,random - no_graph
GMPPB_pDS391,0.19457785785198212,0.15308622270822525,0.041491635143756866,2,adamson,500,random - no_graph
GNPNAT1_pDS506,-0.11909803748130798,-0.13525709509849548,0.0161590576171875,2,adamson,500,random - no_graph
Gal4-4(mod)_pBA582,0.3692122995853424,0.40630488097667694,-0.037092581391334534,2,adamson,500,random - no_graph
HARS_pDS466,0.7971417903900146,0.7816708385944366,0.015470951795578003,2,adamson,500,random - no_graph
HSPA9_pDS088,0.8297656774520874,0.7951536476612091,0.034612029790878296,2,adamson,500,random - no_graph
HYOU1_pDS089,0.37143537402153015,0.348965048789978,0.022470325231552124,2,adamson,500,random - no_graph
IARS2_pDS090,0.8618896901607513,0.8311423063278198,0.03074738383293152,2,adamson,500,random - no_graph
IDH3A_pDS393,0.2795490175485611,0.27256105840206146,0.006987959146499634,2,adamson,500,random - no_graph
IER3IP1_pDS002,0.588843584060669,0.5708049833774567,0.01803860068321228,2,adamson,500,random - no_graph
IER3IP1_pDS110,0.5396533310413361,0.5041404068470001,0.03551292419433594,2,adamson,500,random - no_graph
KCTD16_pDS096,0.3519939184188843,0.35380446910858154,-0.0018105506896972656,2,adamson,500,random - no_graph
MRGBP_pDS124,0.1041693165898323,0.10306976735591888,0.0010995492339134216,2,adamson,500,random - no_graph
MTHFD1_pDS395,0.13790035247802734,0.13891170173883438,-0.0010113492608070374,2,adamson,500,random - no_graph
OST4_pDS353,0.46621476113796234,0.43778593838214874,0.0284288227558136,2,adamson,500,random - no_graph
P4HB_pDS397,0.10993067547678947,0.11269774287939072,-0.002767067402601242,2,adamson,500,random - no_graph
PDIA6_pDS029,0.07213078811764717,0.059671277180314064,0.012459510937333107,2,adamson,500,random - no_graph
PSMD4_pDS488,0.08199704065918922,0.10117317363619804,-0.01917613297700882,2,adamson,500,random - no_graph
QARS_pDS510,0.870817095041275,0.861542820930481,0.009274274110794067,2,adamson,500,random - no_graph
SAMM50_pDS156,0.7420284152030945,0.7013001143932343,0.04072830080986023,2,adamson,500,random - no_graph
SEC61A1_pDS031,0.6966394484043121,0.6674535870552063,0.029185861349105835,2,adamson,500,random - no_graph
SEC61A1_pDS032,0.6390626430511475,0.6189937591552734,0.020068883895874023,2,adamson,500,random - no_graph
SEC61B_pDS033,0.3960871994495392,0.3594135195016861,0.03667367994785309,2,adamson,500,random - no_graph
SEC61B_pDS162,0.3539104759693146,0.30912376940250397,0.04478670656681061,2,adamson,500,random - no_graph
SEL1L_pDS373,0.34528015553951263,0.31925269961357117,0.026027455925941467,2,adamson,500,random - no_graph
SLC39A7_pDS219,0.36891359090805054,0.35138024389743805,0.017533347010612488,2,adamson,500,random - no_graph
SLMO2_pDS433,0.8515297174453735,0.8201469480991364,0.03138276934623718,2,adamson,500,random - no_graph
SOCS1_pDS479,0.410209059715271,0.3822149336338043,0.027994126081466675,2,adamson,500,random - no_graph
SPCS2_pDS401,0.4773248881101608,0.4756424278020859,0.0016824603080749512,2,adamson,500,random - no_graph
SRPR_pDS482,-0.10940879583358765,-0.11668488010764122,0.007276084274053574,2,adamson,500,random - no_graph
STT3A_pDS011,0.35608112812042236,0.34786295890808105,0.008218169212341309,2,adamson,500,random - no_graph
TIMM23_pDS284,0.7609754204750061,0.7238861620426178,0.037089258432388306,2,adamson,500,random - no_graph
TMEM167A_pDS038,0.6374902129173279,0.6101443469524384,0.027345865964889526,2,adamson,500,random - no_graph
TTI2_pDS408,-0.007901197299361229,-0.016048001125454903,0.008146803826093674,2,adamson,500,random - no_graph
UFL1_pDS410,0.5192906558513641,0.4919629991054535,0.027327656745910645,2,adamson,500,random - no_graph
UFM1_pDS040,0.49340173602104187,0.46580109000205994,0.027600646018981934,2,adamson,500,random - no_graph
YIPF5_pDS186,0.5313290357589722,0.5049902498722076,0.026338785886764526,2,adamson,500,random - no_graph
AMIGO3_pDS434,0.3756960481405258,0.3736108988523483,0.0020851492881774902,2,adamson,500,combined - random
ARHGAP22_pDS458,0.3606976121664047,0.3600618988275528,0.0006357133388519287,2,adamson,500,combined - random
ASCC3_pDS052,0.2594204992055893,0.25593602657318115,0.003484472632408142,2,adamson,500,combined - random
ATP5B_pDS055,0.658629447221756,0.6590224206447601,-0.0003929734230041504,2,adamson,500,combined - random
CAD_pDS468,-0.09938900917768478,-0.09996210038661957,0.0005730912089347839,2,adamson,500,combined - random
CARS_pDS460,0.8488576114177704,0.8480411469936371,0.0008164644241333008,2,adamson,500,combined - random
CCND3_pDS006,0.021639384329319,0.0202527716755867,0.0013866126537322998,2,adamson,500,combined - random
DAD1_pDS499,0.45726773142814636,0.45368093252182007,0.003586798906326294,2,adamson,500,combined - random
DARS_pDS495,0.7116663157939911,0.7101843059062958,0.0014820098876953125,2,adamson,500,combined - random
DDRGK1_pDS041,0.542812317609787,0.5436276197433472,-0.0008153021335601807,2,adamson,500,combined - random
DERL2_pDS042,0.5596301555633545,0.5608700513839722,-0.0012398958206176758,2,adamson,500,combined - random
DNAJC19_pDS026,0.8880457878112793,0.8880764245986938,-3.063678741455078e-05,2,adamson,500,combined - random
EIF2AK3_pBA572,0.44751620292663574,0.4503152519464493,-0.0027990490198135376,2,adamson,500,combined - random
EIF2B4_pDS491,0.8489135801792145,0.8466622233390808,0.002251356840133667,2,adamson,500,combined - random
GMPPB_pDS391,0.1955050751566887,0.19457785785198212,0.0009272173047065735,2,adamson,500,combined - random
GNPNAT1_pDS506,-0.11959648132324219,-0.11909803748130798,-0.0004984438419342041,2,adamson,500,combined - random
Gal4-4(mod)_pBA582,0.36741743981838226,0.3692122995853424,-0.001794859766960144,2,adamson,500,combined - random
HARS_pDS466,0.7976876497268677,0.7971417903900146,0.0005458593368530273,2,adamson,500,combined - random
HSPA9_pDS088,0.8292154371738434,0.8297656774520874,-0.0005502402782440186,2,adamson,500,combined - random
HYOU1_pDS089,0.3720286786556244,0.37143537402153015,0.0005933046340942383,2,adamson,500,combined - random
IARS2_pDS090,0.8638910353183746,0.8618896901607513,0.002001345157623291,2,adamson,500,combined - random
IDH3A_pDS393,0.28068146109580994,0.2795490175485611,0.0011324435472488403,2,adamson,500,combined - random
IER3IP1_pDS002,0.5918115675449371,0.588843584060669,0.0029679834842681885,2,adamson,500,combined - random
IER3IP1_pDS110,0.5390689969062805,0.5396533310413361,-0.000584334135055542,2,adamson,500,combined - random
KCTD16_pDS096,0.35098347067832947,0.3519939184188843,-0.0010104477405548096,2,adamson,500,combined - random
MRGBP_pDS124,0.10631364583969116,0.1041693165898323,0.002144329249858856,2,adamson,500,combined - random
MTHFD1_pDS395,0.13577141612768173,0.13790035247802734,-0.0021289363503456116,2,adamson,500,combined - random
OST4_pDS353,0.4655548334121704,0.46621476113796234,-0.0006599277257919312,2,adamson,500,combined - random
P4HB_pDS397,0.11215945333242416,0.10993067547678947,0.0022287778556346893,2,adamson,500,combined - random
PDIA6_pDS029,0.07151981070637703,0.07213078811764717,-0.0006109774112701416,2,adamson,500,combined - random
PSMD4_pDS488,0.07798440009355545,0.08199704065918922,-0.004012640565633774,2,adamson,500,combined - random
QARS_pDS510,0.8706317245960236,0.870817095041275,-0.00018537044525146484,2,adamson,500,combined - random
SAMM50_pDS156,0.7452824115753174,0.7420284152030945,0.0032539963722229004,2,adamson,500,combined - random
SEC61A1_pDS031,0.6964110732078552,0.6966394484043121,-0.00022837519645690918,2,adamson,500,combined - random
SEC61A1_pDS032,0.6387768983840942,0.6390626430511475,-0.00028574466705322266,2,adamson,500,combined - random
SEC61B_pDS033,0.3968333303928375,0.3960871994495392,0.0007461309432983398,2,adamson,500,combined - random
SEC61B_pDS162,0.3537512421607971,0.3539104759693146,-0.00015923380851745605,2,adamson,500,combined - random
SEL1L_pDS373,0.34863556921482086,0.34528015553951263,0.0033554136753082275,2,adamson,500,combined - random
SLC39A7_pDS219,0.3701331317424774,0.36891359090805054,0.0012195408344268799,2,adamson,500,combined - random
SLMO2_pDS433,0.852936714887619,0.8515297174453735,0.0014069974422454834,2,adamson,500,combined - random
SOCS1_pDS479,0.40891386568546295,0.410209059715271,-0.0012951940298080444,2,adamson,500,combined - random
SPCS2_pDS401,0.48063167929649353,0.4773248881101608,0.0033067911863327026,2,adamson,500,combined - random
SRPR_pDS482,-0.11068838834762573,-0.10940879583358765,-0.001279592514038086,2,adamson,500,combined - random
STT3A_pDS011,0.35722510516643524,0.35608112812042236,0.0011439770460128784,2,adamson,500,combined - random
TIMM23_pDS284,0.7638066411018372,0.7609754204750061,0.0028312206268310547,2,adamson,500,combined - random
TMEM167A_pDS038,0.637643039226532,0.6374902129173279,0.00015282630920410156,2,adamson,500,combined - random
TTI2_pDS408,-0.00670725479722023,-0.007901197299361229,0.0011939425021409988,2,adamson,500,combined - random
UFL1_pDS410,0.5201703906059265,0.5192906558513641,0.0008797347545623779,2,adamson,500,combined - random
UFM1_pDS040,0.49421024322509766,0.49340173602104187,0.0008085072040557861,2,adamson,500,combined - random
YIPF5_pDS186,0.5349401533603668,0.5313290357589722,0.0036111176013946533,2,adamson,500,combined - random
AMIGO3_pDS434,0.37397301197052,0.3736108988523483,0.0003621131181716919,2,adamson,500,string_ppi - random
ARHGAP22_pDS458,0.3614611178636551,0.3600618988275528,0.001399219036102295,2,adamson,500,string_ppi - random
ASCC3_pDS052,0.26029784977436066,0.25593602657318115,0.004361823201179504,2,adamson,500,string_ppi - random
ATP5B_pDS055,0.6586361527442932,0.6590224206447601,-0.00038626790046691895,2,adamson,500,string_ppi - random
CAD_pDS468,-0.09880302101373672,-0.09996210038661957,0.001159079372882843,2,adamson,500,string_ppi - random
CARS_pDS460,0.8489424884319305,0.8480411469936371,0.000901341438293457,2,adamson,500,string_ppi - random
CCND3_pDS006,0.021912556141614914,0.0202527716755867,0.0016597844660282135,2,adamson,500,string_ppi - random
DAD1_pDS499,0.4557557702064514,0.45368093252182007,0.0020748376846313477,2,adamson,500,string_ppi - random
DARS_pDS495,0.711654782295227,0.7101843059062958,0.0014704763889312744,2,adamson,500,string_ppi - random
DDRGK1_pDS041,0.542992502450943,0.5436276197433472,-0.0006351172924041748,2,adamson,500,string_ppi - random
DERL2_pDS042,0.5597202777862549,0.5608700513839722,-0.0011497735977172852,2,adamson,500,string_ppi - random
DNAJC19_pDS026,0.8881434500217438,0.8880764245986938,6.702542304992676e-05,2,adamson,500,string_ppi - random
EIF2AK3_pBA572,0.4454018622636795,0.4503152519464493,-0.004913389682769775,2,adamson,500,string_ppi - random
EIF2B4_pDS491,0.8486792743206024,0.8466622233390808,0.0020170509815216064,2,adamson,500,string_ppi - random
GMPPB_pDS391,0.19732992351055145,0.19457785785198212,0.002752065658569336,2,adamson,500,string_ppi - random
GNPNAT1_pDS506,-0.11861991882324219,-0.11909803748130798,0.0004781186580657959,2,adamson,500,string_ppi - random
Gal4-4(mod)_pBA582,0.3671194612979889,0.3692122995853424,-0.0020928382873535156,2,adamson,500,string_ppi - random
HARS_pDS466,0.7991175651550293,0.7971417903900146,0.0019757747650146484,2,adamson,500,string_ppi - random
HSPA9_pDS088,0.8285780847072601,0.8297656774520874,-0.0011875927448272705,2,adamson,500,string_ppi - random
HYOU1_pDS089,0.37142209708690643,0.37143537402153015,-1.3276934623718262e-05,2,adamson,500,string_ppi - random
IARS2_pDS090,0.8631561994552612,0.8618896901607513,0.0012665092945098877,2,adamson,500,string_ppi - random
IDH3A_pDS393,0.2818603813648224,0.2795490175485611,0.0023113638162612915,2,adamson,500,string_ppi - random
IER3IP1_pDS002,0.592155933380127,0.588843584060669,0.003312349319458008,2,adamson,500,string_ppi - random
IER3IP1_pDS110,0.5400663018226624,0.5396533310413361,0.00041297078132629395,2,adamson,500,string_ppi - random
KCTD16_pDS096,0.35116198658943176,0.3519939184188843,-0.0008319318294525146,2,adamson,500,string_ppi - random
MRGBP_pDS124,0.10509001463651657,0.1041693165898323,0.0009206980466842651,2,adamson,500,string_ppi - random
MTHFD1_pDS395,0.13508320599794388,0.13790035247802734,-0.0028171464800834656,2,adamson,500,string_ppi - random
OST4_pDS353,0.46525314450263977,0.46621476113796234,-0.0009616166353225708,2,adamson,500,string_ppi - random
P4HB_pDS397,0.1120998002588749,0.10993067547678947,0.0021691247820854187,2,adamson,500,string_ppi - random
PDIA6_pDS029,0.07085300609469414,0.07213078811764717,-0.0012777820229530334,2,adamson,500,string_ppi - random
PSMD4_pDS488,0.07842962071299553,0.08199704065918922,-0.003567419946193695,2,adamson,500,string_ppi - random
QARS_pDS510,0.8712781369686127,0.870817095041275,0.0004610419273376465,2,adamson,500,string_ppi - random
SAMM50_pDS156,0.7451911866664886,0.7420284152030945,0.003162771463394165,2,adamson,500,string_ppi - random
SEC61A1_pDS031,0.6967642307281494,0.6966394484043121,0.00012478232383728027,2,adamson,500,string_ppi - random
SEC61A1_pDS032,0.6394968032836914,0.6390626430511475,0.0004341602325439453,2,adamson,500,string_ppi - random
SEC61B_pDS033,0.398079589009285,0.3960871994495392,0.0019923895597457886,2,adamson,500,string_ppi - random
SEC61B_pDS162,0.35298243165016174,0.3539104759693146,-0.000928044319152832,2,adamson,500,string_ppi - random
SEL1L_pDS373,0.3476345092058182,0.34528015553951263,0.002354353666305542,2,adamson,500,string_ppi - random
SLC39A7_pDS219,0.3690302073955536,0.36891359090805054,0.00011661648750305176,2,adamson,500,string_ppi - random
SLMO2_pDS433,0.8520146906375885,0.8515297174453735,0.0004849731922149658,2,adamson,500,string_ppi - random
SOCS1_pDS479,0.4097951650619507,0.410209059715271,-0.0004138946533203125,2,adamson,500,string_ppi - random
SPCS2_pDS401,0.47930213809013367,0.4773248881101608,0.0019772499799728394,2,adamson,500,string_ppi - random
SRPR_pDS482,-0.1082657240331173,-0.10940879583358765,0.0011430718004703522,2,adamson,500,string_ppi - random
STT3A_pDS011,0.35737115144729614,0.35608112812042236,0.0012900233268737793,2,adamson,500,string_ppi - random
TIMM23_pDS284,0.7639683783054352,0.7609754204750061,0.002992957830429077,2,adamson,500,string_ppi - random
TMEM167A_pDS038,0.6367307007312775,0.6374902129173279,-0.000759512186050415,2,adamson,500,string_ppi - random
TTI2_pDS408,-0.006850743666291237,-0.007901197299361229,0.001050453633069992,2,adamson,500,string_ppi - random
UFL1_pDS410,0.5188625454902649,0.5192906558513641,-0.00042811036109924316,2,adamson,500,string_ppi - random
UFM1_pDS040,0.4926602691411972,0.49340173602104187,-0.0007414668798446655,2,adamson,500,string_ppi - random
YIPF5_pDS186,0.5338304340839386,0.5313290357589722,0.0025013983249664307,2,adamson,500,string_ppi - random
AMIGO3_pDS434,0.3760942816734314,0.3736108988523483,0.002483382821083069,2,adamson,500,gene_ontology - random
ARHGAP22_pDS458,0.3605789840221405,0.3600618988275528,0.0005170851945877075,2,adamson,500,gene_ontology - random
ASCC3_pDS052,0.2592124789953232,0.25593602657318115,0.003276452422142029,2,adamson,500,gene_ontology - random
ATP5B_pDS055,0.6582326889038086,0.6590224206447601,-0.0007897317409515381,2,adamson,500,gene_ontology - random
CAD_pDS468,-0.09831992536783218,-0.09996210038661957,0.001642175018787384,2,adamson,500,gene_ontology - random
CARS_pDS460,0.8488025665283203,0.8480411469936371,0.0007614195346832275,2,adamson,500,gene_ontology - random
CCND3_pDS006,0.02120305597782135,0.0202527716755867,0.0009502843022346497,2,adamson,500,gene_ontology - random
DAD1_pDS499,0.4578111469745636,0.45368093252182007,0.00413021445274353,2,adamson,500,gene_ontology - random
DARS_pDS495,0.711810976266861,0.7101843059062958,0.0016266703605651855,2,adamson,500,gene_ontology - random
DDRGK1_pDS041,0.5429604053497314,0.5436276197433472,-0.0006672143936157227,2,adamson,500,gene_ontology - random
DERL2_pDS042,0.5599593818187714,0.5608700513839722,-0.0009106695652008057,2,adamson,500,gene_ontology - random
DNAJC19_pDS026,0.8880733847618103,0.8880764245986938,-3.039836883544922e-06,2,adamson,500,gene_ontology - random
EIF2AK3_pBA572,0.4470241218805313,0.4503152519464493,-0.0032911300659179688,2,adamson,500,gene_ontology - random
EIF2B4_pDS491,0.8490390479564667,0.8466622233390808,0.0023768246173858643,2,adamson,500,gene_ontology - random
GMPPB_pDS391,0.19672463834285736,0.19457785785198212,0.002146780490875244,2,adamson,500,gene_ontology - random
GNPNAT1_pDS506,-0.11966250836849213,-0.11909803748130798,-0.0005644708871841431,2,adamson,500,gene_ontology - random
Gal4-4(mod)_pBA582,0.36708053946495056,0.3692122995853424,-0.0021317601203918457,2,adamson,500,gene_ontology - random
HARS_pDS466,0.797813355922699,0.7971417903900146,0.0006715655326843262,2,adamson,500,gene_ontology - random
HSPA9_pDS088,0.8278337121009827,0.8297656774520874,-0.0019319653511047363,2,adamson,500,gene_ontology - random
HYOU1_pDS089,0.37164589762687683,0.37143537402153015,0.0002105236053466797,2,adamson,500,gene_ontology - random
IARS2_pDS090,0.8631782829761505,0.8618896901607513,0.00128859281539917,2,adamson,500,gene_ontology - random
IDH3A_pDS393,0.2816365212202072,0.2795490175485611,0.002087503671646118,2,adamson,500,gene_ontology - random
IER3IP1_pDS002,0.5919205844402313,0.588843584060669,0.003077000379562378,2,adamson,500,gene_ontology - random
IER3IP1_pDS110,0.5394239723682404,0.5396533310413361,-0.00022935867309570312,2,adamson,500,gene_ontology - random
KCTD16_pDS096,0.3514486998319626,0.3519939184188843,-0.0005452185869216919,2,adamson,500,gene_ontology - random
MRGBP_pDS124,0.10679925605654716,0.1041693165898323,0.002629939466714859,2,adamson,500,gene_ontology - random
MTHFD1_pDS395,0.1355072632431984,0.13790035247802734,-0.002393089234828949,2,adamson,500,gene_ontology - random
OST4_pDS353,0.46634696424007416,0.46621476113796234,0.0001322031021118164,2,adamson,500,gene_ontology - random
P4HB_pDS397,0.11277405917644501,0.10993067547678947,0.002843383699655533,2,adamson,500,gene_ontology - random
PDIA6_pDS029,0.07161575183272362,0.07213078811764717,-0.0005150362849235535,2,adamson,500,gene_ontology - random
PSMD4_pDS488,0.07804865390062332,0.08199704065918922,-0.003948386758565903,2,adamson,500,gene_ontology - random
QARS_pDS510,0.8704338073730469,0.870817095041275,-0.0003832876682281494,2,adamson,500,gene_ontology - random
SAMM50_pDS156,0.7443749904632568,0.7420284152030945,0.0023465752601623535,2,adamson,500,gene_ontology - random
SEC61A1_pDS031,0.6971845924854279,0.6966394484043121,0.0005451440811157227,2,adamson,500,gene_ontology - random
SEC61A1_pDS032,0.6389316618442535,0.6390626430511475,-0.0001309812068939209,2,adamson,500,gene_ontology - random
SEC61B_pDS033,0.3972857743501663,0.3960871994495392,0.0011985749006271362,2,adamson,500,gene_ontology - random
SEC61B_pDS162,0.3538600951433182,0.3539104759693146,-5.0380825996398926e-05,2,adamson,500,gene_ontology - random
SEL1L_pDS373,0.3489666283130646,0.34528015553951263,0.003686472773551941,2,adamson,500,gene_ontology - random
SLC39A7_pDS219,0.369837149977684,0.36891359090805054,0.0009235590696334839,2,adamson,500,gene_ontology - random
SLMO2_pDS433,0.8520850539207458,0.8515297174453735,0.0005553364753723145,2,adamson,500,gene_ontology - random
SOCS1_pDS479,0.4092817157506943,0.410209059715271,-0.0009273439645767212,2,adamson,500,gene_ontology - random
SPCS2_pDS401,0.4802874028682709,0.4773248881101608,0.0029625147581100464,2,adamson,500,gene_ontology - random
SRPR_pDS482,-0.11071263626217842,-0.10940879583358765,-0.0013038404285907745,2,adamson,500,gene_ontology - random
STT3A_pDS011,0.35763250291347504,0.35608112812042236,0.0015513747930526733,2,adamson,500,gene_ontology - random
TIMM23_pDS284,0.7637161612510681,0.7609754204750061,0.0027407407760620117,2,adamson,500,gene_ontology - random
TMEM167A_pDS038,0.6361434757709503,0.6374902129173279,-0.0013467371463775635,2,adamson,500,gene_ontology - random
TTI2_pDS408,-0.005622999742627144,-0.007901197299361229,0.002278197556734085,2,adamson,500,gene_ontology - random
UFL1_pDS410,0.5198746621608734,0.5192906558513641,0.0005840063095092773,2,adamson,500,gene_ontology - random
UFM1_pDS040,0.49417074024677277,0.49340173602104187,0.000769004225730896,2,adamson,500,gene_ontology - random
YIPF5_pDS186,0.5344669222831726,0.5313290357589722,0.0031378865242004395,2,adamson,500,gene_ontology - random
AMIGO3_pDS434,0.35429953038692474,0.3356010615825653,0.018698468804359436,2,adamson,1000,combined - no_graph
ARHGAP22_pDS458,0.4077974110841751,0.4227790981531143,-0.014981687068939209,2,adamson,1000,combined - no_graph
ASCC3_pDS052,0.31660130620002747,0.27917398512363434,0.03742732107639313,2,adamson,1000,combined - no_graph
ATP5B_pDS055,0.6592187881469727,0.6105729937553406,0.04864579439163208,2,adamson,1000,combined - no_graph
CAD_pDS468,-0.07819613441824913,-0.06851878389716148,-0.009677350521087646,2,adamson,1000,combined - no_graph
CARS_pDS460,0.8524284958839417,0.8298895955085754,0.02253890037536621,2,adamson,1000,combined - no_graph
CCND3_pDS006,0.11865923181176186,0.15575234591960907,-0.037093114107847214,2,adamson,1000,combined - no_graph
DAD1_pDS499,0.4697011262178421,0.4594999700784683,0.01020115613937378,2,adamson,1000,combined - no_graph
DARS_pDS495,0.7055128216743469,0.6738802492618561,0.031632572412490845,2,adamson,1000,combined - no_graph
DDRGK1_pDS041,0.47856542468070984,0.4605116546154022,0.018053770065307617,2,adamson,1000,combined - no_graph
DERL2_pDS042,0.5611189603805542,0.5916250050067902,-0.030506044626235962,2,adamson,1000,combined - no_graph
DNAJC19_pDS026,0.8811011612415314,0.8445272445678711,0.03657391667366028,2,adamson,1000,combined - no_graph
EIF2AK3_pBA572,0.46311959624290466,0.4826607257127762,-0.01954112946987152,2,adamson,1000,combined - no_graph
EIF2B4_pDS491,0.8358063101768494,0.7995123863220215,0.03629392385482788,2,adamson,1000,combined - no_graph
GMPPB_pDS391,0.2108134925365448,0.16668889671564102,0.04412459582090378,2,adamson,1000,combined - no_graph
GNPNAT1_pDS506,-0.16186809539794922,-0.17658980190753937,0.014721706509590149,2,adamson,1000,combined - no_graph
Gal4-4(mod)_pBA582,0.34855110943317413,0.3812357932329178,-0.03268468379974365,2,adamson,1000,combined - no_graph
HARS_pDS466,0.8054865896701813,0.7847912311553955,0.020695358514785767,2,adamson,1000,combined - no_graph
HSPA9_pDS088,0.8498617112636566,0.8152448832988739,0.034616827964782715,2,adamson,1000,combined - no_graph
HYOU1_pDS089,0.30435818433761597,0.2832064926624298,0.021151691675186157,2,adamson,1000,combined - no_graph
IARS2_pDS090,0.8649323284626007,0.8279068470001221,0.03702548146247864,2,adamson,1000,combined - no_graph
IDH3A_pDS393,0.3137287348508835,0.3159130811691284,-0.002184346318244934,2,adamson,1000,combined - no_graph
IER3IP1_pDS002,0.5875185132026672,0.5693426132202148,0.018175899982452393,2,adamson,1000,combined - no_graph
IER3IP1_pDS110,0.5070229768753052,0.47314898669719696,0.033873990178108215,2,adamson,1000,combined - no_graph
KCTD16_pDS096,0.3444017022848129,0.35515378415584564,-0.010752081871032715,2,adamson,1000,combined - no_graph
MRGBP_pDS124,0.14238782972097397,0.14392776787281036,-0.0015399381518363953,2,adamson,1000,combined - no_graph
MTHFD1_pDS395,0.21235546469688416,0.21941064298152924,-0.007055178284645081,2,adamson,1000,combined - no_graph
OST4_pDS353,0.4669504463672638,0.4435058534145355,0.02344459295272827,2,adamson,1000,combined - no_graph
P4HB_pDS397,0.19902729243040085,0.19636043161153793,0.002666860818862915,2,adamson,1000,combined - no_graph
PDIA6_pDS029,0.10080232471227646,0.08806758746504784,0.012734737247228622,2,adamson,1000,combined - no_graph
PSMD4_pDS488,0.19159260392189026,0.21396811306476593,-0.02237550914287567,2,adamson,1000,combined - no_graph
QARS_pDS510,0.8703082203865051,0.8555270433425903,0.014781177043914795,2,adamson,1000,combined - no_graph
SAMM50_pDS156,0.7133160829544067,0.6601360440254211,0.053180038928985596,2,adamson,1000,combined - no_graph
SEC61A1_pDS031,0.7343316376209259,0.7077659070491791,0.026565730571746826,2,adamson,1000,combined - no_graph
SEC61A1_pDS032,0.6920807957649231,0.6736993193626404,0.018381476402282715,2,adamson,1000,combined - no_graph
SEC61B_pDS033,0.3866126537322998,0.3496440649032593,0.03696858882904053,2,adamson,1000,combined - no_graph
SEC61B_pDS162,0.3354235887527466,0.29714567959308624,0.03827790915966034,2,adamson,1000,combined - no_graph
SEL1L_pDS373,0.3322218209505081,0.3069843202829361,0.02523750066757202,2,adamson,1000,combined - no_graph
SLC39A7_pDS219,0.32949398458004,0.30996307730674744,0.01953090727329254,2,adamson,1000,combined - no_graph
SLMO2_pDS433,0.850426971912384,0.8119142353534698,0.038512736558914185,2,adamson,1000,combined - no_graph
SOCS1_pDS479,0.4002891480922699,0.37218964099884033,0.028099507093429565,2,adamson,1000,combined - no_graph
SPCS2_pDS401,0.4190255254507065,0.4151323735713959,0.003893151879310608,2,adamson,1000,combined - no_graph
SRPR_pDS482,-0.028686040081083775,-0.02662668004631996,-0.002059360034763813,2,adamson,1000,combined - no_graph
STT3A_pDS011,0.35494306683540344,0.34613701701164246,0.008806049823760986,2,adamson,1000,combined - no_graph
TIMM23_pDS284,0.7227703630924225,0.6807523667812347,0.042017996311187744,2,adamson,1000,combined - no_graph
TMEM167A_pDS038,0.6316647529602051,0.6058742105960846,0.025790542364120483,2,adamson,1000,combined - no_graph
TTI2_pDS408,0.04153611697256565,0.03158614970743656,0.00994996726512909,2,adamson,1000,combined - no_graph
UFL1_pDS410,0.461481049656868,0.4309590756893158,0.030521973967552185,2,adamson,1000,combined - no_graph
UFM1_pDS040,0.44845302402973175,0.42021240293979645,0.028240621089935303,2,adamson,1000,combined - no_graph
YIPF5_pDS186,0.5190431177616119,0.4910317212343216,0.028011396527290344,2,adamson,1000,combined - no_graph
AMIGO3_pDS434,0.3556011915206909,0.3359113931655884,0.01968979835510254,1,adamson,1000,string_ppi - no_graph
ARHGAP22_pDS458,0.4078860878944397,0.4228472113609314,-0.0149611234664917,1,adamson,1000,string_ppi - no_graph
ASCC3_pDS052,0.3165937066078186,0.2786932587623596,0.037900447845458984,1,adamson,1000,string_ppi - no_graph
ATP5B_pDS055,0.6582092642784119,0.6118053197860718,0.04640394449234009,1,adamson,1000,string_ppi - no_graph
CAD_pDS468,-0.07700002193450928,-0.06856400519609451,-0.008436016738414764,1,adamson,1000,string_ppi - no_graph
CARS_pDS460,0.8531660437583923,0.8295402526855469,0.02362579107284546,1,adamson,1000,string_ppi - no_graph
CCND3_pDS006,0.11816354095935822,0.15575644373893738,-0.03759290277957916,1,adamson,1000,string_ppi - no_graph
DAD1_pDS499,0.4697623550891876,0.45977944135665894,0.009982913732528687,1,adamson,1000,string_ppi - no_graph
DARS_pDS495,0.7061649560928345,0.6735638976097107,0.03260105848312378,1,adamson,1000,string_ppi - no_graph
DDRGK1_pDS041,0.4784483015537262,0.460532009601593,0.01791629195213318,1,adamson,1000,string_ppi - no_graph
DERL2_pDS042,0.5595581531524658,0.5909610986709595,-0.03140294551849365,1,adamson,1000,string_ppi - no_graph
DNAJC19_pDS026,0.8800401091575623,0.8460230827331543,0.03401702642440796,1,adamson,1000,string_ppi - no_graph
EIF2AK3_pBA572,0.45851796865463257,0.48213350772857666,-0.023615539073944092,1,adamson,1000,string_ppi - no_graph
EIF2B4_pDS491,0.8362349271774292,0.7996228933334351,0.03661203384399414,1,adamson,1000,string_ppi - no_graph
GMPPB_pDS391,0.21020840108394623,0.16650162637233734,0.04370677471160889,1,adamson,1000,string_ppi - no_graph
GNPNAT1_pDS506,-0.1625516712665558,-0.1767999231815338,0.014248251914978027,1,adamson,1000,string_ppi - no_graph
Gal4-4(mod)_pBA582,0.3463582396507263,0.38118618726730347,-0.03482794761657715,1,adamson,1000,string_ppi - no_graph
HARS_pDS466,0.8057425022125244,0.78436279296875,0.021379709243774414,1,adamson,1000,string_ppi - no_graph
HSPA9_pDS088,0.8497684597969055,0.8150035738945007,0.034764885902404785,1,adamson,1000,string_ppi - no_graph
HYOU1_pDS089,0.30301088094711304,0.2833198308944702,0.019691050052642822,1,adamson,1000,string_ppi - no_graph
IARS2_pDS090,0.8659550547599792,0.8284485340118408,0.03750652074813843,1,adamson,1000,string_ppi - no_graph
IDH3A_pDS393,0.31392163038253784,0.31587934494018555,-0.001957714557647705,1,adamson,1000,string_ppi - no_graph
IER3IP1_pDS002,0.5895994901657104,0.5687177181243896,0.0208817720413208,1,adamson,1000,string_ppi - no_graph
IER3IP1_pDS110,0.5060496926307678,0.47327691316604614,0.03277277946472168,1,adamson,1000,string_ppi - no_graph
KCTD16_pDS096,0.34301015734672546,0.354985773563385,-0.011975616216659546,1,adamson,1000,string_ppi - no_graph
MRGBP_pDS124,0.14468920230865479,0.1437939703464508,0.0008952319622039795,1,adamson,1000,string_ppi - no_graph
MTHFD1_pDS395,0.21227988600730896,0.21988454461097717,-0.007604658603668213,1,adamson,1000,string_ppi - no_graph
OST4_pDS353,0.46734708547592163,0.44280439615249634,0.024542689323425293,1,adamson,1000,string_ppi - no_graph
P4HB_pDS397,0.2003423571586609,0.19634191691875458,0.004000440239906311,1,adamson,1000,string_ppi - no_graph
PDIA6_pDS029,0.10088824480772018,0.08800534158945084,0.012882903218269348,1,adamson,1000,string_ppi - no_graph
PSMD4_pDS488,0.19088046252727509,0.21349817514419556,-0.02261771261692047,1,adamson,1000,string_ppi - no_graph
QARS_pDS510,0.8705763220787048,0.8552674055099487,0.015308916568756104,1,adamson,1000,string_ppi - no_graph
SAMM50_pDS156,0.7154941558837891,0.6597467660903931,0.055747389793395996,1,adamson,1000,string_ppi - no_graph
SEC61A1_pDS031,0.7349315881729126,0.7075384855270386,0.027393102645874023,1,adamson,1000,string_ppi - no_graph
SEC61A1_pDS032,0.6912485361099243,0.6732195615768433,0.018028974533081055,1,adamson,1000,string_ppi - no_graph
SEC61B_pDS033,0.38849592208862305,0.35015207529067993,0.038343846797943115,1,adamson,1000,string_ppi - no_graph
SEC61B_pDS162,0.33316224813461304,0.29804566502571106,0.03511658310890198,1,adamson,1000,string_ppi - no_graph
SEL1L_pDS373,0.3309537470340729,0.30663540959358215,0.024318337440490723,1,adamson,1000,string_ppi - no_graph
SLC39A7_pDS219,0.32948964834213257,0.310288667678833,0.01920098066329956,1,adamson,1000,string_ppi - no_graph
SLMO2_pDS433,0.8505590558052063,0.8127506375312805,0.03780841827392578,1,adamson,1000,string_ppi - no_graph
SOCS1_pDS479,0.4018133282661438,0.37280768156051636,0.02900564670562744,1,adamson,1000,string_ppi - no_graph
SPCS2_pDS401,0.4164144992828369,0.41509371995925903,0.0013207793235778809,1,adamson,1000,string_ppi - no_graph
SRPR_pDS482,-0.026854364201426506,-0.026904994621872902,5.0630420446395874e-05,1,adamson,1000,string_ppi - no_graph
STT3A_pDS011,0.3546088933944702,0.346330463886261,0.008278429508209229,1,adamson,1000,string_ppi - no_graph
TIMM23_pDS284,0.7233825922012329,0.6816471815109253,0.04173541069030762,1,adamson,1000,string_ppi - no_graph
TMEM167A_pDS038,0.6274744272232056,0.6068910956382751,0.02058333158493042,1,adamson,1000,string_ppi - no_graph
TTI2_pDS408,0.04514040797948837,0.03138924762606621,0.013751160353422165,1,adamson,1000,string_ppi - no_graph
UFL1_pDS410,0.46148499846458435,0.4305304288864136,0.030954569578170776,1,adamson,1000,string_ppi - no_graph
UFM1_pDS040,0.44912904500961304,0.420166939496994,0.02896210551261902,1,adamson,1000,string_ppi - no_graph
YIPF5_pDS186,0.5153448581695557,0.4923204183578491,0.023024439811706543,1,adamson,1000,string_ppi - no_graph
AMIGO3_pDS434,0.35561053454875946,0.3356010615825653,0.020009472966194153,2,adamson,1000,gene_ontology - no_graph
ARHGAP22_pDS458,0.40735217928886414,0.4227790981531143,-0.015426918864250183,2,adamson,1000,gene_ontology - no_graph
ASCC3_pDS052,0.3168340474367142,0.27917398512363434,0.037660062313079834,2,adamson,1000,gene_ontology - no_graph
ATP5B_pDS055,0.6591669321060181,0.6105729937553406,0.04859393835067749,2,adamson,1000,gene_ontology - no_graph
CAD_pDS468,-0.0770476832985878,-0.06851878389716148,-0.008528899401426315,2,adamson,1000,gene_ontology - no_graph
CARS_pDS460,0.8524186015129089,0.8298895955085754,0.022529006004333496,2,adamson,1000,gene_ontology - no_graph
CCND3_pDS006,0.1183793693780899,0.15575234591960907,-0.037372976541519165,2,adamson,1000,gene_ontology - no_graph
DAD1_pDS499,0.4702455550432205,0.4594999700784683,0.010745584964752197,2,adamson,1000,gene_ontology - no_graph
DARS_pDS495,0.7060676217079163,0.6738802492618561,0.03218737244606018,2,adamson,1000,gene_ontology - no_graph
DDRGK1_pDS041,0.47948460280895233,0.4605116546154022,0.01897294819355011,2,adamson,1000,gene_ontology - no_graph
DERL2_pDS042,0.5602883696556091,0.5916250050067902,-0.03133663535118103,2,adamson,1000,gene_ontology - no_graph
DNAJC19_pDS026,0.8808944225311279,0.8445272445678711,0.036367177963256836,2,adamson,1000,gene_ontology - no_graph
EIF2AK3_pBA572,0.4602130204439163,0.4826607257127762,-0.022447705268859863,2,adamson,1000,gene_ontology - no_graph
EIF2B4_pDS491,0.8356008231639862,0.7995123863220215,0.03608843684196472,2,adamson,1000,gene_ontology - no_graph
GMPPB_pDS391,0.2117474004626274,0.16668889671564102,0.04505850374698639,2,adamson,1000,gene_ontology - no_graph
GNPNAT1_pDS506,-0.16220498085021973,-0.17658980190753937,0.014384821057319641,2,adamson,1000,gene_ontology - no_graph
Gal4-4(mod)_pBA582,0.3488275557756424,0.3812357932329178,-0.03240823745727539,2,adamson,1000,gene_ontology - no_graph
HARS_pDS466,0.8051201105117798,0.7847912311553955,0.020328879356384277,2,adamson,1000,gene_ontology - no_graph
HSPA9_pDS088,0.8481887876987457,0.8152448832988739,0.032943904399871826,2,adamson,1000,gene_ontology - no_graph
HYOU1_pDS089,0.3039575070142746,0.2832064926624298,0.020751014351844788,2,adamson,1000,gene_ontology - no_graph
IARS2_pDS090,0.8656964004039764,0.8279068470001221,0.03778955340385437,2,adamson,1000,gene_ontology - no_graph
IDH3A_pDS393,0.3138930946588516,0.3159130811691284,-0.0020199865102767944,2,adamson,1000,gene_ontology - no_graph
IER3IP1_pDS002,0.5888726711273193,0.5693426132202148,0.019530057907104492,2,adamson,1000,gene_ontology - no_graph
IER3IP1_pDS110,0.5077292919158936,0.47314898669719696,0.034580305218696594,2,adamson,1000,gene_ontology - no_graph
KCTD16_pDS096,0.34446606040000916,0.35515378415584564,-0.010687723755836487,2,adamson,1000,gene_ontology - no_graph
MRGBP_pDS124,0.14325983077287674,0.14392776787281036,-0.0006679370999336243,2,adamson,1000,gene_ontology - no_graph
MTHFD1_pDS395,0.21212998032569885,0.21941064298152924,-0.007280662655830383,2,adamson,1000,gene_ontology - no_graph
OST4_pDS353,0.4677675813436508,0.4435058534145355,0.024261727929115295,2,adamson,1000,gene_ontology - no_graph
P4HB_pDS397,0.1997198984026909,0.19636043161153793,0.003359466791152954,2,adamson,1000,gene_ontology - no_graph
PDIA6_pDS029,0.10080287978053093,0.08806758746504784,0.012735292315483093,2,adamson,1000,gene_ontology - no_graph
PSMD4_pDS488,0.1909584179520607,0.21396811306476593,-0.02300969511270523,2,adamson,1000,gene_ontology - no_graph
QARS_pDS510,0.8704072535037994,0.8555270433425903,0.014880210161209106,2,adamson,1000,gene_ontology - no_graph
SAMM50_pDS156,0.7129999697208405,0.6601360440254211,0.05286392569541931,2,adamson,1000,gene_ontology - no_graph
SEC61A1_pDS031,0.7346350848674774,0.7077659070491791,0.02686917781829834,2,adamson,1000,gene_ontology - no_graph
SEC61A1_pDS032,0.6918810307979584,0.6736993193626404,0.018181711435317993,2,adamson,1000,gene_ontology - no_graph
SEC61B_pDS033,0.38758864998817444,0.3496440649032593,0.03794458508491516,2,adamson,1000,gene_ontology - no_graph
SEC61B_pDS162,0.3364509046077728,0.29714567959308624,0.039305225014686584,2,adamson,1000,gene_ontology - no_graph
SEL1L_pDS373,0.3326297998428345,0.3069843202829361,0.025645479559898376,2,adamson,1000,gene_ontology - no_graph
SLC39A7_pDS219,0.33003823459148407,0.30996307730674744,0.020075157284736633,2,adamson,1000,gene_ontology - no_graph
SLMO2_pDS433,0.8501180708408356,0.8119142353534698,0.03820383548736572,2,adamson,1000,gene_ontology - no_graph
SOCS1_pDS479,0.4011830687522888,0.37218964099884033,0.028993427753448486,2,adamson,1000,gene_ontology - no_graph
SPCS2_pDS401,0.41670751571655273,0.4151323735713959,0.0015751421451568604,2,adamson,1000,gene_ontology - no_graph
SRPR_pDS482,-0.02743395511060953,-0.02662668004631996,-0.0008072750642895699,2,adamson,1000,gene_ontology - no_graph
STT3A_pDS011,0.35478517413139343,0.34613701701164246,0.008648157119750977,2,adamson,1000,gene_ontology - no_graph
TIMM23_pDS284,0.7228067517280579,0.6807523667812347,0.04205438494682312,2,adamson,1000,gene_ontology - no_graph
TMEM167A_pDS038,0.632011741399765,0.6058742105960846,0.02613753080368042,2,adamson,1000,gene_ontology - no_graph
TTI2_pDS408,0.04453854449093342,0.03158614970743656,0.012952394783496857,2,adamson,1000,gene_ontology - no_graph
UFL1_pDS410,0.46186238527297974,0.4309590756893158,0.03090330958366394,2,adamson,1000,gene_ontology - no_graph
UFM1_pDS040,0.45029982924461365,0.42021240293979645,0.0300874263048172,2,adamson,1000,gene_ontology - no_graph
YIPF5_pDS186,0.5204644799232483,0.4910317212343216,0.029432758688926697,2,adamson,1000,gene_ontology - no_graph
AMIGO3_pDS434,0.35370147228240967,0.3356010615825653,0.01810041069984436,2,adamson,1000,random - no_graph
ARHGAP22_pDS458,0.4057585448026657,0.4227790981531143,-0.01702055335044861,2,adamson,1000,random - no_graph
ASCC3_pDS052,0.31697048246860504,0.27917398512363434,0.0377964973449707,2,adamson,1000,random - no_graph
ATP5B_pDS055,0.6577745974063873,0.6105729937553406,0.04720160365104675,2,adamson,1000,random - no_graph
CAD_pDS468,-0.0761924609541893,-0.06851878389716148,-0.007673677057027817,2,adamson,1000,random - no_graph
CARS_pDS460,0.8517370223999023,0.8298895955085754,0.021847426891326904,2,adamson,1000,random - no_graph
CCND3_pDS006,0.11922230944037437,0.15575234591960907,-0.036530036479234695,2,adamson,1000,random - no_graph
DAD1_pDS499,0.4707767516374588,0.4594999700784683,0.011276781558990479,2,adamson,1000,random - no_graph
DARS_pDS495,0.7049301862716675,0.6738802492618561,0.0310499370098114,2,adamson,1000,random - no_graph
DDRGK1_pDS041,0.47967299818992615,0.4605116546154022,0.019161343574523926,2,adamson,1000,random - no_graph
DERL2_pDS042,0.5612969398498535,0.5916250050067902,-0.030328065156936646,2,adamson,1000,random - no_graph
DNAJC19_pDS026,0.8801161050796509,0.8445272445678711,0.035588860511779785,2,adamson,1000,random - no_graph
EIF2AK3_pBA572,0.4620307683944702,0.4826607257127762,-0.02062995731830597,2,adamson,1000,random - no_graph
EIF2B4_pDS491,0.8353323936462402,0.7995123863220215,0.03582000732421875,2,adamson,1000,random - no_graph
GMPPB_pDS391,0.2123488336801529,0.16668889671564102,0.04565993696451187,2,adamson,1000,random - no_graph
GNPNAT1_pDS506,-0.16222844272851944,-0.17658980190753937,0.014361359179019928,2,adamson,1000,random - no_graph
Gal4-4(mod)_pBA582,0.34889204800128937,0.3812357932329178,-0.03234374523162842,2,adamson,1000,random - no_graph
HARS_pDS466,0.8046507835388184,0.7847912311553955,0.01985955238342285,2,adamson,1000,random - no_graph
HSPA9_pDS088,0.8482342660427094,0.8152448832988739,0.03298938274383545,2,adamson,1000,random - no_graph
HYOU1_pDS089,0.30314505100250244,0.2832064926624298,0.019938558340072632,2,adamson,1000,random - no_graph
IARS2_pDS090,0.8658983111381531,0.8279068470001221,0.037991464138031006,2,adamson,1000,random - no_graph
IDH3A_pDS393,0.3161815106868744,0.3159130811691284,0.0002684295177459717,2,adamson,1000,random - no_graph
IER3IP1_pDS002,0.588336318731308,0.5693426132202148,0.01899370551109314,2,adamson,1000,random - no_graph
IER3IP1_pDS110,0.5083107948303223,0.47314898669719696,0.035161808133125305,2,adamson,1000,random - no_graph
KCTD16_pDS096,0.3448314517736435,0.35515378415584564,-0.010322332382202148,2,adamson,1000,random - no_graph
MRGBP_pDS124,0.14201486110687256,0.14392776787281036,-0.0019129067659378052,2,adamson,1000,random - no_graph
MTHFD1_pDS395,0.20979361236095428,0.21941064298152924,-0.009617030620574951,2,adamson,1000,random - no_graph
OST4_pDS353,0.46487298607826233,0.4435058534145355,0.021367132663726807,2,adamson,1000,random - no_graph
P4HB_pDS397,0.198616661131382,0.19636043161153793,0.002256229519844055,2,adamson,1000,random - no_graph
PDIA6_pDS029,0.0996871292591095,0.08806758746504784,0.01161954179406166,2,adamson,1000,random - no_graph
PSMD4_pDS488,0.19319063425064087,0.21396811306476593,-0.02077747881412506,2,adamson,1000,random - no_graph
QARS_pDS510,0.8703359663486481,0.8555270433425903,0.01480892300605774,2,adamson,1000,random - no_graph
SAMM50_pDS156,0.7084677517414093,0.6601360440254211,0.04833170771598816,2,adamson,1000,random - no_graph
SEC61A1_pDS031,0.7351114451885223,0.7077659070491791,0.02734553813934326,2,adamson,1000,random - no_graph
SEC61A1_pDS032,0.6926591098308563,0.6736993193626404,0.018959790468215942,2,adamson,1000,random - no_graph
SEC61B_pDS033,0.38328300416469574,0.3496440649032593,0.03363893926143646,2,adamson,1000,random - no_graph
SEC61B_pDS162,0.33393488824367523,0.29714567959308624,0.03678920865058899,2,adamson,1000,random - no_graph
SEL1L_pDS373,0.3294786065816879,0.3069843202829361,0.02249428629875183,2,adamson,1000,random - no_graph
SLC39A7_pDS219,0.3296324163675308,0.30996307730674744,0.019669339060783386,2,adamson,1000,random - no_graph
SLMO2_pDS433,0.84896320104599,0.8119142353534698,0.03704896569252014,2,adamson,1000,random - no_graph
SOCS1_pDS479,0.3999648243188858,0.37218964099884033,0.02777518332004547,2,adamson,1000,random - no_graph
SPCS2_pDS401,0.41585737466812134,0.4151323735713959,0.0007250010967254639,2,adamson,1000,random - no_graph
SRPR_pDS482,-0.02760170493274927,-0.02662668004631996,-0.0009750248864293098,2,adamson,1000,random - no_graph
STT3A_pDS011,0.35457833111286163,0.34613701701164246,0.008441314101219177,2,adamson,1000,random - no_graph
TIMM23_pDS284,0.7208754420280457,0.6807523667812347,0.04012307524681091,2,adamson,1000,random - no_graph
TMEM167A_pDS038,0.6294838488101959,0.6058742105960846,0.023609638214111328,2,adamson,1000,random - no_graph
TTI2_pDS408,0.04443053714931011,0.03158614970743656,0.01284438744187355,2,adamson,1000,random - no_graph
UFL1_pDS410,0.4612938165664673,0.4309590756893158,0.03033474087715149,2,adamson,1000,random - no_graph
UFM1_pDS040,0.44972196221351624,0.42021240293979645,0.029509559273719788,2,adamson,1000,random - no_graph
YIPF5_pDS186,0.5163385272026062,0.4910317212343216,0.025306805968284607,2,adamson,1000,random - no_graph
AMIGO3_pDS434,0.35429953038692474,0.35370147228240967,0.0005980581045150757,2,adamson,1000,combined - random
ARHGAP22_pDS458,0.4077974110841751,0.4057585448026657,0.0020388662815093994,2,adamson,1000,combined - random
ASCC3_pDS052,0.31660130620002747,0.31697048246860504,-0.0003691762685775757,2,adamson,1000,combined - random
ATP5B_pDS055,0.6592187881469727,0.6577745974063873,0.0014441907405853271,2,adamson,1000,combined - random
CAD_pDS468,-0.07819613441824913,-0.0761924609541893,-0.0020036734640598297,2,adamson,1000,combined - random
CARS_pDS460,0.8524284958839417,0.8517370223999023,0.0006914734840393066,2,adamson,1000,combined - random
CCND3_pDS006,0.11865923181176186,0.11922230944037437,-0.0005630776286125183,2,adamson,1000,combined - random
DAD1_pDS499,0.4697011262178421,0.4707767516374588,-0.0010756254196166992,2,adamson,1000,combined - random
DARS_pDS495,0.7055128216743469,0.7049301862716675,0.0005826354026794434,2,adamson,1000,combined - random
DDRGK1_pDS041,0.47856542468070984,0.47967299818992615,-0.0011075735092163086,2,adamson,1000,combined - random
DERL2_pDS042,0.5611189603805542,0.5612969398498535,-0.0001779794692993164,2,adamson,1000,combined - random
DNAJC19_pDS026,0.8811011612415314,0.8801161050796509,0.0009850561618804932,2,adamson,1000,combined - random
EIF2AK3_pBA572,0.46311959624290466,0.4620307683944702,0.0010888278484344482,2,adamson,1000,combined - random
EIF2B4_pDS491,0.8358063101768494,0.8353323936462402,0.00047391653060913086,2,adamson,1000,combined - random
GMPPB_pDS391,0.2108134925365448,0.2123488336801529,-0.0015353411436080933,2,adamson,1000,combined - random
GNPNAT1_pDS506,-0.16186809539794922,-0.16222844272851944,0.00036034733057022095,2,adamson,1000,combined - random
Gal4-4(mod)_pBA582,0.34855110943317413,0.34889204800128937,-0.0003409385681152344,2,adamson,1000,combined - random
HARS_pDS466,0.8054865896701813,0.8046507835388184,0.000835806131362915,2,adamson,1000,combined - random
HSPA9_pDS088,0.8498617112636566,0.8482342660427094,0.0016274452209472656,2,adamson,1000,combined - random
HYOU1_pDS089,0.30435818433761597,0.30314505100250244,0.0012131333351135254,2,adamson,1000,combined - random
IARS2_pDS090,0.8649323284626007,0.8658983111381531,-0.0009659826755523682,2,adamson,1000,combined - random
IDH3A_pDS393,0.3137287348508835,0.3161815106868744,-0.0024527758359909058,2,adamson,1000,combined - random
IER3IP1_pDS002,0.5875185132026672,0.588336318731308,-0.0008178055286407471,2,adamson,1000,combined - random
IER3IP1_pDS110,0.5070229768753052,0.5083107948303223,-0.0012878179550170898,2,adamson,1000,combined - random
KCTD16_pDS096,0.3444017022848129,0.3448314517736435,-0.0004297494888305664,2,adamson,1000,combined - random
MRGBP_pDS124,0.14238782972097397,0.14201486110687256,0.0003729686141014099,2,adamson,1000,combined - random
MTHFD1_pDS395,0.21235546469688416,0.20979361236095428,0.0025618523359298706,2,adamson,1000,combined - random
OST4_pDS353,0.4669504463672638,0.46487298607826233,0.002077460289001465,2,adamson,1000,combined - random
P4HB_pDS397,0.19902729243040085,0.198616661131382,0.00041063129901885986,2,adamson,1000,combined - random
PDIA6_pDS029,0.10080232471227646,0.0996871292591095,0.0011151954531669617,2,adamson,1000,combined - random
PSMD4_pDS488,0.19159260392189026,0.19319063425064087,-0.0015980303287506104,2,adamson,1000,combined - random
QARS_pDS510,0.8703082203865051,0.8703359663486481,-2.7745962142944336e-05,2,adamson,1000,combined - random
SAMM50_pDS156,0.7133160829544067,0.7084677517414093,0.0048483312129974365,2,adamson,1000,combined - random
SEC61A1_pDS031,0.7343316376209259,0.7351114451885223,-0.0007798075675964355,2,adamson,1000,combined - random
SEC61A1_pDS032,0.6920807957649231,0.6926591098308563,-0.0005783140659332275,2,adamson,1000,combined - random
SEC61B_pDS033,0.3866126537322998,0.38328300416469574,0.003329649567604065,2,adamson,1000,combined - random
SEC61B_pDS162,0.3354235887527466,0.33393488824367523,0.00148870050907135,2,adamson,1000,combined - random
SEL1L_pDS373,0.3322218209505081,0.3294786065816879,0.0027432143688201904,2,adamson,1000,combined - random
SLC39A7_pDS219,0.32949398458004,0.3296324163675308,-0.00013843178749084473,2,adamson,1000,combined - random
SLMO2_pDS433,0.850426971912384,0.84896320104599,0.001463770866394043,2,adamson,1000,combined - random
SOCS1_pDS479,0.4002891480922699,0.3999648243188858,0.00032432377338409424,2,adamson,1000,combined - random
SPCS2_pDS401,0.4190255254507065,0.41585737466812134,0.003168150782585144,2,adamson,1000,combined - random
SRPR_pDS482,-0.028686040081083775,-0.02760170493274927,-0.0010843351483345032,2,adamson,1000,combined - random
STT3A_pDS011,0.35494306683540344,0.35457833111286163,0.0003647357225418091,2,adamson,1000,combined - random
TIMM23_pDS284,0.7227703630924225,0.7208754420280457,0.001894921064376831,2,adamson,1000,combined - random
TMEM167A_pDS038,0.6316647529602051,0.6294838488101959,0.0021809041500091553,2,adamson,1000,combined - random
TTI2_pDS408,0.04153611697256565,0.04443053714931011,-0.002894420176744461,2,adamson,1000,combined - random
UFL1_pDS410,0.461481049656868,0.4612938165664673,0.0001872330904006958,2,adamson,1000,combined - random
UFM1_pDS040,0.44845302402973175,0.44972196221351624,-0.0012689381837844849,2,adamson,1000,combined - random
YIPF5_pDS186,0.5190431177616119,0.5163385272026062,0.0027045905590057373,2,adamson,1000,combined - random
AMIGO3_pDS434,0.3556011915206909,0.35519930720329285,0.0004018843173980713,1,adamson,1000,string_ppi - random
ARHGAP22_pDS458,0.4078860878944397,0.4044603705406189,0.0034257173538208008,1,adamson,1000,string_ppi - random
ASCC3_pDS052,0.3165937066078186,0.31630051136016846,0.0002931952476501465,1,adamson,1000,string_ppi - random
ATP5B_pDS055,0.6582092642784119,0.6591940522193909,-0.000984787940979004,1,adamson,1000,string_ppi - random
CAD_pDS468,-0.07700002193450928,-0.07712258398532867,0.00012256205081939697,1,adamson,1000,string_ppi - random
CARS_pDS460,0.8531660437583923,0.8522714376449585,0.0008946061134338379,1,adamson,1000,string_ppi - random
CCND3_pDS006,0.11816354095935822,0.11865726858377457,-0.0004937276244163513,1,adamson,1000,string_ppi - random
DAD1_pDS499,0.4697623550891876,0.4722064435482025,-0.0024440884590148926,1,adamson,1000,string_ppi - random
DARS_pDS495,0.7061649560928345,0.7051092386245728,0.0010557174682617188,1,adamson,1000,string_ppi - random
DDRGK1_pDS041,0.4784483015537262,0.4793018698692322,-0.0008535683155059814,1,adamson,1000,string_ppi - random
DERL2_pDS042,0.5595581531524658,0.5621284246444702,-0.0025702714920043945,1,adamson,1000,string_ppi - random
DNAJC19_pDS026,0.8800401091575623,0.8801390528678894,-9.894371032714844e-05,1,adamson,1000,string_ppi - random
EIF2AK3_pBA572,0.45851796865463257,0.4605730175971985,-0.002055048942565918,1,adamson,1000,string_ppi - random
EIF2B4_pDS491,0.8362349271774292,0.8361940383911133,4.088878631591797e-05,1,adamson,1000,string_ppi - random
GMPPB_pDS391,0.21020840108394623,0.21235504746437073,-0.0021466463804244995,1,adamson,1000,string_ppi - random
GNPNAT1_pDS506,-0.1625516712665558,-0.16223853826522827,-0.00031313300132751465,1,adamson,1000,string_ppi - random
Gal4-4(mod)_pBA582,0.3463582396507263,0.3475700318813324,-0.001211792230606079,1,adamson,1000,string_ppi - random
HARS_pDS466,0.8057425022125244,0.8044098615646362,0.0013326406478881836,1,adamson,1000,string_ppi - random
HSPA9_pDS088,0.8497684597969055,0.8467310070991516,0.0030374526977539062,1,adamson,1000,string_ppi - random
HYOU1_pDS089,0.30301088094711304,0.30314165353775024,-0.00013077259063720703,1,adamson,1000,string_ppi - random
IARS2_pDS090,0.8659550547599792,0.8661975860595703,-0.00024253129959106445,1,adamson,1000,string_ppi - random
IDH3A_pDS393,0.31392163038253784,0.3134930729866028,0.0004285573959350586,1,adamson,1000,string_ppi - random
IER3IP1_pDS002,0.5895994901657104,0.5897733569145203,-0.00017386674880981445,1,adamson,1000,string_ppi - random
IER3IP1_pDS110,0.5060496926307678,0.5085606575012207,-0.002510964870452881,1,adamson,1000,string_ppi - random
KCTD16_pDS096,0.34301015734672546,0.34472015500068665,-0.0017099976539611816,1,adamson,1000,string_ppi - random
MRGBP_pDS124,0.14468920230865479,0.14337044954299927,0.0013187527656555176,1,adamson,1000,string_ppi - random
MTHFD1_pDS395,0.21227988600730896,0.20742061734199524,0.004859268665313721,1,adamson,1000,string_ppi - random
OST4_pDS353,0.46734708547592163,0.4628201723098755,0.004526913166046143,1,adamson,1000,string_ppi - random
P4HB_pDS397,0.2003423571586609,0.1986125409603119,0.001729816198348999,1,adamson,1000,string_ppi - random
PDIA6_pDS029,0.10088824480772018,0.10084767639636993,4.0568411350250244e-05,1,adamson,1000,string_ppi - random
PSMD4_pDS488,0.19088046252727509,0.1949879676103592,-0.0041075050830841064,1,adamson,1000,string_ppi - random
QARS_pDS510,0.8705763220787048,0.8700498938560486,0.00052642822265625,1,adamson,1000,string_ppi - random
SAMM50_pDS156,0.7154941558837891,0.7091563940048218,0.006337761878967285,1,adamson,1000,string_ppi - random
SEC61A1_pDS031,0.7349315881729126,0.7342431545257568,0.0006884336471557617,1,adamson,1000,string_ppi - random
SEC61A1_pDS032,0.6912485361099243,0.6903216242790222,0.0009269118309020996,1,adamson,1000,string_ppi - random
SEC61B_pDS033,0.38849592208862305,0.38301342725753784,0.005482494831085205,1,adamson,1000,string_ppi - random
SEC61B_pDS162,0.33316224813461304,0.33651798963546753,-0.003355741500854492,1,adamson,1000,string_ppi - random
SEL1L_pDS373,0.3309537470340729,0.3332735002040863,-0.0023197531700134277,1,adamson,1000,string_ppi - random
SLC39A7_pDS219,0.32948964834213257,0.33006393909454346,-0.0005742907524108887,1,adamson,1000,string_ppi - random
SLMO2_pDS433,0.8505590558052063,0.8503940105438232,0.00016504526138305664,1,adamson,1000,string_ppi - random
SOCS1_pDS479,0.4018133282661438,0.3978959023952484,0.003917425870895386,1,adamson,1000,string_ppi - random
SPCS2_pDS401,0.4164144992828369,0.41628244519233704,0.00013205409049987793,1,adamson,1000,string_ppi - random
SRPR_pDS482,-0.026854364201426506,-0.0267113596200943,-0.00014300458133220673,1,adamson,1000,string_ppi - random
STT3A_pDS011,0.3546088933944702,0.35522326827049255,-0.0006143748760223389,1,adamson,1000,string_ppi - random
TIMM23_pDS284,0.7233825922012329,0.7192994356155396,0.004083156585693359,1,adamson,1000,string_ppi - random
TMEM167A_pDS038,0.6274744272232056,0.6340811848640442,-0.006606757640838623,1,adamson,1000,string_ppi - random
TTI2_pDS408,0.04514040797948837,0.04413214325904846,0.0010082647204399109,1,adamson,1000,string_ppi - random
UFL1_pDS410,0.46148499846458435,0.4617008864879608,-0.00021588802337646484,1,adamson,1000,string_ppi - random
UFM1_pDS040,0.44912904500961304,0.4487032890319824,0.00042575597763061523,1,adamson,1000,string_ppi - random
YIPF5_pDS186,0.5153448581695557,0.5146887898445129,0.0006560683250427246,1,adamson,1000,string_ppi - random
AMIGO3_pDS434,0.35561053454875946,0.35370147228240967,0.0019090622663497925,2,adamson,1000,gene_ontology - random
ARHGAP22_pDS458,0.40735217928886414,0.4057585448026657,0.0015936344861984253,2,adamson,1000,gene_ontology - random
ASCC3_pDS052,0.3168340474367142,0.31697048246860504,-0.00013643503189086914,2,adamson,1000,gene_ontology - random
ATP5B_pDS055,0.6591669321060181,0.6577745974063873,0.0013923346996307373,2,adamson,1000,gene_ontology - random
CAD_pDS468,-0.0770476832985878,-0.0761924609541893,-0.0008552223443984985,2,adamson,1000,gene_ontology - random
CARS_pDS460,0.8524186015129089,0.8517370223999023,0.0006815791130065918,2,adamson,1000,gene_ontology - random
CCND3_pDS006,0.1183793693780899,0.11922230944037437,-0.0008429400622844696,2,adamson,1000,gene_ontology - random
DAD1_pDS499,0.4702455550432205,0.4707767516374588,-0.0005311965942382812,2,adamson,1000,gene_ontology - random
DARS_pDS495,0.7060676217079163,0.7049301862716675,0.0011374354362487793,2,adamson,1000,gene_ontology - random
DDRGK1_pDS041,0.47948460280895233,0.47967299818992615,-0.00018839538097381592,2,adamson,1000,gene_ontology - random
DERL2_pDS042,0.5602883696556091,0.5612969398498535,-0.0010085701942443848,2,adamson,1000,gene_ontology - random
DNAJC19_pDS026,0.8808944225311279,0.8801161050796509,0.0007783174514770508,2,adamson,1000,gene_ontology - random
EIF2AK3_pBA572,0.4602130204439163,0.4620307683944702,-0.001817747950553894,2,adamson,1000,gene_ontology - random
EIF2B4_pDS491,0.8356008231639862,0.8353323936462402,0.0002684295177459717,2,adamson,1000,gene_ontology - random
GMPPB_pDS391,0.2117474004626274,0.2123488336801529,-0.0006014332175254822,2,adamson,1000,gene_ontology - random
GNPNAT1_pDS506,-0.16220498085021973,-0.16222844272851944,2.3461878299713135e-05,2,adamson,1000,gene_ontology - random
Gal4-4(mod)_pBA582,0.3488275557756424,0.34889204800128937,-6.449222564697266e-05,2,adamson,1000,gene_ontology - random
HARS_pDS466,0.8051201105117798,0.8046507835388184,0.0004693269729614258,2,adamson,1000,gene_ontology - random
HSPA9_pDS088,0.8481887876987457,0.8482342660427094,-4.547834396362305e-05,2,adamson,1000,gene_ontology - random
HYOU1_pDS089,0.3039575070142746,0.30314505100250244,0.0008124560117721558,2,adamson,1000,gene_ontology - random
IARS2_pDS090,0.8656964004039764,0.8658983111381531,-0.00020191073417663574,2,adamson,1000,gene_ontology - random
IDH3A_pDS393,0.3138930946588516,0.3161815106868744,-0.002288416028022766,2,adamson,1000,gene_ontology - random
IER3IP1_pDS002,0.5888726711273193,0.588336318731308,0.0005363523960113525,2,adamson,1000,gene_ontology - random
IER3IP1_pDS110,0.5077292919158936,0.5083107948303223,-0.0005815029144287109,2,adamson,1000,gene_ontology - random
KCTD16_pDS096,0.34446606040000916,0.3448314517736435,-0.0003653913736343384,2,adamson,1000,gene_ontology - random
MRGBP_pDS124,0.14325983077287674,0.14201486110687256,0.001244969666004181,2,adamson,1000,gene_ontology - random
MTHFD1_pDS395,0.21212998032569885,0.20979361236095428,0.002336367964744568,2,adamson,1000,gene_ontology - random
OST4_pDS353,0.4677675813436508,0.46487298607826233,0.0028945952653884888,2,adamson,1000,gene_ontology - random
P4HB_pDS397,0.1997198984026909,0.198616661131382,0.001103237271308899,2,adamson,1000,gene_ontology - random
PDIA6_pDS029,0.10080287978053093,0.0996871292591095,0.0011157505214214325,2,adamson,1000,gene_ontology - random
PSMD4_pDS488,0.1909584179520607,0.19319063425064087,-0.0022322162985801697,2,adamson,1000,gene_ontology - random
QARS_pDS510,0.8704072535037994,0.8703359663486481,7.128715515136719e-05,2,adamson,1000,gene_ontology - random
SAMM50_pDS156,0.7129999697208405,0.7084677517414093,0.004532217979431152,2,adamson,1000,gene_ontology - random
SEC61A1_pDS031,0.7346350848674774,0.7351114451885223,-0.0004763603210449219,2,adamson,1000,gene_ontology - random
SEC61A1_pDS032,0.6918810307979584,0.6926591098308563,-0.0007780790328979492,2,adamson,1000,gene_ontology - random
SEC61B_pDS033,0.38758864998817444,0.38328300416469574,0.004305645823478699,2,adamson,1000,gene_ontology - random
SEC61B_pDS162,0.3364509046077728,0.33393488824367523,0.002516016364097595,2,adamson,1000,gene_ontology - random
SEL1L_pDS373,0.3326297998428345,0.3294786065816879,0.0031511932611465454,2,adamson,1000,gene_ontology - random
SLC39A7_pDS219,0.33003823459148407,0.3296324163675308,0.00040581822395324707,2,adamson,1000,gene_ontology - random
SLMO2_pDS433,0.8501180708408356,0.84896320104599,0.001154869794845581,2,adamson,1000,gene_ontology - random
SOCS1_pDS479,0.4011830687522888,0.3999648243188858,0.0012182444334030151,2,adamson,1000,gene_ontology - random
SPCS2_pDS401,0.41670751571655273,0.41585737466812134,0.0008501410484313965,2,adamson,1000,gene_ontology - random
SRPR_pDS482,-0.02743395511060953,-0.02760170493274927,0.00016774982213974,2,adamson,1000,gene_ontology - random
STT3A_pDS011,0.35478517413139343,0.35457833111286163,0.00020684301853179932,2,adamson,1000,gene_ontology - random
TIMM23_pDS284,0.7228067517280579,0.7208754420280457,0.001931309700012207,2,adamson,1000,gene_ontology - random
TMEM167A_pDS038,0.632011741399765,0.6294838488101959,0.002527892589569092,2,adamson,1000,gene_ontology - random
TTI2_pDS408,0.04453854449093342,0.04443053714931011,0.00010800734162330627,2,adamson,1000,gene_ontology - random
UFL1_pDS410,0.46186238527297974,0.4612938165664673,0.0005685687065124512,2,adamson,1000,gene_ontology - random
UFM1_pDS040,0.45029982924461365,0.44972196221351624,0.0005778670310974121,2,adamson,1000,gene_ontology - random
YIPF5_pDS186,0.5204644799232483,0.5163385272026062,0.00412595272064209,2,adamson,1000,gene_ontology - random
AHR_FEV,0.7163437306880951,0.7399054765701294,-0.023561745882034302,2,norman,200,combined - no_graph
ARID1A,0.6677789986133575,0.689520388841629,-0.021741390228271484,2,norman,200,combined - no_graph
BCL2L11,0.010237312410026789,0.031807854771614075,-0.021570542361587286,2,norman,200,combined - no_graph
BCORL1,0.47056683897972107,0.47474581003189087,-0.0041789710521698,2,norman,200,combined - no_graph
C3orf72_FOXL2,0.6282807886600494,0.6493183672428131,-0.021037578582763672,2,norman,200,combined - no_graph
CBL_PTPN12,0.5800235271453857,0.6045188009738922,-0.02449527382850647,2,norman,200,combined - no_graph
CBL_TGFBR2,0.633918821811676,0.6651830673217773,-0.03126424551010132,2,norman,200,combined - no_graph
CDKN1A,0.8612173795700073,0.9481105804443359,-0.08689320087432861,2,norman,200,combined - no_graph
CDKN1B,0.822728157043457,0.8302680850028992,-0.007539927959442139,2,norman,200,combined - no_graph
CDKN1C,0.7535497546195984,0.7591438889503479,-0.005594134330749512,2,norman,200,combined - no_graph
CDKN1C_CDKN1A,0.47376611828804016,0.48305875062942505,-0.009292632341384888,2,norman,200,combined - no_graph
CDKN1C_CDKN1B,0.7647007703781128,0.7875081300735474,-0.02280735969543457,2,norman,200,combined - no_graph
CEBPB_PTPN12,0.7066538333892822,0.7050457298755646,0.0016081035137176514,2,norman,200,combined - no_graph
CSRNP1,-0.36773478984832764,-0.37863633036613464,0.010901540517807007,2,norman,200,combined - no_graph
DUSP9_PRTG,0.5979478359222412,0.6076368689537048,-0.009689033031463623,2,norman,200,combined - no_graph
FOSB,0.3237738609313965,0.28454679250717163,0.039227068424224854,2,norman,200,combined - no_graph
FOXA3,0.6511271297931671,0.6765323281288147,-0.025405198335647583,2,norman,200,combined - no_graph
FOXA3_FOXF1,0.6243769824504852,0.6487849056720734,-0.024407923221588135,2,norman,200,combined - no_graph
FOXA3_FOXL2,0.4583854079246521,0.47786128520965576,-0.019475877285003662,2,norman,200,combined - no_graph
HES7,0.7422587871551514,0.940749853849411,-0.19849106669425964,2,norman,200,combined - no_graph
HOXB9,0.7444572448730469,0.7495760321617126,-0.0051187872886657715,2,norman,200,combined - no_graph
IGDCC3_MAPK1,0.5352389514446259,0.5103611052036285,0.024877846240997314,2,norman,200,combined - no_graph
IRF1_SET,0.3902413696050644,0.37263020873069763,0.01761116087436676,2,norman,200,combined - no_graph
ISL2,0.2465125247836113,0.2527344077825546,-0.006221882998943329,2,norman,200,combined - no_graph
KLF1_BAK1,0.12889784574508667,0.11786660552024841,0.011031240224838257,2,norman,200,combined - no_graph
KLF1_CLDN6,0.700456827878952,0.7196618616580963,-0.019205033779144287,2,norman,200,combined - no_graph
KLF1_COL2A1,0.3515627980232239,0.33395741879940033,0.017605379223823547,2,norman,200,combined - no_graph
KLF1_TGFBR2,0.3175792247056961,0.3080972731113434,0.009481951594352722,2,norman,200,combined - no_graph
LHX1,0.7809872031211853,0.9201459586620331,-0.13915875554084778,2,norman,200,combined - no_graph
LHX1_ELMSAN1,0.2726201266050339,0.24152297526597977,0.031097151339054108,2,norman,200,combined - no_graph
LYL1_IER5L,0.8314660787582397,0.8653472661972046,-0.033881187438964844,2,norman,200,combined - no_graph
MAP2K3_IKZF3,0.5280351340770721,0.5417713820934296,-0.013736248016357422,2,norman,200,combined - no_graph
MAP2K3_MAP2K6,-0.4984397292137146,-0.4975265711545944,-0.0009131580591201782,2,norman,200,combined - no_graph
MAP2K6,-0.5198635756969452,-0.5353555679321289,0.015491992235183716,2,norman,200,combined - no_graph
MAP7D1,-0.01037910906597972,-0.007084189914166927,-0.003294919151812792,2,norman,200,combined - no_graph
MAPK1_IKZF3,0.7689076066017151,0.7606427073478699,0.008264899253845215,2,norman,200,combined - no_graph
MAPK1_PRTG,0.5698439478874207,0.5556469559669495,0.014196991920471191,2,norman,200,combined - no_graph
OSR2,0.2947302460670471,0.2436010092496872,0.051129236817359924,2,norman,200,combined - no_graph
PTPN1,0.7562836408615112,0.7872279584407806,-0.03094431757926941,2,norman,200,combined - no_graph
PTPN12_SNAI1,0.6321903467178345,0.6483653485774994,-0.016175001859664917,2,norman,200,combined - no_graph
SAMD1_PTPN12,0.7297767400741577,0.7614917457103729,-0.03171500563621521,2,norman,200,combined - no_graph
SET,0.49241337180137634,0.4753982424736023,0.017015129327774048,2,norman,200,combined - no_graph
SET_KLF1,0.41952085494995117,0.4018450379371643,0.017675817012786865,2,norman,200,combined - no_graph
SGK1_TBX3,0.4348500519990921,0.4137517809867859,0.021098271012306213,2,norman,200,combined - no_graph
SLC4A1,0.16355527937412262,0.1518554911017418,0.011699788272380829,2,norman,200,combined - no_graph
TGFBR2_PRTG,0.6806157529354095,0.716810405254364,-0.03619465231895447,2,norman,200,combined - no_graph
TP73,0.7042827904224396,0.7134177088737488,-0.009134918451309204,2,norman,200,combined - no_graph
UBASH3A,0.6916353702545166,0.7059724926948547,-0.014337122440338135,2,norman,200,combined - no_graph
UBASH3B,0.7073789536952972,0.7275257110595703,-0.02014675736427307,2,norman,200,combined - no_graph
ZBTB25,0.5558165609836578,0.5782978236675262,-0.022481262683868408,2,norman,200,combined - no_graph
AHR_FEV,0.7193195223808289,0.7400906085968018,-0.0207710862159729,1,norman,200,string_ppi - no_graph
ARID1A,0.669823944568634,0.6897535920143127,-0.01992964744567871,1,norman,200,string_ppi - no_graph
BCL2L11,0.006121454760432243,0.03159133344888687,-0.025469878688454628,1,norman,200,string_ppi - no_graph
BCORL1,0.4720284044742584,0.47486281394958496,-0.002834409475326538,1,norman,200,string_ppi - no_graph
C3orf72_FOXL2,0.6240442395210266,0.6490503549575806,-0.025006115436553955,1,norman,200,string_ppi - no_graph
CBL_PTPN12,0.5765644907951355,0.6055189967155457,-0.028954505920410156,1,norman,200,string_ppi - no_graph
CBL_TGFBR2,0.6290461421012878,0.6650722622871399,-0.03602612018585205,1,norman,200,string_ppi - no_graph
CDKN1A,0.8858084678649902,0.9471654891967773,-0.06135702133178711,1,norman,200,string_ppi - no_graph
CDKN1B,0.8088933229446411,0.8306844234466553,-0.02179110050201416,1,norman,200,string_ppi - no_graph
CDKN1C,0.7396937608718872,0.7582811117172241,-0.018587350845336914,1,norman,200,string_ppi - no_graph
CDKN1C_CDKN1A,0.4684416949748993,0.4836825728416443,-0.015240877866744995,1,norman,200,string_ppi - no_graph
CDKN1C_CDKN1B,0.7756830453872681,0.7869042158126831,-0.011221170425415039,1,norman,200,string_ppi - no_graph
CEBPB_PTPN12,0.7122286558151245,0.7045785188674927,0.007650136947631836,1,norman,200,string_ppi - no_graph
CSRNP1,-0.3652826249599457,-0.3787849545478821,0.013502329587936401,1,norman,200,string_ppi - no_graph
DUSP9_PRTG,0.5944005846977234,0.607175350189209,-0.012774765491485596,1,norman,200,string_ppi - no_graph
FOSB,0.33148741722106934,0.28361737728118896,0.04787003993988037,1,norman,200,string_ppi - no_graph
FOXA3,0.6414332389831543,0.6766932010650635,-0.03525996208190918,1,norman,200,string_ppi - no_graph
FOXA3_FOXF1,0.6255742311477661,0.64862060546875,-0.023046374320983887,1,norman,200,string_ppi - no_graph
FOXA3_FOXL2,0.4579513370990753,0.47795966267585754,-0.020008325576782227,1,norman,200,string_ppi - no_graph
HES7,0.9715514183044434,0.9414947032928467,0.03005671501159668,1,norman,200,string_ppi - no_graph
HOXB9,0.7485048770904541,0.7489677667617798,-0.0004628896713256836,1,norman,200,string_ppi - no_graph
IGDCC3_MAPK1,0.5146938562393188,0.5102125406265259,0.004481315612792969,1,norman,200,string_ppi - no_graph
IRF1_SET,0.38689127564430237,0.37258386611938477,0.014307409524917603,1,norman,200,string_ppi - no_graph
ISL2,0.24739471077919006,0.2525860369205475,-0.005191326141357422,1,norman,200,string_ppi - no_graph
KLF1_BAK1,0.12585584819316864,0.11725439131259918,0.008601456880569458,1,norman,200,string_ppi - no_graph
KLF1_CLDN6,0.6985912322998047,0.7201256155967712,-0.021534383296966553,1,norman,200,string_ppi - no_graph
KLF1_COL2A1,0.3515152633190155,0.334403932094574,0.01711133122444153,1,norman,200,string_ppi - no_graph
KLF1_TGFBR2,0.3134140968322754,0.3086779713630676,0.004736125469207764,1,norman,200,string_ppi - no_graph
LHX1,0.9680968523025513,0.9189131259918213,0.04918372631072998,1,norman,200,string_ppi - no_graph
LHX1_ELMSAN1,0.2757704257965088,0.24204225838184357,0.03372816741466522,1,norman,200,string_ppi - no_graph
LYL1_IER5L,0.8451752662658691,0.8649325370788574,-0.01975727081298828,1,norman,200,string_ppi - no_graph
MAP2K3_IKZF3,0.5312149524688721,0.5431851148605347,-0.011970162391662598,1,norman,200,string_ppi - no_graph
MAP2K3_MAP2K6,-0.49711012840270996,-0.4974580407142639,0.0003479123115539551,1,norman,200,string_ppi - no_graph
MAP2K6,-0.5173242092132568,-0.5347222685813904,0.017398059368133545,1,norman,200,string_ppi - no_graph
MAP7D1,0.00038700737059116364,-0.007469723932445049,0.007856731303036213,1,norman,200,string_ppi - no_graph
MAPK1_IKZF3,0.7677711248397827,0.7605766654014587,0.007194459438323975,1,norman,200,string_ppi - no_graph
MAPK1_PRTG,0.5681251287460327,0.5553135275840759,0.012811601161956787,1,norman,200,string_ppi - no_graph
OSR2,0.27927231788635254,0.2439272403717041,0.03534507751464844,1,norman,200,string_ppi - no_graph
PTPN1,0.7717032432556152,0.788224458694458,-0.016521215438842773,1,norman,200,string_ppi - no_graph
PTPN12_SNAI1,0.6443737745285034,0.6482272744178772,-0.0038534998893737793,1,norman,200,string_ppi - no_graph
SAMD1_PTPN12,0.7392123937606812,0.7633545398712158,-0.024142146110534668,1,norman,200,string_ppi - no_graph
SET,0.48454463481903076,0.475861132144928,0.008683502674102783,1,norman,200,string_ppi - no_graph
SET_KLF1,0.40912288427352905,0.4018349051475525,0.0072879791259765625,1,norman,200,string_ppi - no_graph
SGK1_TBX3,0.43617260456085205,0.4142187833786011,0.021953821182250977,1,norman,200,string_ppi - no_graph
SLC4A1,0.16485722362995148,0.15094752609729767,0.013909697532653809,1,norman,200,string_ppi - no_graph
TGFBR2_PRTG,0.6873257756233215,0.7178199291229248,-0.03049415349960327,1,norman,200,string_ppi - no_graph
TP73,0.7102233171463013,0.7131479978561401,-0.002924680709838867,1,norman,200,string_ppi - no_graph
UBASH3A,0.6962893009185791,0.7053337097167969,-0.009044408798217773,1,norman,200,string_ppi - no_graph
UBASH3B,0.7025142908096313,0.7278298139572144,-0.025315523147583008,1,norman,200,string_ppi - no_graph
ZBTB25,0.5503377914428711,0.5774567127227783,-0.027118921279907227,1,norman,200,string_ppi - no_graph
AHR_FEV,0.717853456735611,0.7399054765701294,-0.022052019834518433,2,norman,200,gene_ontology - no_graph
ARID1A,0.6657893061637878,0.689520388841629,-0.023731082677841187,2,norman,200,gene_ontology - no_graph
BCL2L11,0.0036184722557663918,0.031807854771614075,-0.028189382515847683,2,norman,200,gene_ontology - no_graph
BCORL1,0.4722736030817032,0.47474581003189087,-0.002472206950187683,2,norman,200,gene_ontology - no_graph
C3orf72_FOXL2,0.6249852776527405,0.6493183672428131,-0.024333089590072632,2,norman,200,gene_ontology - no_graph
CBL_PTPN12,0.5759563148021698,0.6045188009738922,-0.028562486171722412,2,norman,200,gene_ontology - no_graph
CBL_TGFBR2,0.6193029582500458,0.6651830673217773,-0.04588010907173157,2,norman,200,gene_ontology - no_graph
CDKN1A,0.6234921813011169,0.9481105804443359,-0.324618399143219,2,norman,200,gene_ontology - no_graph
CDKN1B,0.8078004121780396,0.8302680850028992,-0.02246767282485962,2,norman,200,gene_ontology - no_graph
CDKN1C,0.7398365139961243,0.7591438889503479,-0.019307374954223633,2,norman,200,gene_ontology - no_graph
CDKN1C_CDKN1A,0.46666795015335083,0.48305875062942505,-0.01639080047607422,2,norman,200,gene_ontology - no_graph
CDKN1C_CDKN1B,0.7590914368629456,0.7875081300735474,-0.028416693210601807,2,norman,200,gene_ontology - no_graph
CEBPB_PTPN12,0.7154882252216339,0.7050457298755646,0.010442495346069336,2,norman,200,gene_ontology - no_graph
CSRNP1,-0.361968070268631,-0.37863633036613464,0.016668260097503662,2,norman,200,gene_ontology - no_graph
DUSP9_PRTG,0.5865572392940521,0.6076368689537048,-0.02107962965965271,2,norman,200,gene_ontology - no_graph
FOSB,0.3598782867193222,0.28454679250717163,0.07533149421215057,2,norman,200,gene_ontology - no_graph
FOXA3,0.6466805636882782,0.6765323281288147,-0.0298517644405365,2,norman,200,gene_ontology - no_graph
FOXA3_FOXF1,0.6225348114967346,0.6487849056720734,-0.026250094175338745,2,norman,200,gene_ontology - no_graph
FOXA3_FOXL2,0.4599202871322632,0.47786128520965576,-0.017940998077392578,2,norman,200,gene_ontology - no_graph
HES7,0.5049316883087158,0.940749853849411,-0.4358181655406952,2,norman,200,gene_ontology - no_graph
HOXB9,0.7490378320217133,0.7495760321617126,-0.0005382001399993896,2,norman,200,gene_ontology - no_graph
IGDCC3_MAPK1,0.531832367181778,0.5103611052036285,0.021471261978149414,2,norman,200,gene_ontology - no_graph
IRF1_SET,0.39212776720523834,0.37263020873069763,0.01949755847454071,2,norman,200,gene_ontology - no_graph
ISL2,0.2522853687405586,0.2527344077825546,-0.0004490390419960022,2,norman,200,gene_ontology - no_graph
KLF1_BAK1,0.124571293592453,0.11786660552024841,0.00670468807220459,2,norman,200,gene_ontology - no_graph
KLF1_CLDN6,0.6959177851676941,0.7196618616580963,-0.02374407649040222,2,norman,200,gene_ontology - no_graph
KLF1_COL2A1,0.35551728308200836,0.33395741879940033,0.021559864282608032,2,norman,200,gene_ontology - no_graph
KLF1_TGFBR2,0.3085092753171921,0.3080972731113434,0.00041200220584869385,2,norman,200,gene_ontology - no_graph
LHX1,0.3403182029724121,0.9201459586620331,-0.579827755689621,2,norman,200,gene_ontology - no_graph
LHX1_ELMSAN1,0.2761554718017578,0.24152297526597977,0.034632496535778046,2,norman,200,gene_ontology - no_graph
LYL1_IER5L,0.830056756734848,0.8653472661972046,-0.03529050946235657,2,norman,200,gene_ontology - no_graph
MAP2K3_IKZF3,0.5282694101333618,0.5417713820934296,-0.013501971960067749,2,norman,200,gene_ontology - no_graph
MAP2K3_MAP2K6,-0.4914789944887161,-0.4975265711545944,0.006047576665878296,2,norman,200,gene_ontology - no_graph
MAP2K6,-0.513833612203598,-0.5353555679321289,0.021521955728530884,2,norman,200,gene_ontology - no_graph
MAP7D1,0.0015893061645328999,-0.007084189914166927,0.008673496078699827,2,norman,200,gene_ontology - no_graph
MAPK1_IKZF3,0.7688106894493103,0.7606427073478699,0.00816798210144043,2,norman,200,gene_ontology - no_graph
MAPK1_PRTG,0.5689691305160522,0.5556469559669495,0.013322174549102783,2,norman,200,gene_ontology - no_graph
OSR2,0.30153222382068634,0.2436010092496872,0.057931214570999146,2,norman,200,gene_ontology - no_graph
PTPN1,0.7532960176467896,0.7872279584407806,-0.03393194079399109,2,norman,200,gene_ontology - no_graph
PTPN12_SNAI1,0.6343198120594025,0.6483653485774994,-0.014045536518096924,2,norman,200,gene_ontology - no_graph
SAMD1_PTPN12,0.7294532060623169,0.7614917457103729,-0.03203853964805603,2,norman,200,gene_ontology - no_graph
SET,0.48641809821128845,0.4753982424736023,0.011019855737686157,2,norman,200,gene_ontology - no_graph
SET_KLF1,0.4088197946548462,0.4018450379371643,0.006974756717681885,2,norman,200,gene_ontology - no_graph
SGK1_TBX3,0.43579334020614624,0.4137517809867859,0.02204155921936035,2,norman,200,gene_ontology - no_graph
SLC4A1,0.16809630393981934,0.1518554911017418,0.016240812838077545,2,norman,200,gene_ontology - no_graph
TGFBR2_PRTG,0.6737427115440369,0.716810405254364,-0.04306769371032715,2,norman,200,gene_ontology - no_graph
TP73,0.6974978148937225,0.7134177088737488,-0.015919893980026245,2,norman,200,gene_ontology - no_graph
UBASH3A,0.695439875125885,0.7059724926948547,-0.010532617568969727,2,norman,200,gene_ontology - no_graph
UBASH3B,0.6971662938594818,0.7275257110595703,-0.0303594172000885,2,norman,200,gene_ontology - no_graph
ZBTB25,0.5463882684707642,0.5782978236675262,-0.031909555196762085,2,norman,200,gene_ontology - no_graph
AHR_FEV,0.7148860692977905,0.7400906085968018,-0.02520453929901123,1,norman,200,random - no_graph
ARID1A,0.6741357445716858,0.6897535920143127,-0.015617847442626953,1,norman,200,random - no_graph
BCL2L11,-0.00693136639893055,0.03159133344888687,-0.03852269984781742,1,norman,200,random - no_graph
BCORL1,0.4802083969116211,0.47486281394958496,0.005345582962036133,1,norman,200,random - no_graph
C3orf72_FOXL2,0.6312804818153381,0.6490503549575806,-0.01776987314224243,1,norman,200,random - no_graph
CBL_PTPN12,0.5666244029998779,0.6055189967155457,-0.038894593715667725,1,norman,200,random - no_graph
CBL_TGFBR2,0.6086194515228271,0.6650722622871399,-0.056452810764312744,1,norman,200,random - no_graph
CDKN1A,0.6977564692497253,0.9471654891967773,-0.249409019947052,1,norman,200,random - no_graph
CDKN1B,0.8072084784507751,0.8306844234466553,-0.023475944995880127,1,norman,200,random - no_graph
CDKN1C,0.7392565011978149,0.7582811117172241,-0.01902461051940918,1,norman,200,random - no_graph
CDKN1C_CDKN1A,0.4669315814971924,0.4836825728416443,-0.016750991344451904,1,norman,200,random - no_graph
CDKN1C_CDKN1B,0.7528420686721802,0.7869042158126831,-0.03406214714050293,1,norman,200,random - no_graph
CEBPB_PTPN12,0.7149150371551514,0.7045785188674927,0.010336518287658691,1,norman,200,random - no_graph
CSRNP1,-0.3720197081565857,-0.3787849545478821,0.006765246391296387,1,norman,200,random - no_graph
DUSP9_PRTG,0.5804601311683655,0.607175350189209,-0.026715219020843506,1,norman,200,random - no_graph
FOSB,0.3595597445964813,0.28361737728118896,0.07594236731529236,1,norman,200,random - no_graph
FOXA3,0.6584861278533936,0.6766932010650635,-0.018207073211669922,1,norman,200,random - no_graph
FOXA3_FOXF1,0.6297409534454346,0.64862060546875,-0.01887965202331543,1,norman,200,random - no_graph
FOXA3_FOXL2,0.4587833881378174,0.47795966267585754,-0.01917627453804016,1,norman,200,random - no_graph
HES7,0.8841401934623718,0.9414947032928467,-0.057354509830474854,1,norman,200,random - no_graph
HOXB9,0.7567219138145447,0.7489677667617798,0.007754147052764893,1,norman,200,random - no_graph
IGDCC3_MAPK1,0.5391820669174194,0.5102125406265259,0.028969526290893555,1,norman,200,random - no_graph
IRF1_SET,0.3962389826774597,0.37258386611938477,0.02365511655807495,1,norman,200,random - no_graph
ISL2,0.2621849775314331,0.2525860369205475,0.00959894061088562,1,norman,200,random - no_graph
KLF1_BAK1,0.11680513620376587,0.11725439131259918,-0.000449255108833313,1,norman,200,random - no_graph
KLF1_CLDN6,0.6867368221282959,0.7201256155967712,-0.03338879346847534,1,norman,200,random - no_graph
KLF1_COL2A1,0.36150169372558594,0.334403932094574,0.027097761631011963,1,norman,200,random - no_graph
KLF1_TGFBR2,0.3018425703048706,0.3086779713630676,-0.0068354010581970215,1,norman,200,random - no_graph
LHX1,0.8308195471763611,0.9189131259918213,-0.0880935788154602,1,norman,200,random - no_graph
LHX1_ELMSAN1,0.27558791637420654,0.24204225838184357,0.033545657992362976,1,norman,200,random - no_graph
LYL1_IER5L,0.8285448551177979,0.8649325370788574,-0.03638768196105957,1,norman,200,random - no_graph
MAP2K3_IKZF3,0.5187444686889648,0.5431851148605347,-0.024440646171569824,1,norman,200,random - no_graph
MAP2K3_MAP2K6,-0.5050214529037476,-0.4974580407142639,-0.007563412189483643,1,norman,200,random - no_graph
MAP2K6,-0.524314820766449,-0.5347222685813904,0.010407447814941406,1,norman,200,random - no_graph
MAP7D1,0.002884197048842907,-0.007469723932445049,0.010353920981287956,1,norman,200,random - no_graph
MAPK1_IKZF3,0.7599613070487976,0.7605766654014587,-0.0006153583526611328,1,norman,200,random - no_graph
MAPK1_PRTG,0.5773940682411194,0.5553135275840759,0.022080540657043457,1,norman,200,random - no_graph
OSR2,0.3095337152481079,0.2439272403717041,0.06560647487640381,1,norman,200,random - no_graph
PTPN1,0.7471605539321899,0.788224458694458,-0.041063904762268066,1,norman,200,random - no_graph
PTPN12_SNAI1,0.6365141272544861,0.6482272744178772,-0.011713147163391113,1,norman,200,random - no_graph
SAMD1_PTPN12,0.7221883535385132,0.7633545398712158,-0.04116618633270264,1,norman,200,random - no_graph
SET,0.4950629770755768,0.475861132144928,0.019201844930648804,1,norman,200,random - no_graph
SET_KLF1,0.40384334325790405,0.4018349051475525,0.0020084381103515625,1,norman,200,random - no_graph
SGK1_TBX3,0.4380214214324951,0.4142187833786011,0.023802638053894043,1,norman,200,random - no_graph
SLC4A1,0.17224659025669098,0.15094752609729767,0.02129906415939331,1,norman,200,random - no_graph
TGFBR2_PRTG,0.6719310879707336,0.7178199291229248,-0.04588884115219116,1,norman,200,random - no_graph
TP73,0.698435366153717,0.7131479978561401,-0.014712631702423096,1,norman,200,random - no_graph
UBASH3A,0.7050665616989136,0.7053337097167969,-0.0002671480178833008,1,norman,200,random - no_graph
UBASH3B,0.6969895958900452,0.7278298139572144,-0.03084021806716919,1,norman,200,random - no_graph
ZBTB25,0.5454133749008179,0.5774567127227783,-0.03204333782196045,1,norman,200,random - no_graph
AHR_FEV,0.7158627212047577,0.7124408781528473,0.0034218430519104004,2,norman,200,combined - random
ARID1A,0.6672939360141754,0.672813892364502,-0.005519956350326538,2,norman,200,combined - random
BCL2L11,0.010527264792472124,-0.009679553098976612,0.020206817891448736,2,norman,200,combined - random
BCORL1,0.4719143956899643,0.4773772060871124,-0.005462810397148132,2,norman,200,combined - random
C3orf72_FOXL2,0.6287490427494049,0.6317610442638397,-0.0030120015144348145,2,norman,200,combined - random
CBL_PTPN12,0.5871437191963196,0.5736674070358276,0.013476312160491943,2,norman,200,combined - random
CBL_TGFBR2,0.6325411796569824,0.6104680001735687,0.022073179483413696,2,norman,200,combined - random
CDKN1A,0.8211972415447235,0.8194011449813843,0.0017960965633392334,2,norman,200,combined - random
CDKN1B,0.8201178312301636,0.8069960176944733,0.013121813535690308,2,norman,200,combined - random
CDKN1C,0.7533773183822632,0.7395655512809753,0.013811767101287842,2,norman,200,combined - random
CDKN1C_CDKN1A,0.4715536832809448,0.4682721197605133,0.0032815635204315186,2,norman,200,combined - random
CDKN1C_CDKN1B,0.7640122175216675,0.7552334070205688,0.008778810501098633,2,norman,200,combined - random
CEBPB_PTPN12,0.7077193558216095,0.7139690518379211,-0.0062496960163116455,2,norman,200,combined - random
CSRNP1,-0.3710338771343231,-0.3702428936958313,-0.0007909834384918213,2,norman,200,combined - random
DUSP9_PRTG,0.5939674377441406,0.5819783508777618,0.011989086866378784,2,norman,200,combined - random
FOSB,0.3353049159049988,0.3625610023736954,-0.027256086468696594,2,norman,200,combined - random
FOXA3,0.6488331854343414,0.6528440117835999,-0.004010826349258423,2,norman,200,combined - random
FOXA3_FOXF1,0.6229372322559357,0.6335607171058655,-0.01062348484992981,2,norman,200,combined - random
FOXA3_FOXL2,0.4579513967037201,0.46082720160484314,-0.002875804901123047,2,norman,200,combined - random
HES7,0.46025267243385315,0.9272315800189972,-0.46697890758514404,2,norman,200,combined - random
HOXB9,0.7460111379623413,0.7544008791446686,-0.00838974118232727,2,norman,200,combined - random
IGDCC3_MAPK1,0.5319434702396393,0.5416382551193237,-0.009694784879684448,2,norman,200,combined - random
IRF1_SET,0.38866885006427765,0.3977397084236145,-0.009070858359336853,2,norman,200,combined - random
ISL2,0.25285039842128754,0.26349709928035736,-0.010646700859069824,2,norman,200,combined - random
KLF1_BAK1,0.13436512649059296,0.1154121607542038,0.01895296573638916,2,norman,200,combined - random
KLF1_CLDN6,0.6996902823448181,0.6893952488899231,0.01029503345489502,2,norman,200,combined - random
KLF1_COL2A1,0.35527706146240234,0.35993002355098724,-0.0046529620885849,2,norman,200,combined - random
KLF1_TGFBR2,0.31522446870803833,0.30188438296318054,0.013340085744857788,2,norman,200,combined - random
LHX1,0.7605555653572083,0.8999611735343933,-0.13940560817718506,2,norman,200,combined - random
LHX1_ELMSAN1,0.27283675968647003,0.2755512297153473,-0.0027144700288772583,2,norman,200,combined - random
LYL1_IER5L,0.8316024839878082,0.8286310434341431,0.002971440553665161,2,norman,200,combined - random
MAP2K3_IKZF3,0.5275614857673645,0.5163005590438843,0.011260926723480225,2,norman,200,combined - random
MAP2K3_MAP2K6,-0.49661484360694885,-0.5020045638084412,0.00538972020149231,2,norman,200,combined - random
MAP2K6,-0.5269714593887329,-0.5264719426631927,-0.0004995167255401611,2,norman,200,combined - random
MAP7D1,-0.01431612716987729,0.002044165041297674,-0.016360292211174965,2,norman,200,combined - random
MAPK1_IKZF3,0.7698392570018768,0.7622820734977722,0.007557183504104614,2,norman,200,combined - random
MAPK1_PRTG,0.5674503445625305,0.5759909451007843,-0.008540600538253784,2,norman,200,combined - random
OSR2,0.2998862564563751,0.310598224401474,-0.010711967945098877,2,norman,200,combined - random
PTPN1,0.756314218044281,0.7465072870254517,0.009806931018829346,2,norman,200,combined - random
PTPN12_SNAI1,0.6341729760169983,0.6351134479045868,-0.000940471887588501,2,norman,200,combined - random
SAMD1_PTPN12,0.7291766703128815,0.7227631211280823,0.006413549184799194,2,norman,200,combined - random
SET,0.49352577328681946,0.494820311665535,-0.0012945383787155151,2,norman,200,combined - random
SET_KLF1,0.41494883596897125,0.405056893825531,0.009891942143440247,2,norman,200,combined - random
SGK1_TBX3,0.43745552003383636,0.4371251165866852,0.0003304034471511841,2,norman,200,combined - random
SLC4A1,0.16447672992944717,0.1728876605629921,-0.008410930633544922,2,norman,200,combined - random
TGFBR2_PRTG,0.6816767454147339,0.6733105480670929,0.008366197347640991,2,norman,200,combined - random
TP73,0.7001422345638275,0.6981095373630524,0.0020326972007751465,2,norman,200,combined - random
UBASH3A,0.6970678269863129,0.701137363910675,-0.004069536924362183,2,norman,200,combined - random
UBASH3B,0.7042811512947083,0.6946630775928497,0.00961807370185852,2,norman,200,combined - random
ZBTB25,0.5527209341526031,0.5414263010025024,0.011294633150100708,2,norman,200,combined - random
AHR_FEV,0.7206821143627167,0.7124408781528473,0.008241236209869385,2,norman,200,string_ppi - random
ARID1A,0.6678247153759003,0.672813892364502,-0.004989176988601685,2,norman,200,string_ppi - random
BCL2L11,0.0063398657366633415,-0.009679553098976612,0.016019418835639954,2,norman,200,string_ppi - random
BCORL1,0.4722875505685806,0.4773772060871124,-0.005089655518531799,2,norman,200,string_ppi - random
C3orf72_FOXL2,0.6313748061656952,0.6317610442638397,-0.00038623809814453125,2,norman,200,string_ppi - random
CBL_PTPN12,0.5845491588115692,0.5736674070358276,0.010881751775741577,2,norman,200,string_ppi - random
CBL_TGFBR2,0.6315243542194366,0.6104680001735687,0.02105635404586792,2,norman,200,string_ppi - random
CDKN1A,0.9037481248378754,0.8194011449813843,0.08434697985649109,2,norman,200,string_ppi - random
CDKN1B,0.8099820613861084,0.8069960176944733,0.002986043691635132,2,norman,200,string_ppi - random
CDKN1C,0.7390753626823425,0.7395655512809753,-0.0004901885986328125,2,norman,200,string_ppi - random
CDKN1C_CDKN1A,0.4680427610874176,0.4682721197605133,-0.00022935867309570312,2,norman,200,string_ppi - random
CDKN1C_CDKN1B,0.7692756056785583,0.7552334070205688,0.014042198657989502,2,norman,200,string_ppi - random
CEBPB_PTPN12,0.7119854092597961,0.7139690518379211,-0.001983642578125,2,norman,200,string_ppi - random
CSRNP1,-0.3642319291830063,-0.3702428936958313,0.006010964512825012,2,norman,200,string_ppi - random
DUSP9_PRTG,0.5924713313579559,0.5819783508777618,0.010492980480194092,2,norman,200,string_ppi - random
FOSB,0.3284357786178589,0.3625610023736954,-0.03412522375583649,2,norman,200,string_ppi - random
FOXA3,0.645715594291687,0.6528440117835999,-0.007128417491912842,2,norman,200,string_ppi - random
FOXA3_FOXF1,0.6233373582363129,0.6335607171058655,-0.010223358869552612,2,norman,200,string_ppi - random
FOXA3_FOXL2,0.4564935117959976,0.46082720160484314,-0.00433368980884552,2,norman,200,string_ppi - random
HES7,0.9717655181884766,0.9272315800189972,0.04453393816947937,2,norman,200,string_ppi - random
HOXB9,0.7459661364555359,0.7544008791446686,-0.00843474268913269,2,norman,200,string_ppi - random
IGDCC3_MAPK1,0.5175768733024597,0.5416382551193237,-0.024061381816864014,2,norman,200,string_ppi - random
IRF1_SET,0.3856210261583328,0.3977397084236145,-0.012118682265281677,2,norman,200,string_ppi - random
ISL2,0.24972929060459137,0.26349709928035736,-0.013767808675765991,2,norman,200,string_ppi - random
KLF1_BAK1,0.1257309690117836,0.1154121607542038,0.010318808257579803,2,norman,200,string_ppi - random
KLF1_CLDN6,0.6990189552307129,0.6893952488899231,0.009623706340789795,2,norman,200,string_ppi - random
KLF1_COL2A1,0.3507181853055954,0.35993002355098724,-0.009211838245391846,2,norman,200,string_ppi - random
KLF1_TGFBR2,0.3150983154773712,0.30188438296318054,0.013213932514190674,2,norman,200,string_ppi - random
LHX1,0.968290776014328,0.8999611735343933,0.06832960247993469,2,norman,200,string_ppi - random
LHX1_ELMSAN1,0.27108633518218994,0.2755512297153473,-0.004464894533157349,2,norman,200,string_ppi - random
LYL1_IER5L,0.83805251121521,0.8286310434341431,0.009421467781066895,2,norman,200,string_ppi - random
MAP2K3_IKZF3,0.5359917283058167,0.5163005590438843,0.019691169261932373,2,norman,200,string_ppi - random
MAP2K3_MAP2K6,-0.4940919131040573,-0.5020045638084412,0.00791265070438385,2,norman,200,string_ppi - random
MAP2K6,-0.5253001749515533,-0.5264719426631927,0.0011717677116394043,2,norman,200,string_ppi - random
MAP7D1,-0.007932997308671474,0.002044165041297674,-0.009977162349969149,2,norman,200,string_ppi - random
MAPK1_IKZF3,0.7667653560638428,0.7622820734977722,0.004483282566070557,2,norman,200,string_ppi - random
MAPK1_PRTG,0.5643171668052673,0.5759909451007843,-0.011673778295516968,2,norman,200,string_ppi - random
OSR2,0.27741222083568573,0.310598224401474,-0.03318600356578827,2,norman,200,string_ppi - random
PTPN1,0.764265239238739,0.7465072870254517,0.017757952213287354,2,norman,200,string_ppi - random
PTPN12_SNAI1,0.6414821147918701,0.6351134479045868,0.006368666887283325,2,norman,200,string_ppi - random
SAMD1_PTPN12,0.7426369786262512,0.7227631211280823,0.019873857498168945,2,norman,200,string_ppi - random
SET,0.483990341424942,0.494820311665535,-0.010829970240592957,2,norman,200,string_ppi - random
SET_KLF1,0.41187191009521484,0.405056893825531,0.006815016269683838,2,norman,200,string_ppi - random
SGK1_TBX3,0.4365236312150955,0.4371251165866852,-0.0006014853715896606,2,norman,200,string_ppi - random
SLC4A1,0.16661294549703598,0.1728876605629921,-0.006274715065956116,2,norman,200,string_ppi - random
TGFBR2_PRTG,0.6901198923587799,0.6733105480670929,0.01680934429168701,2,norman,200,string_ppi - random
TP73,0.703737199306488,0.6981095373630524,0.005627661943435669,2,norman,200,string_ppi - random
UBASH3A,0.7029314637184143,0.701137363910675,0.0017940998077392578,2,norman,200,string_ppi - random
UBASH3B,0.7114322483539581,0.6946630775928497,0.0167691707611084,2,norman,200,string_ppi - random
ZBTB25,0.5499492883682251,0.5414263010025024,0.008522987365722656,2,norman,200,string_ppi - random
AHR_FEV,0.7182257175445557,0.7148860692977905,0.0033396482467651367,1,norman,200,gene_ontology - random
ARID1A,0.6650183796882629,0.6741357445716858,-0.009117364883422852,1,norman,200,gene_ontology - random
BCL2L11,0.002240486443042755,-0.00693136639893055,0.009171852841973305,1,norman,200,gene_ontology - random
BCORL1,0.4724682569503784,0.4802083969116211,-0.007740139961242676,1,norman,200,gene_ontology - random
C3orf72_FOXL2,0.6254861354827881,0.6312804818153381,-0.005794346332550049,1,norman,200,gene_ontology - random
CBL_PTPN12,0.5762922763824463,0.5666244029998779,0.00966787338256836,1,norman,200,gene_ontology - random
CBL_TGFBR2,0.6180664896965027,0.6086194515228271,0.009447038173675537,1,norman,200,gene_ontology - random
CDKN1A,0.6523408889770508,0.6977564692497253,-0.04541558027267456,1,norman,200,gene_ontology - random
CDKN1B,0.8071514368057251,0.8072084784507751,-5.704164505004883e-05,1,norman,200,gene_ontology - random
CDKN1C,0.7379165887832642,0.7392565011978149,-0.0013399124145507812,1,norman,200,gene_ontology - random
CDKN1C_CDKN1A,0.46629345417022705,0.4669315814971924,-0.000638127326965332,1,norman,200,gene_ontology - random
CDKN1C_CDKN1B,0.7581843137741089,0.7528420686721802,0.005342245101928711,1,norman,200,gene_ontology - random
CEBPB_PTPN12,0.7157174348831177,0.7149150371551514,0.0008023977279663086,1,norman,200,gene_ontology - random
CSRNP1,-0.3638400733470917,-0.3720197081565857,0.008179634809494019,1,norman,200,gene_ontology - random
DUSP9_PRTG,0.5866382122039795,0.5804601311683655,0.006178081035614014,1,norman,200,gene_ontology - random
FOSB,0.35883021354675293,0.3595597445964813,-0.0007295310497283936,1,norman,200,gene_ontology - random
FOXA3,0.6420590877532959,0.6584861278533936,-0.016427040100097656,1,norman,200,gene_ontology - random
FOXA3_FOXF1,0.6231934428215027,0.6297409534454346,-0.006547510623931885,1,norman,200,gene_ontology - random
FOXA3_FOXL2,0.4605802893638611,0.4587833881378174,0.0017969012260437012,1,norman,200,gene_ontology - random
HES7,0.5358428955078125,0.8841401934623718,-0.3482972979545593,1,norman,200,gene_ontology - random
HOXB9,0.7494591474533081,0.7567219138145447,-0.007262766361236572,1,norman,200,gene_ontology - random
IGDCC3_MAPK1,0.5309030413627625,0.5391820669174194,-0.008279025554656982,1,norman,200,gene_ontology - random
IRF1_SET,0.3933749496936798,0.3962389826774597,-0.0028640329837799072,1,norman,200,gene_ontology - random
ISL2,0.24999798834323883,0.2621849775314331,-0.012186989188194275,1,norman,200,gene_ontology - random
KLF1_BAK1,0.12520772218704224,0.11680513620376587,0.008402585983276367,1,norman,200,gene_ontology - random
KLF1_CLDN6,0.6952519416809082,0.6867368221282959,0.008515119552612305,1,norman,200,gene_ontology - random
KLF1_COL2A1,0.3544098436832428,0.36150169372558594,-0.00709185004234314,1,norman,200,gene_ontology - random
KLF1_TGFBR2,0.308537095785141,0.3018425703048706,0.006694525480270386,1,norman,200,gene_ontology - random
LHX1,0.36212727427482605,0.8308195471763611,-0.46869227290153503,1,norman,200,gene_ontology - random
LHX1_ELMSAN1,0.2764880657196045,0.27558791637420654,0.0009001493453979492,1,norman,200,gene_ontology - random
LYL1_IER5L,0.8306209444999695,0.8285448551177979,0.002076089382171631,1,norman,200,gene_ontology - random
MAP2K3_IKZF3,0.5268312692642212,0.5187444686889648,0.008086800575256348,1,norman,200,gene_ontology - random
MAP2K3_MAP2K6,-0.49015194177627563,-0.5050214529037476,0.014869511127471924,1,norman,200,gene_ontology - random
MAP2K6,-0.5141735076904297,-0.524314820766449,0.010141313076019287,1,norman,200,gene_ontology - random
MAP7D1,-0.0020674532279372215,0.002884197048842907,-0.0049516502767801285,1,norman,200,gene_ontology - random
MAPK1_IKZF3,0.7678453922271729,0.7599613070487976,0.007884085178375244,1,norman,200,gene_ontology - random
MAPK1_PRTG,0.5696390867233276,0.5773940682411194,-0.007754981517791748,1,norman,200,gene_ontology - random
OSR2,0.2996366322040558,0.3095337152481079,-0.009897083044052124,1,norman,200,gene_ontology - random
PTPN1,0.751911997795105,0.7471605539321899,0.004751443862915039,1,norman,200,gene_ontology - random
PTPN12_SNAI1,0.6351463794708252,0.6365141272544861,-0.0013677477836608887,1,norman,200,gene_ontology - random
SAMD1_PTPN12,0.7272758483886719,0.7221883535385132,0.005087494850158691,1,norman,200,gene_ontology - random
SET,0.48683398962020874,0.4950629770755768,-0.008228987455368042,1,norman,200,gene_ontology - random
SET_KLF1,0.4088978171348572,0.40384334325790405,0.005054473876953125,1,norman,200,gene_ontology - random
SGK1_TBX3,0.43495631217956543,0.4380214214324951,-0.0030651092529296875,1,norman,200,gene_ontology - random
SLC4A1,0.16777253150939941,0.17224659025669098,-0.004474058747291565,1,norman,200,gene_ontology - random
TGFBR2_PRTG,0.6723997592926025,0.6719310879707336,0.0004686713218688965,1,norman,200,gene_ontology - random
TP73,0.6974785327911377,0.698435366153717,-0.0009568333625793457,1,norman,200,gene_ontology - random
UBASH3A,0.6987146735191345,0.7050665616989136,-0.006351888179779053,1,norman,200,gene_ontology - random
UBASH3B,0.694257378578186,0.6969895958900452,-0.002732217311859131,1,norman,200,gene_ontology - random
ZBTB25,0.5439715385437012,0.5454133749008179,-0.0014418363571166992,1,norman,200,gene_ontology - random
AHR_FEV,0.5602040886878967,0.5636345148086548,-0.0034304261207580566,1,norman,500,combined - no_graph
ARID1A,0.6944950819015503,0.710160493850708,-0.015665411949157715,1,norman,500,combined - no_graph
BCL2L11,-0.00841053668409586,-0.0018651559948921204,-0.006545380689203739,1,norman,500,combined - no_graph
BCORL1,0.3195981979370117,0.3201559782028198,-0.0005577802658081055,1,norman,500,combined - no_graph
C3orf72_FOXL2,0.6704931259155273,0.6903982758522034,-0.019905149936676025,1,norman,500,combined - no_graph
CBL_PTPN12,0.6025633215904236,0.6151539087295532,-0.012590587139129639,1,norman,500,combined - no_graph
CBL_TGFBR2,0.6110230684280396,0.6367034316062927,-0.025680363178253174,1,norman,500,combined - no_graph
CDKN1A,0.9153168201446533,0.9236904978752136,-0.008373677730560303,1,norman,500,combined - no_graph
CDKN1B,0.7814421653747559,0.7971745133399963,-0.01573234796524048,1,norman,500,combined - no_graph
CDKN1C,0.7381829023361206,0.754829466342926,-0.01664656400680542,1,norman,500,combined - no_graph
CDKN1C_CDKN1A,0.5268495082855225,0.5343650579452515,-0.007515549659729004,1,norman,500,combined - no_graph
CDKN1C_CDKN1B,0.7629292011260986,0.777144730091095,-0.014215528964996338,1,norman,500,combined - no_graph
CEBPB_PTPN12,0.5622085332870483,0.5584074258804321,0.003801107406616211,1,norman,500,combined - no_graph
CSRNP1,-0.44140899181365967,-0.4454297423362732,0.004020750522613525,1,norman,500,combined - no_graph
DUSP9_PRTG,0.6109107136726379,0.6219714879989624,-0.011060774326324463,1,norman,500,combined - no_graph
FOSB,0.42920607328414917,0.38679438829421997,0.0424116849899292,1,norman,500,combined - no_graph
FOXA3,0.7188824415206909,0.7420371770858765,-0.023154735565185547,1,norman,500,combined - no_graph
FOXA3_FOXF1,0.6848468780517578,0.705303430557251,-0.020456552505493164,1,norman,500,combined - no_graph
FOXA3_FOXL2,0.5236252546310425,0.542625904083252,-0.019000649452209473,1,norman,500,combined - no_graph
HES7,0.8370116949081421,0.9249585866928101,-0.08794689178466797,1,norman,500,combined - no_graph
HOXB9,0.7950933575630188,0.8000264763832092,-0.00493311882019043,1,norman,500,combined - no_graph
IGDCC3_MAPK1,0.33126455545425415,0.31385713815689087,0.01740741729736328,1,norman,500,combined - no_graph
IRF1_SET,0.3567899465560913,0.3322315812110901,0.02455836534500122,1,norman,500,combined - no_graph
ISL2,0.4044046998023987,0.4037424325942993,0.0006622672080993652,1,norman,500,combined - no_graph
KLF1_BAK1,0.0704461932182312,0.04081614315509796,0.02963005006313324,1,norman,500,combined - no_graph
KLF1_CLDN6,0.49238017201423645,0.49150246381759644,0.0008777081966400146,1,norman,500,combined - no_graph
KLF1_COL2A1,0.280715674161911,0.268291175365448,0.012424498796463013,1,norman,500,combined - no_graph
KLF1_TGFBR2,0.2626328766345978,0.25754958391189575,0.005083292722702026,1,norman,500,combined - no_graph
LHX1,0.3114772439002991,0.8901212811470032,-0.5786440372467041,1,norman,500,combined - no_graph
LHX1_ELMSAN1,0.33311325311660767,0.30390769243240356,0.0292055606842041,1,norman,500,combined - no_graph
LYL1_IER5L,0.83772873878479,0.8619717359542847,-0.02424299716949463,1,norman,500,combined - no_graph
MAP2K3_IKZF3,0.5468286275863647,0.5494786500930786,-0.002650022506713867,1,norman,500,combined - no_graph
MAP2K3_MAP2K6,-0.5255944728851318,-0.5297247171401978,0.004130244255065918,1,norman,500,combined - no_graph
MAP2K6,-0.5352104902267456,-0.548450231552124,0.013239741325378418,1,norman,500,combined - no_graph
MAP7D1,-0.1454997956752777,-0.14435939490795135,-0.001140400767326355,1,norman,500,combined - no_graph
MAPK1_IKZF3,0.772600531578064,0.7633228302001953,0.009277701377868652,1,norman,500,combined - no_graph
MAPK1_PRTG,0.5687670111656189,0.5549638271331787,0.013803184032440186,1,norman,500,combined - no_graph
OSR2,0.3293696939945221,0.2978520691394806,0.031517624855041504,1,norman,500,combined - no_graph
PTPN1,0.7456011176109314,0.7713992595672607,-0.025798141956329346,1,norman,500,combined - no_graph
PTPN12_SNAI1,0.6819543838500977,0.6984778642654419,-0.01652348041534424,1,norman,500,combined - no_graph
SAMD1_PTPN12,0.7458099126815796,0.7621419429779053,-0.016332030296325684,1,norman,500,combined - no_graph
SET,0.5053408741950989,0.386363685131073,0.11897718906402588,1,norman,500,combined - no_graph
SET_KLF1,0.40553295612335205,0.38380342721939087,0.02172952890396118,1,norman,500,combined - no_graph
SGK1_TBX3,0.5147273540496826,0.4989795386791229,0.015747815370559692,1,norman,500,combined - no_graph
SLC4A1,0.23733831942081451,0.47072815895080566,-0.23338983952999115,1,norman,500,combined - no_graph
TGFBR2_PRTG,0.6406859159469604,0.6619521379470825,-0.02126622200012207,1,norman,500,combined - no_graph
TP73,0.6209803819656372,0.6259604692459106,-0.0049800872802734375,1,norman,500,combined - no_graph
UBASH3A,0.68873131275177,0.6982049942016602,-0.009473681449890137,1,norman,500,combined - no_graph
UBASH3B,0.6906263828277588,0.7115015387535095,-0.020875155925750732,1,norman,500,combined - no_graph
ZBTB25,0.5376501083374023,0.5612773895263672,-0.023627281188964844,1,norman,500,combined - no_graph
AHR_FEV,0.5607998967170715,0.5636345148086548,-0.002834618091583252,1,norman,500,gene_ontology - no_graph
ARID1A,0.6933922171592712,0.710160493850708,-0.016768276691436768,1,norman,500,gene_ontology - no_graph
BCL2L11,-0.008862756192684174,-0.0018651559948921204,-0.006997600197792053,1,norman,500,gene_ontology - no_graph
BCORL1,0.31765180826187134,0.3201559782028198,-0.0025041699409484863,1,norman,500,gene_ontology - no_graph
C3orf72_FOXL2,0.6694247722625732,0.6903982758522034,-0.020973503589630127,1,norman,500,gene_ontology - no_graph
CBL_PTPN12,0.6034795641899109,0.6151539087295532,-0.011674344539642334,1,norman,500,gene_ontology - no_graph
CBL_TGFBR2,0.6128479838371277,0.6367034316062927,-0.02385544776916504,1,norman,500,gene_ontology - no_graph
CDKN1A,0.7821615934371948,0.9236904978752136,-0.1415289044380188,1,norman,500,gene_ontology - no_graph
CDKN1B,0.7836756706237793,0.7971745133399963,-0.013498842716217041,1,norman,500,gene_ontology - no_graph
CDKN1C,0.7397288084030151,0.754829466342926,-0.015100657939910889,1,norman,500,gene_ontology - no_graph
CDKN1C_CDKN1A,0.5248422622680664,0.5343650579452515,-0.009522795677185059,1,norman,500,gene_ontology - no_graph
CDKN1C_CDKN1B,0.7610934972763062,0.777144730091095,-0.01605123281478882,1,norman,500,gene_ontology - no_graph
CEBPB_PTPN12,0.5615480542182922,0.5584074258804321,0.0031406283378601074,1,norman,500,gene_ontology - no_graph
CSRNP1,-0.4394264221191406,-0.4454297423362732,0.006003320217132568,1,norman,500,gene_ontology - no_graph
DUSP9_PRTG,0.6103725433349609,0.6219714879989624,-0.011598944664001465,1,norman,500,gene_ontology - no_graph
FOSB,0.43068253993988037,0.38679438829421997,0.0438881516456604,1,norman,500,gene_ontology - no_graph
FOXA3,0.7183418869972229,0.7420371770858765,-0.023695290088653564,1,norman,500,gene_ontology - no_graph
FOXA3_FOXF1,0.6837602853775024,0.705303430557251,-0.021543145179748535,1,norman,500,gene_ontology - no_graph
FOXA3_FOXL2,0.5241124629974365,0.542625904083252,-0.01851344108581543,1,norman,500,gene_ontology - no_graph
HES7,0.6061108708381653,0.9249585866928101,-0.3188477158546448,1,norman,500,gene_ontology - no_graph
HOXB9,0.7950330972671509,0.8000264763832092,-0.00499337911605835,1,norman,500,gene_ontology - no_graph
IGDCC3_MAPK1,0.32948118448257446,0.31385713815689087,0.015624046325683594,1,norman,500,gene_ontology - no_graph
IRF1_SET,0.35637933015823364,0.3322315812110901,0.024147748947143555,1,norman,500,gene_ontology - no_graph
ISL2,0.4051606357097626,0.4037424325942993,0.0014182031154632568,1,norman,500,gene_ontology - no_graph
KLF1_BAK1,0.05894695222377777,0.04081614315509796,0.01813080906867981,1,norman,500,gene_ontology - no_graph
KLF1_CLDN6,0.49531427025794983,0.49150246381759644,0.0038118064403533936,1,norman,500,gene_ontology - no_graph
KLF1_COL2A1,0.2810755670070648,0.268291175365448,0.012784391641616821,1,norman,500,gene_ontology - no_graph
KLF1_TGFBR2,0.2620045840740204,0.25754958391189575,0.004455000162124634,1,norman,500,gene_ontology - no_graph
LHX1,0.6103637218475342,0.8901212811470032,-0.279757559299469,1,norman,500,gene_ontology - no_graph
LHX1_ELMSAN1,0.33226659893989563,0.30390769243240356,0.028358906507492065,1,norman,500,gene_ontology - no_graph
LYL1_IER5L,0.8395061492919922,0.8619717359542847,-0.02246558666229248,1,norman,500,gene_ontology - no_graph
MAP2K3_IKZF3,0.5518868565559387,0.5494786500930786,0.0024082064628601074,1,norman,500,gene_ontology - no_graph
MAP2K3_MAP2K6,-0.5240905284881592,-0.5297247171401978,0.005634188652038574,1,norman,500,gene_ontology - no_graph
MAP2K6,-0.5398141145706177,-0.548450231552124,0.008636116981506348,1,norman,500,gene_ontology - no_graph
MAP7D1,-0.14637532830238342,-0.14435939490795135,-0.002015933394432068,1,norman,500,gene_ontology - no_graph
MAPK1_IKZF3,0.7726454734802246,0.7633228302001953,0.009322643280029297,1,norman,500,gene_ontology - no_graph
MAPK1_PRTG,0.5660886764526367,0.5549638271331787,0.011124849319458008,1,norman,500,gene_ontology - no_graph
OSR2,0.3280775547027588,0.2978520691394806,0.030225485563278198,1,norman,500,gene_ontology - no_graph
PTPN1,0.7452881932258606,0.7713992595672607,-0.026111066341400146,1,norman,500,gene_ontology - no_graph
PTPN12_SNAI1,0.6861771941184998,0.6984778642654419,-0.012300670146942139,1,norman,500,gene_ontology - no_graph
SAMD1_PTPN12,0.747154712677002,0.7621419429779053,-0.01498723030090332,1,norman,500,gene_ontology - no_graph
SET,0.5633608102798462,0.386363685131073,0.1769971251487732,1,norman,500,gene_ontology - no_graph
SET_KLF1,0.4038514792919159,0.38380342721939087,0.020048052072525024,1,norman,500,gene_ontology - no_graph
SGK1_TBX3,0.5155216455459595,0.4989795386791229,0.016542106866836548,1,norman,500,gene_ontology - no_graph
SLC4A1,0.18863241374492645,0.47072815895080566,-0.2820957452058792,1,norman,500,gene_ontology - no_graph
TGFBR2_PRTG,0.6436247825622559,0.6619521379470825,-0.01832735538482666,1,norman,500,gene_ontology - no_graph
TP73,0.6200659275054932,0.6259604692459106,-0.0058945417404174805,1,norman,500,gene_ontology - no_graph
UBASH3A,0.6907059550285339,0.6982049942016602,-0.007499039173126221,1,norman,500,gene_ontology - no_graph
UBASH3B,0.6916990280151367,0.7115015387535095,-0.019802510738372803,1,norman,500,gene_ontology - no_graph
ZBTB25,0.5384294986724854,0.5612773895263672,-0.022847890853881836,1,norman,500,gene_ontology - no_graph
AHR_FEV,0.5610503256320953,0.5590082108974457,0.002042114734649658,2,norman,500,combined - random
ARID1A,0.6921691000461578,0.6193531155586243,0.07281598448753357,2,norman,500,combined - random
BCL2L11,-0.009570540860295296,-0.013645112048834562,0.004074571188539267,2,norman,500,combined - random
BCORL1,0.31812866032123566,0.22499512881040573,0.09313353151082993,2,norman,500,combined - random
C3orf72_FOXL2,0.6711458563804626,0.666117250919342,0.0050286054611206055,2,norman,500,combined - random
CBL_PTPN12,0.6007145047187805,0.5904040336608887,0.010310471057891846,2,norman,500,combined - random
CBL_TGFBR2,0.6120342314243317,0.38058361411094666,0.231450617313385,2,norman,500,combined - random
CDKN1A,0.8138257265090942,0.6081524193286896,0.20567330718040466,2,norman,500,combined - random
CDKN1B,0.7858216464519501,0.7757379710674286,0.010083675384521484,2,norman,500,combined - random
CDKN1C,0.7382476329803467,0.6898015439510345,0.048446089029312134,2,norman,500,combined - random
CDKN1C_CDKN1A,0.5255503952503204,0.4579169452190399,0.06763345003128052,2,norman,500,combined - random
CDKN1C_CDKN1B,0.7616040110588074,0.6378573775291443,0.12374663352966309,2,norman,500,combined - random
CEBPB_PTPN12,0.5606624186038971,0.5455756783485413,0.015086740255355835,2,norman,500,combined - random
CSRNP1,-0.440191850066185,-0.42305997014045715,-0.017131879925727844,2,norman,500,combined - random
DUSP9_PRTG,0.6092655658721924,0.6109965443611145,-0.0017309784889221191,2,norman,500,combined - random
FOSB,0.42847850918769836,0.43214555084705353,-0.0036670416593551636,2,norman,500,combined - random
FOXA3,0.7195281088352203,0.4914955198764801,0.22803258895874023,2,norman,500,combined - random
FOXA3_FOXF1,0.6861456334590912,0.5949603915214539,0.09118524193763733,2,norman,500,combined - random
FOXA3_FOXL2,0.5252125263214111,0.5234551429748535,0.0017573833465576172,2,norman,500,combined - random
HES7,0.7456458508968353,0.862004429101944,-0.11635857820510864,2,norman,500,combined - random
HOXB9,0.7967062592506409,0.794404923915863,0.002301335334777832,2,norman,500,combined - random
IGDCC3_MAPK1,0.32893842458724976,0.3311469405889511,-0.002208516001701355,2,norman,500,combined - random
IRF1_SET,0.35761044919490814,0.3600560277700424,-0.0024455785751342773,2,norman,500,combined - random
ISL2,0.4053516983985901,0.38092780113220215,0.02442389726638794,2,norman,500,combined - random
KLF1_BAK1,0.05243178829550743,0.05056476779282093,0.0018670205026865005,2,norman,500,combined - random
KLF1_CLDN6,0.4944693148136139,0.49351079761981964,0.0009585171937942505,2,norman,500,combined - random
KLF1_COL2A1,0.27939796447753906,0.274832621216774,0.004565343260765076,2,norman,500,combined - random
KLF1_TGFBR2,0.2604782283306122,0.27083979547023773,-0.01036156713962555,2,norman,500,combined - random
LHX1,0.5904741883277893,0.9006778001785278,-0.3102036118507385,2,norman,500,combined - random
LHX1_ELMSAN1,0.33270157873630524,0.2898205369710922,0.04288104176521301,2,norman,500,combined - random
LYL1_IER5L,0.8370745182037354,0.8386965692043304,-0.0016220510005950928,2,norman,500,combined - random
MAP2K3_IKZF3,0.5450009405612946,0.535676896572113,0.009324043989181519,2,norman,500,combined - random
MAP2K3_MAP2K6,-0.5248143672943115,-0.5236902236938477,-0.0011241436004638672,2,norman,500,combined - random
MAP2K6,-0.542649507522583,-0.5422859787940979,-0.0003635287284851074,2,norman,500,combined - random
MAP7D1,-0.14736023545265198,-0.14591263979673386,-0.0014475956559181213,2,norman,500,combined - random
MAPK1_IKZF3,0.7708700001239777,0.7686488628387451,0.002221137285232544,2,norman,500,combined - random
MAPK1_PRTG,0.5684545040130615,0.569391518831253,-0.0009370148181915283,2,norman,500,combined - random
OSR2,0.3290720582008362,0.33250659704208374,-0.0034345388412475586,2,norman,500,combined - random
PTPN1,0.7470451295375824,0.742565393447876,0.004479736089706421,2,norman,500,combined - random
PTPN12_SNAI1,0.6859783232212067,0.4844677299261093,0.20151059329509735,2,norman,500,combined - random
SAMD1_PTPN12,0.7466117441654205,0.720745861530304,0.025865882635116577,2,norman,500,combined - random
SET,0.48701047897338867,0.3733397275209427,0.11367075145244598,2,norman,500,combined - random
SET_KLF1,0.40387414395809174,0.4029844105243683,0.0008897334337234497,2,norman,500,combined - random
SGK1_TBX3,0.5148251056671143,0.46724025905132294,0.04758484661579132,2,norman,500,combined - random
SLC4A1,0.3221234232187271,0.3509143590927124,-0.02879093587398529,2,norman,500,combined - random
TGFBR2_PRTG,0.6432090103626251,0.6367178559303284,0.006491154432296753,2,norman,500,combined - random
TP73,0.6192597448825836,0.5810824334621429,0.038177311420440674,2,norman,500,combined - random
UBASH3A,0.6904427111148834,0.6756798923015594,0.014762818813323975,2,norman,500,combined - random
UBASH3B,0.6883257627487183,0.6867212355136871,0.001604527235031128,2,norman,500,combined - random
ZBTB25,0.5383909940719604,0.514829009771347,0.023561984300613403,2,norman,500,combined - random
AHR_FEV,0.5598686039447784,0.5590082108974457,0.0008603930473327637,2,norman,500,string_ppi - random
ARID1A,0.6949895918369293,0.6193531155586243,0.07563647627830505,2,norman,500,string_ppi - random
BCL2L11,-0.009947425685822964,-0.013645112048834562,0.0036976863630115986,2,norman,500,string_ppi - random
BCORL1,0.3188370168209076,0.22499512881040573,0.09384188801050186,2,norman,500,string_ppi - random
C3orf72_FOXL2,0.6690702140331268,0.666117250919342,0.00295296311378479,2,norman,500,string_ppi - random
CBL_PTPN12,0.6011089384555817,0.5904040336608887,0.010704904794692993,2,norman,500,string_ppi - random
CBL_TGFBR2,0.6131820976734161,0.38058361411094666,0.23259848356246948,2,norman,500,string_ppi - random
CDKN1A,0.7722242474555969,0.6081524193286896,0.16407182812690735,2,norman,500,string_ppi - random
CDKN1B,0.7836773991584778,0.7757379710674286,0.007939428091049194,2,norman,500,string_ppi - random
CDKN1C,0.7370553910732269,0.6898015439510345,0.04725384712219238,2,norman,500,string_ppi - random
CDKN1C_CDKN1A,0.5248196423053741,0.4579169452190399,0.06690269708633423,2,norman,500,string_ppi - random
CDKN1C_CDKN1B,0.7623569667339325,0.6378573775291443,0.12449958920478821,2,norman,500,string_ppi - random
CEBPB_PTPN12,0.5609243810176849,0.5455756783485413,0.015348702669143677,2,norman,500,string_ppi - random
CSRNP1,-0.43865440785884857,-0.42305997014045715,-0.015594437718391418,2,norman,500,string_ppi - random
DUSP9_PRTG,0.6109868288040161,0.6109965443611145,-9.715557098388672e-06,2,norman,500,string_ppi - random
FOSB,0.43084441125392914,0.43214555084705353,-0.0013011395931243896,2,norman,500,string_ppi - random
FOXA3,0.7170133292675018,0.4914955198764801,0.22551780939102173,2,norman,500,string_ppi - random
FOXA3_FOXF1,0.6846751570701599,0.5949603915214539,0.08971476554870605,2,norman,500,string_ppi - random
FOXA3_FOXL2,0.5256219804286957,0.5234551429748535,0.002166837453842163,2,norman,500,string_ppi - random
HES7,0.9390468299388885,0.862004429101944,0.07704240083694458,2,norman,500,string_ppi - random
HOXB9,0.7952439486980438,0.794404923915863,0.0008390247821807861,2,norman,500,string_ppi - random
IGDCC3_MAPK1,0.33037522435188293,0.3311469405889511,-0.0007717162370681763,2,norman,500,string_ppi - random
IRF1_SET,0.354876384139061,0.3600560277700424,-0.005179643630981445,2,norman,500,string_ppi - random
ISL2,0.40506523847579956,0.38092780113220215,0.024137437343597412,2,norman,500,string_ppi - random
KLF1_BAK1,0.05031374841928482,0.05056476779282093,-0.0002510193735361099,2,norman,500,string_ppi - random
KLF1_CLDN6,0.49511192739009857,0.49351079761981964,0.0016011297702789307,2,norman,500,string_ppi - random
KLF1_COL2A1,0.2779671549797058,0.274832621216774,0.0031345337629318237,2,norman,500,string_ppi - random
KLF1_TGFBR2,0.2608451247215271,0.27083979547023773,-0.009994670748710632,2,norman,500,string_ppi - random
LHX1,0.9194775819778442,0.9006778001785278,0.018799781799316406,2,norman,500,string_ppi - random
LHX1_ELMSAN1,0.33314651250839233,0.2898205369710922,0.04332597553730011,2,norman,500,string_ppi - random
LYL1_IER5L,0.8391282260417938,0.8386965692043304,0.0004316568374633789,2,norman,500,string_ppi - random
MAP2K3_IKZF3,0.5465289354324341,0.535676896572113,0.010852038860321045,2,norman,500,string_ppi - random
MAP2K3_MAP2K6,-0.5255623459815979,-0.5236902236938477,-0.0018721222877502441,2,norman,500,string_ppi - random
MAP2K6,-0.5397680997848511,-0.5422859787940979,0.002517879009246826,2,norman,500,string_ppi - random
MAP7D1,-0.14566620439291,-0.14591263979673386,0.00024643540382385254,2,norman,500,string_ppi - random
MAPK1_IKZF3,0.770902693271637,0.7686488628387451,0.0022538304328918457,2,norman,500,string_ppi - random
MAPK1_PRTG,0.5660446882247925,0.569391518831253,-0.0033468306064605713,2,norman,500,string_ppi - random
OSR2,0.32974468171596527,0.33250659704208374,-0.0027619153261184692,2,norman,500,string_ppi - random
PTPN1,0.7464260458946228,0.742565393447876,0.003860652446746826,2,norman,500,string_ppi - random
PTPN12_SNAI1,0.688890665769577,0.4844677299261093,0.2044229358434677,2,norman,500,string_ppi - random
SAMD1_PTPN12,0.7481698393821716,0.720745861530304,0.027423977851867676,2,norman,500,string_ppi - random
SET,0.28204214572906494,0.3733397275209427,-0.09129758179187775,2,norman,500,string_ppi - random
SET_KLF1,0.40328867733478546,0.4029844105243683,0.0003042668104171753,2,norman,500,string_ppi - random
SGK1_TBX3,0.5148589611053467,0.46724025905132294,0.04761870205402374,2,norman,500,string_ppi - random
SLC4A1,0.32866737246513367,0.3509143590927124,-0.022246986627578735,2,norman,500,string_ppi - random
TGFBR2_PRTG,0.6433127820491791,0.6367178559303284,0.006594926118850708,2,norman,500,string_ppi - random
TP73,0.6199501752853394,0.5810824334621429,0.03886774182319641,2,norman,500,string_ppi - random
UBASH3A,0.692043662071228,0.6756798923015594,0.01636376976966858,2,norman,500,string_ppi - random
UBASH3B,0.6891809105873108,0.6867212355136871,0.0024596750736236572,2,norman,500,string_ppi - random
ZBTB25,0.53762486577034,0.514829009771347,0.02279585599899292,2,norman,500,string_ppi - random
AHR_FEV,0.49856869876384735,0.4963773936033249,0.002191305160522461,2,norman,1000,combined - no_graph
ARID1A,0.6148303151130676,0.6190583109855652,-0.004227995872497559,2,norman,1000,combined - no_graph
BCL2L11,0.008041751105338335,0.003597748000174761,0.004444003105163574,2,norman,1000,combined - no_graph
BCORL1,0.3461110293865204,0.35285423696041107,-0.006743207573890686,2,norman,1000,combined - no_graph
C3orf72_FOXL2,0.6592769622802734,0.6798731088638306,-0.02059614658355713,2,norman,1000,combined - no_graph
CBL_PTPN12,0.5981081128120422,0.6005934476852417,-0.002485334873199463,2,norman,1000,combined - no_graph
CBL_TGFBR2,0.6133967041969299,0.6295844614505768,-0.01618775725364685,2,norman,1000,combined - no_graph
CDKN1A,0.8828123509883881,0.8972257375717163,-0.014413386583328247,2,norman,1000,combined - no_graph
CDKN1B,0.7553807497024536,0.7609082758426666,-0.005527526140213013,2,norman,1000,combined - no_graph
CDKN1C,0.7444519102573395,0.6230175197124481,0.12143439054489136,2,norman,1000,combined - no_graph
CDKN1C_CDKN1A,0.5686303377151489,0.5707041621208191,-0.002073824405670166,2,norman,1000,combined - no_graph
CDKN1C_CDKN1B,0.7214540243148804,0.7263096868991852,-0.00485566258430481,2,norman,1000,combined - no_graph
CEBPB_PTPN12,0.5446813404560089,0.5476157367229462,-0.002934396266937256,2,norman,1000,combined - no_graph
CSRNP1,-0.41248971223831177,-0.41994234919548035,0.007452636957168579,2,norman,1000,combined - no_graph
DUSP9_PRTG,0.6062994599342346,0.6096415519714355,-0.0033420920372009277,2,norman,1000,combined - no_graph
FOSB,0.4147733747959137,0.38105370104312897,0.03371967375278473,2,norman,1000,combined - no_graph
FOXA3,0.7058166265487671,0.7265650928020477,-0.02074846625328064,2,norman,1000,combined - no_graph
FOXA3_FOXF1,0.6929095983505249,0.7153059542179108,-0.022396355867385864,2,norman,1000,combined - no_graph
FOXA3_FOXL2,0.5915491580963135,0.6117202341556549,-0.02017107605934143,2,norman,1000,combined - no_graph
HES7,0.8791109621524811,0.9076054990291595,-0.028494536876678467,2,norman,1000,combined - no_graph
HOXB9,0.7678374648094177,0.7740039825439453,-0.006166517734527588,2,norman,1000,combined - no_graph
IGDCC3_MAPK1,0.4057592302560806,0.390366330742836,0.015392899513244629,2,norman,1000,combined - no_graph
IRF1_SET,0.3385179191827774,0.3048095405101776,0.03370837867259979,2,norman,1000,combined - no_graph
ISL2,0.4239570200443268,0.4370303153991699,-0.01307329535484314,2,norman,1000,combined - no_graph
KLF1_BAK1,-0.005435572005808353,-0.0199865335598588,0.014550961554050446,2,norman,1000,combined - no_graph
KLF1_CLDN6,0.5160799324512482,0.5103836059570312,0.005696326494216919,2,norman,1000,combined - no_graph
KLF1_COL2A1,0.2335900291800499,0.22604240477085114,0.007547624409198761,2,norman,1000,combined - no_graph
KLF1_TGFBR2,0.22655892372131348,0.21703577786684036,0.009523145854473114,2,norman,1000,combined - no_graph
LHX1,0.7906727492809296,0.8533421456813812,-0.06266939640045166,2,norman,1000,combined - no_graph
LHX1_ELMSAN1,0.3694226145744324,0.3460901379585266,0.02333247661590576,2,norman,1000,combined - no_graph
LYL1_IER5L,0.8336813151836395,0.850115180015564,-0.01643386483192444,2,norman,1000,combined - no_graph
MAP2K3_IKZF3,0.5483397841453552,0.5462340414524078,0.0021057426929473877,2,norman,1000,combined - no_graph
MAP2K3_MAP2K6,-0.4799150377511978,-0.4826177805662155,0.0027027428150177,2,norman,1000,combined - no_graph
MAP2K6,-0.4688507914543152,-0.47549621760845184,0.006645426154136658,2,norman,1000,combined - no_graph
MAP7D1,-0.13864650577306747,-0.1315004527568817,-0.0071460530161857605,2,norman,1000,combined - no_graph
MAPK1_IKZF3,0.7559536099433899,0.7447439432144165,0.011209666728973389,2,norman,1000,combined - no_graph
MAPK1_PRTG,0.4430215358734131,0.4254097640514374,0.017611771821975708,2,norman,1000,combined - no_graph
OSR2,0.3294338881969452,0.30484509468078613,0.024588793516159058,2,norman,1000,combined - no_graph
PTPN1,0.730400949716568,0.7354393601417542,-0.005038410425186157,2,norman,1000,combined - no_graph
PTPN12_SNAI1,0.6230098307132721,0.6313751935958862,-0.008365362882614136,2,norman,1000,combined - no_graph
SAMD1_PTPN12,0.7439621090888977,0.7543428242206573,-0.010380715131759644,2,norman,1000,combined - no_graph
SET,0.449926495552063,0.3783653676509857,0.07156112790107727,2,norman,1000,combined - no_graph
SET_KLF1,0.40075498819351196,0.3712611198425293,0.029493868350982666,2,norman,1000,combined - no_graph
SGK1_TBX3,0.5600505173206329,0.5468992590904236,0.01315125823020935,2,norman,1000,combined - no_graph
SLC4A1,0.3978789299726486,0.45502980053424835,-0.05715087056159973,2,norman,1000,combined - no_graph
TGFBR2_PRTG,0.5201032757759094,0.5256058275699615,-0.005502551794052124,2,norman,1000,combined - no_graph
TP73,0.6472032368183136,0.65266153216362,-0.0054582953453063965,2,norman,1000,combined - no_graph
UBASH3A,0.642682671546936,0.6448264122009277,-0.0021437406539916992,2,norman,1000,combined - no_graph
UBASH3B,0.6582108438014984,0.664443165063858,-0.006232321262359619,2,norman,1000,combined - no_graph
ZBTB25,0.5267471373081207,0.5337591171264648,-0.007011979818344116,2,norman,1000,combined - no_graph
AHR_FEV,0.498318612575531,0.4963773936033249,0.0019412189722061157,2,norman,1000,string_ppi - no_graph
ARID1A,0.6138173639774323,0.6190583109855652,-0.005240947008132935,2,norman,1000,string_ppi - no_graph
BCL2L11,0.007764793932437897,0.003597748000174761,0.004167045932263136,2,norman,1000,string_ppi - no_graph
BCORL1,0.3463926315307617,0.35285423696041107,-0.006461605429649353,2,norman,1000,string_ppi - no_graph
C3orf72_FOXL2,0.6581595540046692,0.6798731088638306,-0.021713554859161377,2,norman,1000,string_ppi - no_graph
CBL_PTPN12,0.5978480577468872,0.6005934476852417,-0.002745389938354492,2,norman,1000,string_ppi - no_graph
CBL_TGFBR2,0.6127886176109314,0.6295844614505768,-0.016795843839645386,2,norman,1000,string_ppi - no_graph
CDKN1A,0.6218718141317368,0.8972257375717163,-0.27535392343997955,2,norman,1000,string_ppi - no_graph
CDKN1B,0.7550806999206543,0.7609082758426666,-0.005827575922012329,2,norman,1000,string_ppi - no_graph
CDKN1C,0.5910603106021881,0.6230175197124481,-0.03195720911026001,2,norman,1000,string_ppi - no_graph
CDKN1C_CDKN1A,0.5681121945381165,0.5707041621208191,-0.0025919675827026367,2,norman,1000,string_ppi - no_graph
CDKN1C_CDKN1B,0.7213540971279144,0.7263096868991852,-0.004955589771270752,2,norman,1000,string_ppi - no_graph
CEBPB_PTPN12,0.5448582172393799,0.5476157367229462,-0.002757519483566284,2,norman,1000,string_ppi - no_graph
CSRNP1,-0.41136884689331055,-0.41994234919548035,0.0085735023021698,2,norman,1000,string_ppi - no_graph
DUSP9_PRTG,0.6066760420799255,0.6096415519714355,-0.0029655098915100098,2,norman,1000,string_ppi - no_graph
FOSB,0.4163561463356018,0.38105370104312897,0.03530244529247284,2,norman,1000,string_ppi - no_graph
FOXA3,0.7054486572742462,0.7265650928020477,-0.021116435527801514,2,norman,1000,string_ppi - no_graph
FOXA3_FOXF1,0.6930056810379028,0.7153059542179108,-0.022300273180007935,2,norman,1000,string_ppi - no_graph
FOXA3_FOXL2,0.5914610922336578,0.6117202341556549,-0.02025914192199707,2,norman,1000,string_ppi - no_graph
HES7,0.9278686940670013,0.9076054990291595,0.020263195037841797,2,norman,1000,string_ppi - no_graph
HOXB9,0.7662560343742371,0.7740039825439453,-0.007747948169708252,2,norman,1000,string_ppi - no_graph
IGDCC3_MAPK1,0.40487681329250336,0.390366330742836,0.014510482549667358,2,norman,1000,string_ppi - no_graph
IRF1_SET,0.3382957875728607,0.3048095405101776,0.033486247062683105,2,norman,1000,string_ppi - no_graph
ISL2,0.4248073399066925,0.4370303153991699,-0.012222975492477417,2,norman,1000,string_ppi - no_graph
KLF1_BAK1,-0.00495861005038023,-0.0199865335598588,0.015027923509478569,2,norman,1000,string_ppi - no_graph
KLF1_CLDN6,0.5172535181045532,0.5103836059570312,0.006869912147521973,2,norman,1000,string_ppi - no_graph
KLF1_COL2A1,0.23438586294651031,0.22604240477085114,0.00834345817565918,2,norman,1000,string_ppi - no_graph
KLF1_TGFBR2,0.22798079997301102,0.21703577786684036,0.010945022106170654,2,norman,1000,string_ppi - no_graph
LHX1,0.8910916149616241,0.8533421456813812,0.03774946928024292,2,norman,1000,string_ppi - no_graph
LHX1_ELMSAN1,0.3695262670516968,0.3460901379585266,0.023436129093170166,2,norman,1000,string_ppi - no_graph
LYL1_IER5L,0.8330317735671997,0.850115180015564,-0.017083406448364258,2,norman,1000,string_ppi - no_graph
MAP2K3_IKZF3,0.547699511051178,0.5462340414524078,0.0014654695987701416,2,norman,1000,string_ppi - no_graph
MAP2K3_MAP2K6,-0.47926151752471924,-0.4826177805662155,0.003356263041496277,2,norman,1000,string_ppi - no_graph
MAP2K6,-0.46803118288517,-0.47549621760845184,0.00746503472328186,2,norman,1000,string_ppi - no_graph
MAP7D1,-0.13766127824783325,-0.1315004527568817,-0.006160825490951538,2,norman,1000,string_ppi - no_graph
MAPK1_IKZF3,0.7549779117107391,0.7447439432144165,0.010233968496322632,2,norman,1000,string_ppi - no_graph
MAPK1_PRTG,0.44321294128894806,0.4254097640514374,0.01780317723751068,2,norman,1000,string_ppi - no_graph
OSR2,0.3290223479270935,0.30484509468078613,0.024177253246307373,2,norman,1000,string_ppi - no_graph
PTPN1,0.7300714254379272,0.7354393601417542,-0.005367934703826904,2,norman,1000,string_ppi - no_graph
PTPN12_SNAI1,0.6227531433105469,0.6313751935958862,-0.008622050285339355,2,norman,1000,string_ppi - no_graph
SAMD1_PTPN12,0.7438187599182129,0.7543428242206573,-0.010524064302444458,2,norman,1000,string_ppi - no_graph
SET,0.2432733103632927,0.3783653676509857,-0.13509205728769302,2,norman,1000,string_ppi - no_graph
SET_KLF1,0.4015577733516693,0.3712611198425293,0.030296653509140015,2,norman,1000,string_ppi - no_graph
SGK1_TBX3,0.5600994825363159,0.5468992590904236,0.013200223445892334,2,norman,1000,string_ppi - no_graph
SLC4A1,0.3658614754676819,0.45502980053424835,-0.08916832506656647,2,norman,1000,string_ppi - no_graph
TGFBR2_PRTG,0.5211097300052643,0.5256058275699615,-0.004496097564697266,2,norman,1000,string_ppi - no_graph
TP73,0.6484433710575104,0.65266153216362,-0.004218161106109619,2,norman,1000,string_ppi - no_graph
UBASH3A,0.6411067843437195,0.6448264122009277,-0.003719627857208252,2,norman,1000,string_ppi - no_graph
UBASH3B,0.6578854322433472,0.664443165063858,-0.006557732820510864,2,norman,1000,string_ppi - no_graph
ZBTB25,0.5263808965682983,0.5337591171264648,-0.007378220558166504,2,norman,1000,string_ppi - no_graph
AHR_FEV,0.4988206923007965,0.49665239453315735,0.00216829776763916,1,norman,1000,gene_ontology - no_graph
ARID1A,0.6140777468681335,0.6180919408798218,-0.004014194011688232,1,norman,1000,gene_ontology - no_graph
BCL2L11,0.00826960988342762,0.004661360755562782,0.0036082491278648376,1,norman,1000,gene_ontology - no_graph
BCORL1,0.3453214168548584,0.35319265723228455,-0.007871240377426147,1,norman,1000,gene_ontology - no_graph
C3orf72_FOXL2,0.6595172882080078,0.6793116927146912,-0.01979440450668335,1,norman,1000,gene_ontology - no_graph
CBL_PTPN12,0.599027156829834,0.6045840978622437,-0.005556941032409668,1,norman,1000,gene_ontology - no_graph
CBL_TGFBR2,0.6125223636627197,0.6278976202011108,-0.015375256538391113,1,norman,1000,gene_ontology - no_graph
CDKN1A,0.7668991684913635,0.8952758312225342,-0.12837666273117065,1,norman,1000,gene_ontology - no_graph
CDKN1B,0.7558305263519287,0.7590715289115906,-0.0032410025596618652,1,norman,1000,gene_ontology - no_graph
CDKN1C,0.7393354177474976,0.6238247752189636,0.11551064252853394,1,norman,1000,gene_ontology - no_graph
CDKN1C_CDKN1A,0.5683352947235107,0.5682408213615417,9.447336196899414e-05,1,norman,1000,gene_ontology - no_graph
CDKN1C_CDKN1B,0.7200501561164856,0.7286258935928345,-0.008575737476348877,1,norman,1000,gene_ontology - no_graph
CEBPB_PTPN12,0.5442387461662292,0.5467499494552612,-0.0025112032890319824,1,norman,1000,gene_ontology - no_graph
CSRNP1,-0.4124656915664673,-0.4190564751625061,0.006590783596038818,1,norman,1000,gene_ontology - no_graph
DUSP9_PRTG,0.606072723865509,0.6124688386917114,-0.006396114826202393,1,norman,1000,gene_ontology - no_graph
FOSB,0.4155944883823395,0.3693794310092926,0.046215057373046875,1,norman,1000,gene_ontology - no_graph
FOXA3,0.7052419185638428,0.7253909111022949,-0.02014899253845215,1,norman,1000,gene_ontology - no_graph
FOXA3_FOXF1,0.6932896971702576,0.7159457802772522,-0.02265608310699463,1,norman,1000,gene_ontology - no_graph
FOXA3_FOXL2,0.5914402604103088,0.6122164726257324,-0.020776212215423584,1,norman,1000,gene_ontology - no_graph
HES7,0.8335261940956116,0.9085977077484131,-0.07507151365280151,1,norman,1000,gene_ontology - no_graph
HOXB9,0.767719566822052,0.77341628074646,-0.005696713924407959,1,norman,1000,gene_ontology - no_graph
IGDCC3_MAPK1,0.40395936369895935,0.3902697265148163,0.013689637184143066,1,norman,1000,gene_ontology - no_graph
IRF1_SET,0.3386361598968506,0.30493342876434326,0.033702731132507324,1,norman,1000,gene_ontology - no_graph
ISL2,0.424581378698349,0.43643736839294434,-0.011855989694595337,1,norman,1000,gene_ontology - no_graph
KLF1_BAK1,-0.006336134858429432,-0.018779756501317024,0.012443621642887592,1,norman,1000,gene_ontology - no_graph
KLF1_CLDN6,0.516341507434845,0.5081852674484253,0.008156239986419678,1,norman,1000,gene_ontology - no_graph
KLF1_COL2A1,0.2337053120136261,0.22534698247909546,0.00835832953453064,1,norman,1000,gene_ontology - no_graph
KLF1_TGFBR2,0.22909584641456604,0.2184758186340332,0.010620027780532837,1,norman,1000,gene_ontology - no_graph
LHX1,0.7740913033485413,0.8580998182296753,-0.08400851488113403,1,norman,1000,gene_ontology - no_graph
LHX1_ELMSAN1,0.3690444827079773,0.3455970287322998,0.02344745397567749,1,norman,1000,gene_ontology - no_graph
LYL1_IER5L,0.8341480493545532,0.8521767258644104,-0.018028676509857178,1,norman,1000,gene_ontology - no_graph
MAP2K3_IKZF3,0.5471456050872803,0.5454236268997192,0.0017219781875610352,1,norman,1000,gene_ontology - no_graph
MAP2K3_MAP2K6,-0.4803495407104492,-0.48127609491348267,0.0009265542030334473,1,norman,1000,gene_ontology - no_graph
MAP2K6,-0.46915778517723083,-0.47446009516716003,0.005302309989929199,1,norman,1000,gene_ontology - no_graph
MAP7D1,-0.143076092004776,-0.13302290439605713,-0.010053187608718872,1,norman,1000,gene_ontology - no_graph
MAPK1_IKZF3,0.75406813621521,0.744452953338623,0.009615182876586914,1,norman,1000,gene_ontology - no_graph
MAPK1_PRTG,0.441100150346756,0.42576318979263306,0.015336960554122925,1,norman,1000,gene_ontology - no_graph
OSR2,0.32331329584121704,0.3050611615180969,0.018252134323120117,1,norman,1000,gene_ontology - no_graph
PTPN1,0.7315999269485474,0.7341582179069519,-0.002558290958404541,1,norman,1000,gene_ontology - no_graph
PTPN12_SNAI1,0.6225895881652832,0.6328471899032593,-0.010257601737976074,1,norman,1000,gene_ontology - no_graph
SAMD1_PTPN12,0.7445971965789795,0.7530621290206909,-0.008464932441711426,1,norman,1000,gene_ontology - no_graph
SET,0.5244776010513306,0.3766022324562073,0.1478753685951233,1,norman,1000,gene_ontology - no_graph
SET_KLF1,0.4006543755531311,0.3708639144897461,0.02979046106338501,1,norman,1000,gene_ontology - no_graph
SGK1_TBX3,0.5603820085525513,0.548202633857727,0.012179374694824219,1,norman,1000,gene_ontology - no_graph
SLC4A1,0.4165225625038147,0.45423969626426697,-0.03771713376045227,1,norman,1000,gene_ontology - no_graph
TGFBR2_PRTG,0.5199919939041138,0.5247129201889038,-0.004720926284790039,1,norman,1000,gene_ontology - no_graph
TP73,0.648337721824646,0.6539691090583801,-0.005631387233734131,1,norman,1000,gene_ontology - no_graph
UBASH3A,0.6422353386878967,0.646838903427124,-0.004603564739227295,1,norman,1000,gene_ontology - no_graph
UBASH3B,0.6594641804695129,0.6624746322631836,-0.0030104517936706543,1,norman,1000,gene_ontology - no_graph
ZBTB25,0.5247154235839844,0.5309233665466309,-0.006207942962646484,1,norman,1000,gene_ontology - no_graph
AHR_FEV,0.4870540201663971,0.49665239453315735,-0.009598374366760254,1,norman,1000,random - no_graph
ARID1A,0.5903275012969971,0.6180919408798218,-0.027764439582824707,1,norman,1000,random - no_graph
BCL2L11,0.005214221775531769,0.004661360755562782,0.0005528610199689865,1,norman,1000,random - no_graph
BCORL1,0.3487999439239502,0.35319265723228455,-0.004392713308334351,1,norman,1000,random - no_graph
C3orf72_FOXL2,0.6258188486099243,0.6793116927146912,-0.053492844104766846,1,norman,1000,random - no_graph
CBL_PTPN12,0.5531449913978577,0.6045840978622437,-0.051439106464385986,1,norman,1000,random - no_graph
CBL_TGFBR2,0.5365973711013794,0.6278976202011108,-0.09130024909973145,1,norman,1000,random - no_graph
CDKN1A,0.7574046850204468,0.8952758312225342,-0.1378711462020874,1,norman,1000,random - no_graph
CDKN1B,0.7529065608978271,0.7590715289115906,-0.006164968013763428,1,norman,1000,random - no_graph
CDKN1C,0.40222853422164917,0.6238247752189636,-0.22159624099731445,1,norman,1000,random - no_graph
CDKN1C_CDKN1A,0.5672702789306641,0.5682408213615417,-0.0009705424308776855,1,norman,1000,random - no_graph
CDKN1C_CDKN1B,0.38321542739868164,0.7286258935928345,-0.34541046619415283,1,norman,1000,random - no_graph
CEBPB_PTPN12,0.5441420078277588,0.5467499494552612,-0.0026079416275024414,1,norman,1000,random - no_graph
CSRNP1,-0.3087742328643799,-0.4190564751625061,0.11028224229812622,1,norman,1000,random - no_graph
DUSP9_PRTG,0.573194146156311,0.6124688386917114,-0.03927469253540039,1,norman,1000,random - no_graph
FOSB,0.356830894947052,0.3693794310092926,-0.0125485360622406,1,norman,1000,random - no_graph
FOXA3,0.6792908906936646,0.7253909111022949,-0.04610002040863037,1,norman,1000,random - no_graph
FOXA3_FOXF1,0.32904958724975586,0.7159457802772522,-0.38689619302749634,1,norman,1000,random - no_graph
FOXA3_FOXL2,0.23095577955245972,0.6122164726257324,-0.3812606930732727,1,norman,1000,random - no_graph
HES7,0.9310402274131775,0.9085977077484131,0.022442519664764404,1,norman,1000,random - no_graph
HOXB9,0.7481582760810852,0.77341628074646,-0.025258004665374756,1,norman,1000,random - no_graph
IGDCC3_MAPK1,0.28349101543426514,0.3902697265148163,-0.10677871108055115,1,norman,1000,random - no_graph
IRF1_SET,0.31676217913627625,0.30493342876434326,0.011828750371932983,1,norman,1000,random - no_graph
ISL2,0.40455272793769836,0.43643736839294434,-0.03188464045524597,1,norman,1000,random - no_graph
KLF1_BAK1,-0.007960508577525616,-0.018779756501317024,0.010819247923791409,1,norman,1000,random - no_graph
KLF1_CLDN6,0.4639762341976166,0.5081852674484253,-0.044209033250808716,1,norman,1000,random - no_graph
KLF1_COL2A1,0.24434907734394073,0.22534698247909546,0.019002094864845276,1,norman,1000,random - no_graph
KLF1_TGFBR2,0.24948391318321228,0.2184758186340332,0.031008094549179077,1,norman,1000,random - no_graph
LHX1,0.645276665687561,0.8580998182296753,-0.21282315254211426,1,norman,1000,random - no_graph
LHX1_ELMSAN1,0.2708820104598999,0.3455970287322998,-0.0747150182723999,1,norman,1000,random - no_graph
LYL1_IER5L,0.3990534245967865,0.8521767258644104,-0.4531233012676239,1,norman,1000,random - no_graph
MAP2K3_IKZF3,0.5490740537643433,0.5454236268997192,0.0036504268646240234,1,norman,1000,random - no_graph
MAP2K3_MAP2K6,-0.3591430187225342,-0.48127609491348267,0.12213307619094849,1,norman,1000,random - no_graph
MAP2K6,-0.47044387459754944,-0.47446009516716003,0.004016220569610596,1,norman,1000,random - no_graph
MAP7D1,-0.0458407998085022,-0.13302290439605713,0.08718210458755493,1,norman,1000,random - no_graph
MAPK1_IKZF3,0.7516567707061768,0.744452953338623,0.007203817367553711,1,norman,1000,random - no_graph
MAPK1_PRTG,0.4373529255390167,0.42576318979263306,0.011589735746383667,1,norman,1000,random - no_graph
OSR2,0.3294658362865448,0.3050611615180969,0.024404674768447876,1,norman,1000,random - no_graph
PTPN1,0.643549919128418,0.7341582179069519,-0.09060829877853394,1,norman,1000,random - no_graph
PTPN12_SNAI1,0.5884263515472412,0.6328471899032593,-0.044420838356018066,1,norman,1000,random - no_graph
SAMD1_PTPN12,0.741506040096283,0.7530621290206909,-0.011556088924407959,1,norman,1000,random - no_graph
SET,0.33680152893066406,0.3766022324562073,-0.03980070352554321,1,norman,1000,random - no_graph
SET_KLF1,0.3943236172199249,0.3708639144897461,0.023459702730178833,1,norman,1000,random - no_graph
SGK1_TBX3,0.5442540645599365,0.548202633857727,-0.003948569297790527,1,norman,1000,random - no_graph
SLC4A1,0.3212931156158447,0.45423969626426697,-0.13294658064842224,1,norman,1000,random - no_graph
TGFBR2_PRTG,0.5208127498626709,0.5247129201889038,-0.00390017032623291,1,norman,1000,random - no_graph
TP73,0.6311209201812744,0.6539691090583801,-0.022848188877105713,1,norman,1000,random - no_graph
UBASH3A,0.5387958288192749,0.646838903427124,-0.10804307460784912,1,norman,1000,random - no_graph
UBASH3B,0.6574714183807373,0.6624746322631836,-0.005003213882446289,1,norman,1000,random - no_graph
ZBTB25,0.5256272554397583,0.5309233665466309,-0.005296111106872559,1,norman,1000,random - no_graph
AHR_FEV,0.4981386661529541,0.4964633733034134,0.0016752928495407104,2,norman,1000,combined - random
ARID1A,0.6136703193187714,0.45900242030620575,0.1546678990125656,2,norman,1000,combined - random
BCL2L11,0.008525248151272535,0.01452664379030466,-0.0060013956390321255,2,norman,1000,combined - random
BCORL1,0.34547683596611023,0.34752248227596283,-0.0020456463098526,2,norman,1000,combined - random
C3orf72_FOXL2,0.6595116257667542,0.64090895652771,0.01860266923904419,2,norman,1000,combined - random
CBL_PTPN12,0.5961370766162872,0.5139039307832718,0.08223314583301544,2,norman,1000,combined - random
CBL_TGFBR2,0.6127880811691284,0.5694872736930847,0.0433008074760437,2,norman,1000,combined - random
CDKN1A,0.8817448914051056,0.8086521625518799,0.07309272885322571,2,norman,1000,combined - random
CDKN1B,0.755251556634903,0.7345346808433533,0.020716875791549683,2,norman,1000,combined - random
CDKN1C,0.7434121072292328,0.49034225940704346,0.25306984782218933,2,norman,1000,combined - random
CDKN1C_CDKN1A,0.5682402551174164,0.4205760359764099,0.14766421914100647,2,norman,1000,combined - random
CDKN1C_CDKN1B,0.7212958335876465,0.5349994003772736,0.18629643321037292,2,norman,1000,combined - random
CEBPB_PTPN12,0.5450451374053955,0.5386335551738739,0.0064115822315216064,2,norman,1000,combined - random
CSRNP1,-0.4119061082601547,-0.3356514275074005,-0.07625468075275421,2,norman,1000,combined - random
DUSP9_PRTG,0.6066785454750061,0.5870135128498077,0.019665032625198364,2,norman,1000,combined - random
FOSB,0.4160645008087158,0.38497814536094666,0.031086355447769165,2,norman,1000,combined - random
FOXA3,0.7059052586555481,0.6934573948383331,0.012447863817214966,2,norman,1000,combined - random
FOXA3_FOXF1,0.6926973760128021,0.5080724954605103,0.18462488055229187,2,norman,1000,combined - random
FOXA3_FOXL2,0.5915842056274414,0.3923751413822174,0.199209064245224,2,norman,1000,combined - random
HES7,0.8917005956172943,0.8836308717727661,0.008069723844528198,2,norman,1000,combined - random
HOXB9,0.7681598961353302,0.5758536756038666,0.19230622053146362,2,norman,1000,combined - random
IGDCC3_MAPK1,0.40525414049625397,0.32002222537994385,0.08523191511631012,2,norman,1000,combined - random
IRF1_SET,0.3385971933603287,0.32483039796352386,0.01376679539680481,2,norman,1000,combined - random
ISL2,0.42426857352256775,0.39213351905345917,0.03213505446910858,2,norman,1000,combined - random
KLF1_BAK1,-0.001405620016157627,-0.002605221699923277,0.0011996016837656498,2,norman,1000,combined - random
KLF1_CLDN6,0.5165601074695587,0.41393837332725525,0.10262173414230347,2,norman,1000,combined - random
KLF1_COL2A1,0.23434830456972122,0.24656375497579575,-0.012215450406074524,2,norman,1000,combined - random
KLF1_TGFBR2,0.2285168394446373,0.2522525191307068,-0.02373567968606949,2,norman,1000,combined - random
LHX1,0.7994481027126312,0.5811978280544281,0.21825027465820312,2,norman,1000,combined - random
LHX1_ELMSAN1,0.3697716295719147,0.3203079402446747,0.04946368932723999,2,norman,1000,combined - random
LYL1_IER5L,0.8331815600395203,0.6039241701364517,0.22925738990306854,2,norman,1000,combined - random
MAP2K3_IKZF3,0.5485371649265289,0.4663170874118805,0.08222007751464844,2,norman,1000,combined - random
MAP2K3_MAP2K6,-0.48207424581050873,-0.3646209239959717,-0.11745332181453705,2,norman,1000,combined - random
MAP2K6,-0.4678894728422165,-0.46583645045757294,-0.0020530223846435547,2,norman,1000,combined - random
MAP7D1,-0.13680212199687958,-0.07100303843617439,-0.06579908356070518,2,norman,1000,combined - random
MAPK1_IKZF3,0.7547541558742523,0.6853330135345459,0.06942114233970642,2,norman,1000,combined - random
MAPK1_PRTG,0.44282758235931396,0.43987317383289337,0.0029544085264205933,2,norman,1000,combined - random
OSR2,0.3295619785785675,0.2556738629937172,0.07388811558485031,2,norman,1000,combined - random
PTPN1,0.7305383384227753,0.6724796295166016,0.058058708906173706,2,norman,1000,combined - random
PTPN12_SNAI1,0.6218231618404388,0.603692889213562,0.01813027262687683,2,norman,1000,combined - random
SAMD1_PTPN12,0.7437966167926788,0.7326675653457642,0.011129051446914673,2,norman,1000,combined - random
SET,0.4972439557313919,0.35215288400650024,0.14509107172489166,2,norman,1000,combined - random
SET_KLF1,0.3999868482351303,0.39882853627204895,0.0011583119630813599,2,norman,1000,combined - random
SGK1_TBX3,0.5593419671058655,0.5315425395965576,0.02779942750930786,2,norman,1000,combined - random
SLC4A1,0.40873485803604126,0.28547458350658417,0.12326027452945709,2,norman,1000,combined - random
TGFBR2_PRTG,0.5197649002075195,0.5133646130561829,0.00640028715133667,2,norman,1000,combined - random
TP73,0.6472791135311127,0.6226348280906677,0.024644285440444946,2,norman,1000,combined - random
UBASH3A,0.6381568610668182,0.5848132073879242,0.05334365367889404,2,norman,1000,combined - random
UBASH3B,0.6582599878311157,0.6600216031074524,-0.00176161527633667,2,norman,1000,combined - random
ZBTB25,0.528069943189621,0.5260101556777954,0.0020597875118255615,2,norman,1000,combined - random
AHR_FEV,0.4986054301261902,0.4870540201663971,0.01155140995979309,1,norman,1000,string_ppi - random
ARID1A,0.6143617033958435,0.5903275012969971,0.024034202098846436,1,norman,1000,string_ppi - random
BCL2L11,0.007923359051346779,0.005214221775531769,0.00270913727581501,1,norman,1000,string_ppi - random
BCORL1,0.34629952907562256,0.3487999439239502,-0.0025004148483276367,1,norman,1000,string_ppi - random
C3orf72_FOXL2,0.6584035158157349,0.6258188486099243,0.03258466720581055,1,norman,1000,string_ppi - random
CBL_PTPN12,0.597460925579071,0.5531449913978577,0.04431593418121338,1,norman,1000,string_ppi - random
CBL_TGFBR2,0.6124285459518433,0.5365973711013794,0.07583117485046387,1,norman,1000,string_ppi - random
CDKN1A,0.8308756351470947,0.7574046850204468,0.07347095012664795,1,norman,1000,string_ppi - random
CDKN1B,0.7547889351844788,0.7529065608978271,0.0018823742866516113,1,norman,1000,string_ppi - random
CDKN1C,0.5549854636192322,0.40222853422164917,0.152756929397583,1,norman,1000,string_ppi - random
CDKN1C_CDKN1A,0.5680074691772461,0.5672702789306641,0.0007371902465820312,1,norman,1000,string_ppi - random
CDKN1C_CDKN1B,0.7214174270629883,0.38321542739868164,0.33820199966430664,1,norman,1000,string_ppi - random
CEBPB_PTPN12,0.5449860095977783,0.5441420078277588,0.0008440017700195312,1,norman,1000,string_ppi - random
CSRNP1,-0.41156089305877686,-0.3087742328643799,-0.10278666019439697,1,norman,1000,string_ppi - random
DUSP9_PRTG,0.6068878173828125,0.573194146156311,0.033693671226501465,1,norman,1000,string_ppi - random
FOSB,0.41670453548431396,0.356830894947052,0.05987364053726196,1,norman,1000,string_ppi - random
FOXA3,0.705389142036438,0.6792908906936646,0.026098251342773438,1,norman,1000,string_ppi - random
FOXA3_FOXF1,0.6932859420776367,0.32904958724975586,0.36423635482788086,1,norman,1000,string_ppi - random
FOXA3_FOXL2,0.5916575193405151,0.23095577955245972,0.3607017397880554,1,norman,1000,string_ppi - random
HES7,0.9200261831283569,0.9310402274131775,-0.011014044284820557,1,norman,1000,string_ppi - random
HOXB9,0.766356348991394,0.7481582760810852,0.018198072910308838,1,norman,1000,string_ppi - random
IGDCC3_MAPK1,0.4050374925136566,0.28349101543426514,0.12154647707939148,1,norman,1000,string_ppi - random
IRF1_SET,0.33819645643234253,0.31676217913627625,0.021434277296066284,1,norman,1000,string_ppi - random
ISL2,0.4243261218070984,0.40455272793769836,0.019773393869400024,1,norman,1000,string_ppi - random
KLF1_BAK1,-0.004325904883444309,-0.007960508577525616,0.0036346036940813065,1,norman,1000,string_ppi - random
KLF1_CLDN6,0.5171407461166382,0.4639762341976166,0.053164511919021606,1,norman,1000,string_ppi - random
KLF1_COL2A1,0.23463447391986847,0.24434907734394073,-0.009714603424072266,1,norman,1000,string_ppi - random
KLF1_TGFBR2,0.22928296029567719,0.24948391318321228,-0.020200952887535095,1,norman,1000,string_ppi - random
LHX1,0.8879740238189697,0.645276665687561,0.2426973581314087,1,norman,1000,string_ppi - random
LHX1_ELMSAN1,0.36944419145584106,0.2708820104598999,0.09856218099594116,1,norman,1000,string_ppi - random
LYL1_IER5L,0.8328026533126831,0.3990534245967865,0.4337492287158966,1,norman,1000,string_ppi - random
MAP2K3_IKZF3,0.54705810546875,0.5490740537643433,-0.0020159482955932617,1,norman,1000,string_ppi - random
MAP2K3_MAP2K6,-0.48026567697525024,-0.3591430187225342,-0.12112265825271606,1,norman,1000,string_ppi - random
MAP2K6,-0.4684818685054779,-0.47044387459754944,0.001962006092071533,1,norman,1000,string_ppi - random
MAP7D1,-0.13782243430614471,-0.0458407998085022,-0.09198163449764252,1,norman,1000,string_ppi - random
MAPK1_IKZF3,0.7544923424720764,0.7516567707061768,0.002835571765899658,1,norman,1000,string_ppi - random
MAPK1_PRTG,0.4431666433811188,0.4373529255390167,0.005813717842102051,1,norman,1000,string_ppi - random
OSR2,0.32816535234451294,0.3294658362865448,-0.0013004839420318604,1,norman,1000,string_ppi - random
PTPN1,0.7301136255264282,0.643549919128418,0.08656370639801025,1,norman,1000,string_ppi - random
PTPN12_SNAI1,0.6228184700012207,0.5884263515472412,0.03439211845397949,1,norman,1000,string_ppi - random
SAMD1_PTPN12,0.7439165115356445,0.741506040096283,0.0024104714393615723,1,norman,1000,string_ppi - random
SET,0.23389656841754913,0.33680152893066406,-0.10290496051311493,1,norman,1000,string_ppi - random
SET_KLF1,0.4014999270439148,0.3943236172199249,0.007176309823989868,1,norman,1000,string_ppi - random
SGK1_TBX3,0.5603030920028687,0.5442540645599365,0.01604902744293213,1,norman,1000,string_ppi - random
SLC4A1,0.37904736399650574,0.3212931156158447,0.05775424838066101,1,norman,1000,string_ppi - random
TGFBR2_PRTG,0.5208819508552551,0.5208127498626709,6.920099258422852e-05,1,norman,1000,string_ppi - random
TP73,0.648408055305481,0.6311209201812744,0.017287135124206543,1,norman,1000,string_ppi - random
UBASH3A,0.641833484172821,0.5387958288192749,0.10303765535354614,1,norman,1000,string_ppi - random
UBASH3B,0.6582642793655396,0.6574714183807373,0.0007928609848022461,1,norman,1000,string_ppi - random
ZBTB25,0.5263405442237854,0.5256272554397583,0.0007132887840270996,1,norman,1000,string_ppi - random
AHR_FEV,0.4989720582962036,0.4964633733034134,0.002508684992790222,2,norman,1000,gene_ontology - random
ARID1A,0.6137786209583282,0.45900242030620575,0.1547762006521225,2,norman,1000,gene_ontology - random
BCL2L11,0.00834265723824501,0.01452664379030466,-0.00618398655205965,2,norman,1000,gene_ontology - random
BCORL1,0.34626539051532745,0.34752248227596283,-0.001257091760635376,2,norman,1000,gene_ontology - random
C3orf72_FOXL2,0.6590099334716797,0.64090895652771,0.018100976943969727,2,norman,1000,gene_ontology - random
CBL_PTPN12,0.5976575016975403,0.5139039307832718,0.0837535709142685,2,norman,1000,gene_ontology - random
CBL_TGFBR2,0.6125900745391846,0.5694872736930847,0.043102800846099854,2,norman,1000,gene_ontology - random
CDKN1A,0.8286063373088837,0.8086521625518799,0.019954174757003784,2,norman,1000,gene_ontology - random
CDKN1B,0.7555717825889587,0.7345346808433533,0.02103710174560547,2,norman,1000,gene_ontology - random
CDKN1C,0.7317489981651306,0.49034225940704346,0.24140673875808716,2,norman,1000,gene_ontology - random
CDKN1C_CDKN1A,0.5681235194206238,0.4205760359764099,0.14754748344421387,2,norman,1000,gene_ontology - random
CDKN1C_CDKN1B,0.7202710509300232,0.5349994003772736,0.18527165055274963,2,norman,1000,gene_ontology - random
CEBPB_PTPN12,0.5444574952125549,0.5386335551738739,0.00582394003868103,2,norman,1000,gene_ontology - random
CSRNP1,-0.4118672311306,-0.3356514275074005,-0.07621580362319946,2,norman,1000,gene_ontology - random
DUSP9_PRTG,0.6060765087604523,0.5870135128498077,0.01906299591064453,2,norman,1000,gene_ontology - random
FOSB,0.4165927320718765,0.38497814536094666,0.03161458671092987,2,norman,1000,gene_ontology - random
FOXA3,0.706277072429657,0.6934573948383331,0.012819677591323853,2,norman,1000,gene_ontology - random
FOXA3_FOXF1,0.6929222643375397,0.5080724954605103,0.18484976887702942,2,norman,1000,gene_ontology - random
FOXA3_FOXL2,0.5913733839988708,0.3923751413822174,0.19899824261665344,2,norman,1000,gene_ontology - random
HES7,0.8295289874076843,0.8836308717727661,-0.05410188436508179,2,norman,1000,gene_ontology - random
HOXB9,0.7665570676326752,0.5758536756038666,0.1907033920288086,2,norman,1000,gene_ontology - random
IGDCC3_MAPK1,0.4042922556400299,0.32002222537994385,0.08427003026008606,2,norman,1000,gene_ontology - random
IRF1_SET,0.338742658495903,0.32483039796352386,0.01391226053237915,2,norman,1000,gene_ontology - random
ISL2,0.4248051643371582,0.39213351905345917,0.032671645283699036,2,norman,1000,gene_ontology - random
KLF1_BAK1,-0.005359481554478407,-0.002605221699923277,-0.00275425985455513,2,norman,1000,gene_ontology - random
KLF1_CLDN6,0.517236053943634,0.41393837332725525,0.10329768061637878,2,norman,1000,gene_ontology - random
KLF1_COL2A1,0.23441089689731598,0.24656375497579575,-0.012152858078479767,2,norman,1000,gene_ontology - random
KLF1_TGFBR2,0.22902202606201172,0.2522525191307068,-0.02323049306869507,2,norman,1000,gene_ontology - random
LHX1,0.8150968253612518,0.5811978280544281,0.23389899730682373,2,norman,1000,gene_ontology - random
LHX1_ELMSAN1,0.3694674074649811,0.3203079402446747,0.049159467220306396,2,norman,1000,gene_ontology - random
LYL1_IER5L,0.833803653717041,0.6039241701364517,0.2298794835805893,2,norman,1000,gene_ontology - random
MAP2K3_IKZF3,0.5485645830631256,0.4663170874118805,0.08224749565124512,2,norman,1000,gene_ontology - random
MAP2K3_MAP2K6,-0.4800647348165512,-0.3646209239959717,-0.11544381082057953,2,norman,1000,gene_ontology - random
MAP2K6,-0.46827922761440277,-0.46583645045757294,-0.002442777156829834,2,norman,1000,gene_ontology - random
MAP7D1,-0.13864170014858246,-0.07100303843617439,-0.06763866171240807,2,norman,1000,gene_ontology - random
MAPK1_IKZF3,0.7553334832191467,0.6853330135345459,0.07000046968460083,2,norman,1000,gene_ontology - random
MAPK1_PRTG,0.4415408819913864,0.43987317383289337,0.001667708158493042,2,norman,1000,gene_ontology - random
OSR2,0.3277072310447693,0.2556738629937172,0.0720333680510521,2,norman,1000,gene_ontology - random
PTPN1,0.7308141589164734,0.6724796295166016,0.058334529399871826,2,norman,1000,gene_ontology - random
PTPN12_SNAI1,0.6219292879104614,0.603692889213562,0.018236398696899414,2,norman,1000,gene_ontology - random
SAMD1_PTPN12,0.7445213198661804,0.7326675653457642,0.01185375452041626,2,norman,1000,gene_ontology - random
SET,0.5128563046455383,0.35215288400650024,0.16070342063903809,2,norman,1000,gene_ontology - random
SET_KLF1,0.4008511006832123,0.39882853627204895,0.00202256441116333,2,norman,1000,gene_ontology - random
SGK1_TBX3,0.5603080987930298,0.5315425395965576,0.028765559196472168,2,norman,1000,gene_ontology - random
SLC4A1,0.3670448958873749,0.28547458350658417,0.08157031238079071,2,norman,1000,gene_ontology - random
TGFBR2_PRTG,0.5200939178466797,0.5133646130561829,0.006729304790496826,2,norman,1000,gene_ontology - random
TP73,0.6483691334724426,0.6226348280906677,0.025734305381774902,2,norman,1000,gene_ontology - random
UBASH3A,0.6410011351108551,0.5848132073879242,0.05618792772293091,2,norman,1000,gene_ontology - random
UBASH3B,0.6590263247489929,0.6600216031074524,-0.0009952783584594727,2,norman,1000,gene_ontology - random
ZBTB25,0.5269741415977478,0.5260101556777954,0.0009639859199523926,2,norman,1000,gene_ontology - random
ANAPC15,0.29569334785143536,0.30201686422030133,-0.006323516368865967,3,replogle_k562,200,combined - no_graph
ASF1B,-0.1183711513876915,-0.12187353521585464,0.003502383828163147,3,replogle_k562,200,combined - no_graph
BUB1,0.5927223364512125,0.600280781586965,-0.00755844513575236,3,replogle_k562,200,combined - no_graph
C9orf16,-0.24408534169197083,-0.24666105210781097,0.002575710415840149,3,replogle_k562,200,combined - no_graph
CADM4,-0.15546840926011404,-0.16986086467901865,0.014392455418904623,3,replogle_k562,200,combined - no_graph
CDAN1,0.5082288583119711,0.5132995049158732,-0.005070646603902181,3,replogle_k562,200,combined - no_graph
CHORDC1,0.12049521754185359,0.09738500664631526,0.02311021089553833,3,replogle_k562,200,combined - no_graph
CIAO1,0.2550248404343923,0.2553515632947286,-0.0003267228603363037,3,replogle_k562,200,combined - no_graph
EIF1AX,0.5883577863375345,0.5903593103090922,-0.002001523971557617,3,replogle_k562,200,combined - no_graph
EIF3E,0.41207267840703327,0.39716463287671405,0.014908045530319214,3,replogle_k562,200,combined - no_graph
EIF3M,0.5064993500709534,0.503527839978536,0.002971510092417399,3,replogle_k562,200,combined - no_graph
HNRNPH1,0.35220789909362793,0.360519011815389,-0.008311112721761068,3,replogle_k562,200,combined - no_graph
KIF11,0.40093375245730084,0.40026530623435974,0.0006684462229410807,3,replogle_k562,200,combined - no_graph
KLC2,-0.16504613061745962,-0.18015683690706888,0.015110706289609274,3,replogle_k562,200,combined - no_graph
LENG8,0.22345765928427377,0.22864912947018942,-0.005191470185915629,3,replogle_k562,200,combined - no_graph
LIN54,0.2211900254090627,0.22273232539494833,-0.0015422999858856201,3,replogle_k562,200,combined - no_graph
MED1,0.5909210046132406,0.5927760203679403,-0.001855015754699707,3,replogle_k562,200,combined - no_graph
MED10,0.47388458251953125,0.4772373636563619,-0.003352781136830648,3,replogle_k562,200,combined - no_graph
MED9,0.6343952020009359,0.6335402727127075,0.0008549292882283529,3,replogle_k562,200,combined - no_graph
MRPL2,0.26149798432985943,0.2897339661916097,-0.028235981861750286,3,replogle_k562,200,combined - no_graph
MRPS14,0.22638737161954245,0.22447475294272104,0.0019126186768213909,3,replogle_k562,200,combined - no_graph
MYO1H,-0.010666605085134506,-0.013815289363265038,0.0031486842781305313,3,replogle_k562,200,combined - no_graph
N6AMT1,-0.08975174278020859,-0.10785116255283356,0.01809941977262497,3,replogle_k562,200,combined - no_graph
NAA38,0.6590176820755005,0.6535700758298238,0.005447606245676677,3,replogle_k562,200,combined - no_graph
NAF1,0.03729958087205887,0.04214679077267647,-0.0048472099006175995,3,replogle_k562,200,combined - no_graph
NUP98,0.7688249548276266,0.7706826329231262,-0.0018576780954996746,3,replogle_k562,200,combined - no_graph
OIP5,-0.22961726288000742,-0.2080266922712326,-0.021590570608774822,3,replogle_k562,200,combined - no_graph
OR7A17,-0.250017782052358,-0.25836923718452454,0.008351455132166544,3,replogle_k562,200,combined - no_graph
POP7,0.008349694311618805,0.020215726767977078,-0.011866032456358274,3,replogle_k562,200,combined - no_graph
PPP4C,0.2594346801439921,0.26665793855985004,-0.007223258415857951,3,replogle_k562,200,combined - no_graph
PSMC4,0.5972414016723633,0.5808784365653992,0.01636296510696411,3,replogle_k562,200,combined - no_graph
PSTK,0.1650457282861074,0.15222002069155374,0.012825707594553629,3,replogle_k562,200,combined - no_graph
RAB18,0.399006724357605,0.40262887875239056,-0.003622154394785563,3,replogle_k562,200,combined - no_graph
RIOK2,0.4868018925189972,0.4883668025334676,-0.0015649100144704182,3,replogle_k562,200,combined - no_graph
RNF8,0.4854433437188466,0.485323429107666,0.00011991461118062337,3,replogle_k562,200,combined - no_graph
RPL10A,0.7254314025243124,0.6993540128072103,0.02607738971710205,3,replogle_k562,200,combined - no_graph
RPL13,0.7009275952974955,0.6744430859883627,0.026484509309132893,3,replogle_k562,200,combined - no_graph
RPL3,0.513216515382131,0.5085756778717041,0.004640837510426839,3,replogle_k562,200,combined - no_graph
RPL5,0.75527556737264,0.7296984593073527,0.025577108065287273,3,replogle_k562,200,combined - no_graph
RPS20,0.5987635652224222,0.5808998545010885,0.01786371072133382,3,replogle_k562,200,combined - no_graph
RRM2,0.6053688128789266,0.5397714376449585,0.0655973752339681,3,replogle_k562,200,combined - no_graph
SLC35B1,-0.05886014302571615,-0.061714774618546166,0.0028546315928300223,3,replogle_k562,200,combined - no_graph
SMG5,0.3359386622905731,0.3292612632115682,0.006677399079004924,3,replogle_k562,200,combined - no_graph
TICRR,0.5495845874150594,0.5526957313219706,-0.0031111439069112143,3,replogle_k562,200,combined - no_graph
TIMM9,0.3458738724390666,0.3464108208815257,-0.0005369484424591064,3,replogle_k562,200,combined - no_graph
TRA2B,0.1709939589103063,0.1746052453915278,-0.003611286481221517,3,replogle_k562,200,combined - no_graph
TUBGCP2,0.3894091645876567,0.38792625069618225,0.001482913891474406,3,replogle_k562,200,combined - no_graph
UBL5,0.6977326075236002,0.6979359785715739,-0.0002033710479736328,3,replogle_k562,200,combined - no_graph
WTAP,0.08348069588343303,0.09192815919717152,-0.008447463313738504,3,replogle_k562,200,combined - no_graph
ZNF687,0.01344529539346695,0.002419902632633845,0.011025392760833105,3,replogle_k562,200,combined - no_graph
ANAPC15,0.2968732714653015,0.30201686422030133,-0.005143592754999797,3,replogle_k562,200,string_ppi - no_graph
ASF1B,-0.11929670472939809,-0.12187353521585464,0.002576830486456553,3,replogle_k562,200,string_ppi - no_graph
BUB1,0.5931096275647482,0.600280781586965,-0.007171154022216797,3,replogle_k562,200,string_ppi - no_graph
C9orf16,-0.24427750209967294,-0.24666105210781097,0.002383550008138021,3,replogle_k562,200,string_ppi - no_graph
CADM4,-0.15643166502316794,-0.16986086467901865,0.013429199655850729,3,replogle_k562,200,string_ppi - no_graph
CDAN1,0.5084898670514425,0.5132995049158732,-0.004809637864430745,3,replogle_k562,200,string_ppi - no_graph
CHORDC1,0.12079553802808125,0.09738500664631526,0.023410531381766003,3,replogle_k562,200,string_ppi - no_graph
CIAO1,0.25442764163017273,0.2553515632947286,-0.0009239216645558675,3,replogle_k562,200,string_ppi - no_graph
EIF1AX,0.5874243974685669,0.5903593103090922,-0.002934912840525309,3,replogle_k562,200,string_ppi - no_graph
EIF3E,0.41240846117337543,0.39716463287671405,0.015243828296661377,3,replogle_k562,200,string_ppi - no_graph
EIF3M,0.5038540363311768,0.503527839978536,0.0003261963526407878,3,replogle_k562,200,string_ppi - no_graph
HNRNPH1,0.3537628948688507,0.360519011815389,-0.006756116946538289,3,replogle_k562,200,string_ppi - no_graph
KIF11,0.4012427031993866,0.40026530623435974,0.0009773969650268555,3,replogle_k562,200,string_ppi - no_graph
KLC2,-0.16474093000094095,-0.18015683690706888,0.01541590690612793,3,replogle_k562,200,string_ppi - no_graph
LENG8,0.22374908129374185,0.22864912947018942,-0.004900048176447551,3,replogle_k562,200,string_ppi - no_graph
LIN54,0.22237873077392578,0.22273232539494833,-0.0003535946210225423,3,replogle_k562,200,string_ppi - no_graph
MED1,0.5911428332328796,0.5927760203679403,-0.0016331871350606282,3,replogle_k562,200,string_ppi - no_graph
MED10,0.47404105464617413,0.4772373636563619,-0.0031963090101877847,3,replogle_k562,200,string_ppi - no_graph
MED9,0.6358317534128824,0.6335402727127075,0.0022914807001749673,3,replogle_k562,200,string_ppi - no_graph
MRPL2,0.2607440948486328,0.2897339661916097,-0.028989871342976887,3,replogle_k562,200,string_ppi - no_graph
MRPS14,0.2261039266983668,0.22447475294272104,0.001629173755645752,3,replogle_k562,200,string_ppi - no_graph
MYO1H,-0.011491398637493452,-0.013815289363265038,0.002323890725771586,3,replogle_k562,200,string_ppi - no_graph
N6AMT1,-0.08985411872466405,-0.10785116255283356,0.017997043828169506,3,replogle_k562,200,string_ppi - no_graph
NAA38,0.658632496992747,0.6535700758298238,0.005062421162923177,3,replogle_k562,200,string_ppi - no_graph
NAF1,0.03910368929306666,0.04214679077267647,-0.0030431014796098075,3,replogle_k562,200,string_ppi - no_graph
NUP98,0.7692004044850668,0.7706826329231262,-0.001482228438059489,3,replogle_k562,200,string_ppi - no_graph
OIP5,-0.22961698472499847,-0.2080266922712326,-0.02159029245376587,3,replogle_k562,200,string_ppi - no_graph
OR7A17,-0.25127023458480835,-0.25836923718452454,0.0070990025997161865,3,replogle_k562,200,string_ppi - no_graph
POP7,0.009488380203644434,0.020215726767977078,-0.010727346564332644,3,replogle_k562,200,string_ppi - no_graph
PPP4C,0.25675912698109943,0.26665793855985004,-0.00989881157875061,3,replogle_k562,200,string_ppi - no_graph
PSMC4,0.5982870062192281,0.5808784365653992,0.017408569653828938,3,replogle_k562,200,string_ppi - no_graph
PSTK,0.1639709621667862,0.15222002069155374,0.011750941475232443,3,replogle_k562,200,string_ppi - no_graph
RAB18,0.40089020133018494,0.40262887875239056,-0.0017386774222056072,3,replogle_k562,200,string_ppi - no_graph
RIOK2,0.48918675382932025,0.4883668025334676,0.0008199512958526611,3,replogle_k562,200,string_ppi - no_graph
RNF8,0.4834161202112834,0.485323429107666,-0.0019073088963826497,3,replogle_k562,200,string_ppi - no_graph
RPL10A,0.7264813383420309,0.6993540128072103,0.027127325534820557,3,replogle_k562,200,string_ppi - no_graph
RPL13,0.7011089126269022,0.6744430859883627,0.02666582663853963,3,replogle_k562,200,string_ppi - no_graph
RPL3,0.5124266942342123,0.5085756778717041,0.003851016362508138,3,replogle_k562,200,string_ppi - no_graph
RPL5,0.7561677893002828,0.7296984593073527,0.026469329992930096,3,replogle_k562,200,string_ppi - no_graph
RPS20,0.6000183820724487,0.5808998545010885,0.01911852757136027,3,replogle_k562,200,string_ppi - no_graph
RRM2,0.5873424609502157,0.5397714376449585,0.047571023305257164,3,replogle_k562,200,string_ppi - no_graph
SLC35B1,-0.05816618477304777,-0.061714774618546166,0.003548589845498403,3,replogle_k562,200,string_ppi - no_graph
SMG5,0.33492674430211383,0.3292612632115682,0.005665481090545654,3,replogle_k562,200,string_ppi - no_graph
TICRR,0.5491198301315308,0.5526957313219706,-0.00357590119043986,3,replogle_k562,200,string_ppi - no_graph
TIMM9,0.3462962905565898,0.3464108208815257,-0.00011453032493591309,3,replogle_k562,200,string_ppi - no_graph
TRA2B,0.17088471353054047,0.1746052453915278,-0.0037205318609873452,3,replogle_k562,200,string_ppi - no_graph
TUBGCP2,0.38849008083343506,0.38792625069618225,0.0005638301372528076,3,replogle_k562,200,string_ppi - no_graph
UBL5,0.6982516249020895,0.6979359785715739,0.00031564633051554364,3,replogle_k562,200,string_ppi - no_graph
WTAP,0.08276136467854182,0.09192815919717152,-0.00916679451862971,3,replogle_k562,200,string_ppi - no_graph
ZNF687,0.012168773139516512,0.002419902632633845,0.009748870506882668,3,replogle_k562,200,string_ppi - no_graph
ANAPC15,0.29836584130922955,0.30201686422030133,-0.0036510229110717773,3,replogle_k562,200,gene_ontology - no_graph
ASF1B,-0.1184039240082105,-0.12187353521585464,0.0034696112076441445,3,replogle_k562,200,gene_ontology - no_graph
BUB1,0.5943599939346313,0.600280781586965,-0.005920787652333577,3,replogle_k562,200,gene_ontology - no_graph
C9orf16,-0.24369879066944122,-0.24666105210781097,0.002962261438369751,3,replogle_k562,200,gene_ontology - no_graph
CADM4,-0.15546806653340658,-0.16986086467901865,0.014392798145612081,3,replogle_k562,200,gene_ontology - no_graph
CDAN1,0.5095993280410767,0.5132995049158732,-0.0037001768747965493,3,replogle_k562,200,gene_ontology - no_graph
CHORDC1,0.11814165115356445,0.09738500664631526,0.020756644507249195,3,replogle_k562,200,gene_ontology - no_graph
CIAO1,0.2551986177762349,0.2553515632947286,-0.00015294551849365234,3,replogle_k562,200,gene_ontology - no_graph
EIF1AX,0.5884813467661539,0.5903593103090922,-0.0018779635429382324,3,replogle_k562,200,gene_ontology - no_graph
EIF3E,0.41177905599276227,0.39716463287671405,0.014614423116048178,3,replogle_k562,200,gene_ontology - no_graph
EIF3M,0.5063857436180115,0.503527839978536,0.0028579036394755044,3,replogle_k562,200,gene_ontology - no_graph
HNRNPH1,0.3543174664179484,0.360519011815389,-0.006201545397440593,3,replogle_k562,200,gene_ontology - no_graph
KIF11,0.40199585755666095,0.40026530623435974,0.0017305513223012288,3,replogle_k562,200,gene_ontology - no_graph
KLC2,-0.1672264983256658,-0.18015683690706888,0.012930338581403097,3,replogle_k562,200,gene_ontology - no_graph
LENG8,0.2222436120112737,0.22864912947018942,-0.0064055174589157104,3,replogle_k562,200,gene_ontology - no_graph
LIN54,0.220480148990949,0.22273232539494833,-0.0022521764039993286,3,replogle_k562,200,gene_ontology - no_graph
MED1,0.5931415955225626,0.5927760203679403,0.0003655751546223958,3,replogle_k562,200,gene_ontology - no_graph
MED10,0.47485262155532837,0.4772373636563619,-0.002384742101033529,3,replogle_k562,200,gene_ontology - no_graph
MED9,0.6362354954083761,0.6335402727127075,0.0026952226956685386,3,replogle_k562,200,gene_ontology - no_graph
MRPL2,0.2622126042842865,0.2897339661916097,-0.0275213619073232,3,replogle_k562,200,gene_ontology - no_graph
MRPS14,0.2258180777231852,0.22447475294272104,0.0013433247804641724,3,replogle_k562,200,gene_ontology - no_graph
MYO1H,-0.010530240212877592,-0.013815289363265038,0.003285049150387446,3,replogle_k562,200,gene_ontology - no_graph
N6AMT1,-0.09002479414145152,-0.10785116255283356,0.017826368411382038,3,replogle_k562,200,gene_ontology - no_graph
NAA38,0.6588668823242188,0.6535700758298238,0.0052968064943949384,3,replogle_k562,200,gene_ontology - no_graph
NAF1,0.04013309876124064,0.04214679077267647,-0.0020136920114358268,3,replogle_k562,200,gene_ontology - no_graph
NUP98,0.7715728084246317,0.7706826329231262,0.0008901755015055338,3,replogle_k562,200,gene_ontology - no_graph
OIP5,-0.2275307426850001,-0.2080266922712326,-0.019504050413767498,3,replogle_k562,200,gene_ontology - no_graph
OR7A17,-0.2517782847086589,-0.25836923718452454,0.006590952475865682,3,replogle_k562,200,gene_ontology - no_graph
POP7,0.008765664572517077,0.020215726767977078,-0.011450062195460001,3,replogle_k562,200,gene_ontology - no_graph
PPP4C,0.2547634541988373,0.26665793855985004,-0.011894484361012777,3,replogle_k562,200,gene_ontology - no_graph
PSMC4,0.5961809158325195,0.5808784365653992,0.015302479267120361,3,replogle_k562,200,gene_ontology - no_graph
PSTK,0.1644352525472641,0.15222002069155374,0.012215231855710348,3,replogle_k562,200,gene_ontology - no_graph
RAB18,0.4032260278860728,0.40262887875239056,0.000597149133682251,3,replogle_k562,200,gene_ontology - no_graph
RIOK2,0.48963266611099243,0.4883668025334676,0.001265863577524821,3,replogle_k562,200,gene_ontology - no_graph
RNF8,0.48433337608973187,0.485323429107666,-0.0009900530179341633,3,replogle_k562,200,gene_ontology - no_graph
RPL10A,0.7257389426231384,0.6993540128072103,0.026384929815928142,3,replogle_k562,200,gene_ontology - no_graph
RPL13,0.7007938226064047,0.6744430859883627,0.026350736618041992,3,replogle_k562,200,gene_ontology - no_graph
RPL3,0.5132043162981669,0.5085756778717041,0.0046286384264628095,3,replogle_k562,200,gene_ontology - no_graph
RPL5,0.7543071309725443,0.7296984593073527,0.02460867166519165,3,replogle_k562,200,gene_ontology - no_graph
RPS20,0.5983464320500692,0.5808998545010885,0.017446577548980713,3,replogle_k562,200,gene_ontology - no_graph
RRM2,0.5729590455691019,0.5397714376449585,0.03318760792414347,3,replogle_k562,200,gene_ontology - no_graph
SLC35B1,-0.058982000996669136,-0.061714774618546166,0.0027327736218770346,3,replogle_k562,200,gene_ontology - no_graph
SMG5,0.33421702186266583,0.3292612632115682,0.004955758651097615,3,replogle_k562,200,gene_ontology - no_graph
TICRR,0.5488774379094442,0.5526957313219706,-0.0038182934125264487,3,replogle_k562,200,gene_ontology - no_graph
TIMM9,0.34642969568570453,0.3464108208815257,1.88748041788737e-05,3,replogle_k562,200,gene_ontology - no_graph
TRA2B,0.17138241728146872,0.1746052453915278,-0.0032228281100591025,3,replogle_k562,200,gene_ontology - no_graph
TUBGCP2,0.3885747492313385,0.38792625069618225,0.00064849853515625,3,replogle_k562,200,gene_ontology - no_graph
UBL5,0.6983744303385416,0.6979359785715739,0.00043845176696777344,3,replogle_k562,200,gene_ontology - no_graph
WTAP,0.08443176498015721,0.09192815919717152,-0.007496394217014313,3,replogle_k562,200,gene_ontology - no_graph
ZNF687,0.012829062218467394,0.002419902632633845,0.01040915958583355,3,replogle_k562,200,gene_ontology - no_graph
ANAPC15,0.29508109887441,0.30201686422030133,-0.0069357653458913164,3,replogle_k562,200,random - no_graph
ASF1B,-0.11976566165685654,-0.12187353521585464,0.002107873558998108,3,replogle_k562,200,random - no_graph
BUB1,0.5989933411280314,0.600280781586965,-0.0012874404589335124,3,replogle_k562,200,random - no_graph
C9orf16,-0.2451950560013453,-0.24666105210781097,0.0014659961064656575,3,replogle_k562,200,random - no_graph
CADM4,-0.15381615360577902,-0.16986086467901865,0.016044711073239643,3,replogle_k562,200,random - no_graph
CDAN1,0.5098254879315695,0.5132995049158732,-0.0034740169843037925,3,replogle_k562,200,random - no_graph
CHORDC1,0.12145779530207317,0.09738500664631526,0.024072788655757904,3,replogle_k562,200,random - no_graph
CIAO1,0.25509809454282123,0.2553515632947286,-0.00025346875190734863,3,replogle_k562,200,random - no_graph
EIF1AX,0.5872238278388977,0.5903593103090922,-0.0031354824701944986,3,replogle_k562,200,random - no_graph
EIF3E,0.4055582483609517,0.39716463287671405,0.008393615484237671,3,replogle_k562,200,random - no_graph
EIF3M,0.49484044313430786,0.503527839978536,-0.00868739684422811,3,replogle_k562,200,random - no_graph
HNRNPH1,0.36113131046295166,0.360519011815389,0.0006122986475626627,3,replogle_k562,200,random - no_graph
KIF11,0.3932242492834727,0.40026530623435974,-0.007041056950887044,3,replogle_k562,200,random - no_graph
KLC2,-0.16242937743663788,-0.18015683690706888,0.01772745947043101,3,replogle_k562,200,random - no_graph
LENG8,0.22113541762034097,0.22864912947018942,-0.00751371184984843,3,replogle_k562,200,random - no_graph
LIN54,0.22157849868138632,0.22273232539494833,-0.0011538267135620117,3,replogle_k562,200,random - no_graph
MED1,0.590944250424703,0.5927760203679403,-0.0018317699432373047,3,replogle_k562,200,random - no_graph
MED10,0.4820568064848582,0.4772373636563619,0.004819442828496297,3,replogle_k562,200,random - no_graph
MED9,0.637187639872233,0.6335402727127075,0.0036473671595255532,3,replogle_k562,200,random - no_graph
MRPL2,0.2576093375682831,0.2897339661916097,-0.03212462862332662,3,replogle_k562,200,random - no_graph
MRPS14,0.19382245341936746,0.22447475294272104,-0.030652299523353577,3,replogle_k562,200,random - no_graph
MYO1H,-0.01180011344452699,-0.013815289363265038,0.002015175918738047,3,replogle_k562,200,random - no_graph
N6AMT1,-0.08397099375724792,-0.10785116255283356,0.023880168795585632,3,replogle_k562,200,random - no_graph
NAA38,0.6592363516489664,0.6535700758298238,0.005666275819142659,3,replogle_k562,200,random - no_graph
NAF1,0.04065908739964167,0.04214679077267647,-0.001487703373034795,3,replogle_k562,200,random - no_graph
NUP98,0.7685367465019226,0.7706826329231262,-0.0021458864212036133,3,replogle_k562,200,random - no_graph
OIP5,-0.21112372974554697,-0.2080266922712326,-0.0030970374743143716,3,replogle_k562,200,random - no_graph
OR7A17,-0.25172650814056396,-0.25836923718452454,0.006642729043960571,3,replogle_k562,200,random - no_graph
POP7,0.0057187216977278394,0.020215726767977078,-0.014497005070249239,3,replogle_k562,200,random - no_graph
PPP4C,0.2732791105906169,0.26665793855985004,0.006621172030766805,3,replogle_k562,200,random - no_graph
PSMC4,0.5977656443913778,0.5808784365653992,0.016887207825978596,3,replogle_k562,200,random - no_graph
PSTK,0.10635938805838425,0.15222002069155374,-0.045860632633169494,3,replogle_k562,200,random - no_graph
RAB18,0.3965415159861247,0.40262887875239056,-0.006087362766265869,3,replogle_k562,200,random - no_graph
RIOK2,0.48698678612709045,0.4883668025334676,-0.0013800164063771565,3,replogle_k562,200,random - no_graph
RNF8,0.4863567650318146,0.485323429107666,0.0010333359241485596,3,replogle_k562,200,random - no_graph
RPL10A,0.7222186724344889,0.6993540128072103,0.022864659627278645,3,replogle_k562,200,random - no_graph
RPL13,0.7008223732312521,0.6744430859883627,0.026379287242889404,3,replogle_k562,200,random - no_graph
RPL3,0.5084834098815918,0.5085756778717041,-9.226799011230469e-05,3,replogle_k562,200,random - no_graph
RPL5,0.603624145189921,0.7296984593073527,-0.12607431411743164,3,replogle_k562,200,random - no_graph
RPS20,0.584227462609609,0.5808998545010885,0.003327608108520508,3,replogle_k562,200,random - no_graph
RRM2,0.3394847760597865,0.5397714376449585,-0.20028666158517203,3,replogle_k562,200,random - no_graph
SLC35B1,-0.05758908887704214,-0.061714774618546166,0.004125685741504033,3,replogle_k562,200,random - no_graph
SMG5,0.3368484874566396,0.3292612632115682,0.007587224245071411,3,replogle_k562,200,random - no_graph
TICRR,0.5498586893081665,0.5526957313219706,-0.0028370420138041177,3,replogle_k562,200,random - no_graph
TIMM9,0.34850550691286725,0.3464108208815257,0.0020946860313415527,3,replogle_k562,200,random - no_graph
TRA2B,0.1702570766210556,0.1746052453915278,-0.004348168770472209,3,replogle_k562,200,random - no_graph
TUBGCP2,0.3842129309972127,0.38792625069618225,-0.003713319698969523,3,replogle_k562,200,random - no_graph
UBL5,0.6955169439315796,0.6979359785715739,-0.0024190346399943032,3,replogle_k562,200,random - no_graph
WTAP,0.07699004809061687,0.09192815919717152,-0.014938111106554667,3,replogle_k562,200,random - no_graph
ZNF687,0.01486422928671042,0.002419902632633845,0.012444326654076576,3,replogle_k562,200,random - no_graph
ANAPC15,0.29569334785143536,0.29508109887441,0.00061224897702535,3,replogle_k562,200,combined - random
ASF1B,-0.1183711513876915,-0.11976566165685654,0.001394510269165039,3,replogle_k562,200,combined - random
BUB1,0.5927223364512125,0.5989933411280314,-0.006271004676818848,3,replogle_k562,200,combined - random
C9orf16,-0.24408534169197083,-0.2451950560013453,0.0011097143093744914,3,replogle_k562,200,combined - random
CADM4,-0.15546840926011404,-0.15381615360577902,-0.001652255654335022,3,replogle_k562,200,combined - random
CDAN1,0.5082288583119711,0.5098254879315695,-0.0015966296195983887,3,replogle_k562,200,combined - random
CHORDC1,0.12049521754185359,0.12145779530207317,-0.000962577760219574,3,replogle_k562,200,combined - random
CIAO1,0.2550248404343923,0.25509809454282123,-7.325410842895508e-05,3,replogle_k562,200,combined - random
EIF1AX,0.5883577863375345,0.5872238278388977,0.0011339584986368816,3,replogle_k562,200,combined - random
EIF3E,0.41207267840703327,0.4055582483609517,0.006514430046081543,3,replogle_k562,200,combined - random
EIF3M,0.5064993500709534,0.49484044313430786,0.011658906936645508,3,replogle_k562,200,combined - random
HNRNPH1,0.35220789909362793,0.36113131046295166,-0.00892341136932373,3,replogle_k562,200,combined - random
KIF11,0.40093375245730084,0.3932242492834727,0.007709503173828125,3,replogle_k562,200,combined - random
KLC2,-0.16504613061745962,-0.16242937743663788,-0.002616753180821737,3,replogle_k562,200,combined - random
LENG8,0.22345765928427377,0.22113541762034097,0.0023222416639328003,3,replogle_k562,200,combined - random
LIN54,0.2211900254090627,0.22157849868138632,-0.0003884732723236084,3,replogle_k562,200,combined - random
MED1,0.5909210046132406,0.590944250424703,-2.3245811462402344e-05,3,replogle_k562,200,combined - random
MED10,0.47388458251953125,0.4820568064848582,-0.008172223965326944,3,replogle_k562,200,combined - random
MED9,0.6343952020009359,0.637187639872233,-0.0027924378712972007,3,replogle_k562,200,combined - random
MRPL2,0.26149798432985943,0.2576093375682831,0.0038886467615763345,3,replogle_k562,200,combined - random
MRPS14,0.22638737161954245,0.19382245341936746,0.032564918200174965,3,replogle_k562,200,combined - random
MYO1H,-0.010666605085134506,-0.01180011344452699,0.001133508359392484,3,replogle_k562,200,combined - random
N6AMT1,-0.08975174278020859,-0.08397099375724792,-0.005780749022960663,3,replogle_k562,200,combined - random
NAA38,0.6590176820755005,0.6592363516489664,-0.00021866957346598306,3,replogle_k562,200,combined - random
NAF1,0.03729958087205887,0.04065908739964167,-0.0033595065275828042,3,replogle_k562,200,combined - random
NUP98,0.7688249548276266,0.7685367465019226,0.0002882083257039388,3,replogle_k562,200,combined - random
OIP5,-0.22961726288000742,-0.21112372974554697,-0.01849353313446045,3,replogle_k562,200,combined - random
OR7A17,-0.250017782052358,-0.25172650814056396,0.0017087260882059734,3,replogle_k562,200,combined - random
POP7,0.008349694311618805,0.0057187216977278394,0.002630972613890966,3,replogle_k562,200,combined - random
PPP4C,0.2594346801439921,0.2732791105906169,-0.013844430446624756,3,replogle_k562,200,combined - random
PSMC4,0.5972414016723633,0.5977656443913778,-0.0005242427190144857,3,replogle_k562,200,combined - random
PSTK,0.1650457282861074,0.10635938805838425,0.05868634022772312,3,replogle_k562,200,combined - random
RAB18,0.399006724357605,0.3965415159861247,0.002465208371480306,3,replogle_k562,200,combined - random
RIOK2,0.4868018925189972,0.48698678612709045,-0.00018489360809326172,3,replogle_k562,200,combined - random
RNF8,0.4854433437188466,0.4863567650318146,-0.0009134213129679362,3,replogle_k562,200,combined - random
RPL10A,0.7254314025243124,0.7222186724344889,0.003212730089823405,3,replogle_k562,200,combined - random
RPL13,0.7009275952974955,0.7008223732312521,0.00010522206624348958,3,replogle_k562,200,combined - random
RPL3,0.513216515382131,0.5084834098815918,0.004733105500539144,3,replogle_k562,200,combined - random
RPL5,0.75527556737264,0.603624145189921,0.1516514221827189,3,replogle_k562,200,combined - random
RPS20,0.5987635652224222,0.584227462609609,0.014536102612813314,3,replogle_k562,200,combined - random
RRM2,0.6053688128789266,0.3394847760597865,0.26588403681914013,3,replogle_k562,200,combined - random
SLC35B1,-0.05886014302571615,-0.05758908887704214,-0.0012710541486740112,3,replogle_k562,200,combined - random
SMG5,0.3359386622905731,0.3368484874566396,-0.0009098251660664877,3,replogle_k562,200,combined - random
TICRR,0.5495845874150594,0.5498586893081665,-0.00027410189310709637,3,replogle_k562,200,combined - random
TIMM9,0.3458738724390666,0.34850550691286725,-0.002631634473800659,3,replogle_k562,200,combined - random
TRA2B,0.1709939589103063,0.1702570766210556,0.0007368822892506918,3,replogle_k562,200,combined - random
TUBGCP2,0.3894091645876567,0.3842129309972127,0.005196233590443929,3,replogle_k562,200,combined - random
UBL5,0.6977326075236002,0.6955169439315796,0.0022156635920206704,3,replogle_k562,200,combined - random
WTAP,0.08348069588343303,0.07699004809061687,0.006490647792816162,3,replogle_k562,200,combined - random
ZNF687,0.01344529539346695,0.01486422928671042,-0.0014189338932434719,3,replogle_k562,200,combined - random
ANAPC15,0.2968732714653015,0.29508109887441,0.0017921725908915203,3,replogle_k562,200,string_ppi - random
ASF1B,-0.11929670472939809,-0.11976566165685654,0.00046895692745844525,3,replogle_k562,200,string_ppi - random
BUB1,0.5931096275647482,0.5989933411280314,-0.005883713563283284,3,replogle_k562,200,string_ppi - random
C9orf16,-0.24427750209967294,-0.2451950560013453,0.0009175539016723633,3,replogle_k562,200,string_ppi - random
CADM4,-0.15643166502316794,-0.15381615360577902,-0.002615511417388916,3,replogle_k562,200,string_ppi - random
CDAN1,0.5084898670514425,0.5098254879315695,-0.0013356208801269531,3,replogle_k562,200,string_ppi - random
CHORDC1,0.12079553802808125,0.12145779530207317,-0.0006622572739919027,3,replogle_k562,200,string_ppi - random
CIAO1,0.25442764163017273,0.25509809454282123,-0.0006704529126485189,3,replogle_k562,200,string_ppi - random
EIF1AX,0.5874243974685669,0.5872238278388977,0.00020056962966918945,3,replogle_k562,200,string_ppi - random
EIF3E,0.41240846117337543,0.4055582483609517,0.006850212812423706,3,replogle_k562,200,string_ppi - random
EIF3M,0.5038540363311768,0.49484044313430786,0.009013593196868896,3,replogle_k562,200,string_ppi - random
HNRNPH1,0.3537628948688507,0.36113131046295166,-0.007368415594100952,3,replogle_k562,200,string_ppi - random
KIF11,0.4012427031993866,0.3932242492834727,0.0080184539159139,3,replogle_k562,200,string_ppi - random
KLC2,-0.16474093000094095,-0.16242937743663788,-0.00231155256430308,3,replogle_k562,200,string_ppi - random
LENG8,0.22374908129374185,0.22113541762034097,0.002613663673400879,3,replogle_k562,200,string_ppi - random
LIN54,0.22237873077392578,0.22157849868138632,0.0008002320925394694,3,replogle_k562,200,string_ppi - random
MED1,0.5911428332328796,0.590944250424703,0.00019858280817667642,3,replogle_k562,200,string_ppi - random
MED10,0.47404105464617413,0.4820568064848582,-0.008015751838684082,3,replogle_k562,200,string_ppi - random
MED9,0.6358317534128824,0.637187639872233,-0.001355886459350586,3,replogle_k562,200,string_ppi - random
MRPL2,0.2607440948486328,0.2576093375682831,0.0031347572803497314,3,replogle_k562,200,string_ppi - random
MRPS14,0.2261039266983668,0.19382245341936746,0.03228147327899933,3,replogle_k562,200,string_ppi - random
MYO1H,-0.011491398637493452,-0.01180011344452699,0.0003087148070335388,3,replogle_k562,200,string_ppi - random
N6AMT1,-0.08985411872466405,-0.08397099375724792,-0.005883124967416127,3,replogle_k562,200,string_ppi - random
NAA38,0.658632496992747,0.6592363516489664,-0.0006038546562194824,3,replogle_k562,200,string_ppi - random
NAF1,0.03910368929306666,0.04065908739964167,-0.0015553981065750122,3,replogle_k562,200,string_ppi - random
NUP98,0.7692004044850668,0.7685367465019226,0.0006636579831441244,3,replogle_k562,200,string_ppi - random
OIP5,-0.22961698472499847,-0.21112372974554697,-0.018493254979451496,3,replogle_k562,200,string_ppi - random
OR7A17,-0.25127023458480835,-0.25172650814056396,0.00045627355575561523,3,replogle_k562,200,string_ppi - random
POP7,0.009488380203644434,0.0057187216977278394,0.0037696585059165955,3,replogle_k562,200,string_ppi - random
PPP4C,0.25675912698109943,0.2732791105906169,-0.016519983609517414,3,replogle_k562,200,string_ppi - random
PSMC4,0.5982870062192281,0.5977656443913778,0.0005213618278503418,3,replogle_k562,200,string_ppi - random
PSTK,0.1639709621667862,0.10635938805838425,0.05761157410840193,3,replogle_k562,200,string_ppi - random
RAB18,0.40089020133018494,0.3965415159861247,0.004348685344060262,3,replogle_k562,200,string_ppi - random
RIOK2,0.48918675382932025,0.48698678612709045,0.002199967702229818,3,replogle_k562,200,string_ppi - random
RNF8,0.4834161202112834,0.4863567650318146,-0.0029406448205312095,3,replogle_k562,200,string_ppi - random
RPL10A,0.7264813383420309,0.7222186724344889,0.004262665907541911,3,replogle_k562,200,string_ppi - random
RPL13,0.7011089126269022,0.7008223732312521,0.00028653939565022785,3,replogle_k562,200,string_ppi - random
RPL3,0.5124266942342123,0.5084834098815918,0.003943284352620442,3,replogle_k562,200,string_ppi - random
RPL5,0.7561677893002828,0.603624145189921,0.15254364411036173,3,replogle_k562,200,string_ppi - random
RPS20,0.6000183820724487,0.584227462609609,0.015790919462839764,3,replogle_k562,200,string_ppi - random
RRM2,0.5873424609502157,0.3394847760597865,0.24785768489042917,3,replogle_k562,200,string_ppi - random
SLC35B1,-0.05816618477304777,-0.05758908887704214,-0.0005770958960056305,3,replogle_k562,200,string_ppi - random
SMG5,0.33492674430211383,0.3368484874566396,-0.0019217431545257568,3,replogle_k562,200,string_ppi - random
TICRR,0.5491198301315308,0.5498586893081665,-0.0007388591766357422,3,replogle_k562,200,string_ppi - random
TIMM9,0.3462962905565898,0.34850550691286725,-0.002209216356277466,3,replogle_k562,200,string_ppi - random
TRA2B,0.17088471353054047,0.1702570766210556,0.0006276369094848633,3,replogle_k562,200,string_ppi - random
TUBGCP2,0.38849008083343506,0.3842129309972127,0.004277149836222331,3,replogle_k562,200,string_ppi - random
UBL5,0.6982516249020895,0.6955169439315796,0.002734680970509847,3,replogle_k562,200,string_ppi - random
WTAP,0.08276136467854182,0.07699004809061687,0.005771316587924957,3,replogle_k562,200,string_ppi - random
ZNF687,0.012168773139516512,0.01486422928671042,-0.0026954561471939087,3,replogle_k562,200,string_ppi - random
ANAPC15,0.29836584130922955,0.29508109887441,0.0032847424348195395,3,replogle_k562,200,gene_ontology - random
ASF1B,-0.1184039240082105,-0.11976566165685654,0.0013617376486460369,3,replogle_k562,200,gene_ontology - random
BUB1,0.5943599939346313,0.5989933411280314,-0.004633347193400065,3,replogle_k562,200,gene_ontology - random
C9orf16,-0.24369879066944122,-0.2451950560013453,0.0014962653319040935,3,replogle_k562,200,gene_ontology - random
CADM4,-0.15546806653340658,-0.15381615360577902,-0.0016519129276275635,3,replogle_k562,200,gene_ontology - random
CDAN1,0.5095993280410767,0.5098254879315695,-0.00022615989049275717,3,replogle_k562,200,gene_ontology - random
CHORDC1,0.11814165115356445,0.12145779530207317,-0.0033161441485087075,3,replogle_k562,200,gene_ontology - random
CIAO1,0.2551986177762349,0.25509809454282123,0.00010052323341369629,3,replogle_k562,200,gene_ontology - random
EIF1AX,0.5884813467661539,0.5872238278388977,0.0012575189272562663,3,replogle_k562,200,gene_ontology - random
EIF3E,0.41177905599276227,0.4055582483609517,0.006220807631810506,3,replogle_k562,200,gene_ontology - random
EIF3M,0.5063857436180115,0.49484044313430786,0.011545300483703613,3,replogle_k562,200,gene_ontology - random
HNRNPH1,0.3543174664179484,0.36113131046295166,-0.006813844045003255,3,replogle_k562,200,gene_ontology - random
KIF11,0.40199585755666095,0.3932242492834727,0.008771608273188273,3,replogle_k562,200,gene_ontology - random
KLC2,-0.1672264983256658,-0.16242937743663788,-0.004797120889027913,3,replogle_k562,200,gene_ontology - random
LENG8,0.2222436120112737,0.22113541762034097,0.001108194390932719,3,replogle_k562,200,gene_ontology - random
LIN54,0.220480148990949,0.22157849868138632,-0.001098349690437317,3,replogle_k562,200,gene_ontology - random
MED1,0.5931415955225626,0.590944250424703,0.0021973450978597007,3,replogle_k562,200,gene_ontology - random
MED10,0.47485262155532837,0.4820568064848582,-0.007204184929529826,3,replogle_k562,200,gene_ontology - random
MED9,0.6362354954083761,0.637187639872233,-0.000952144463857015,3,replogle_k562,200,gene_ontology - random
MRPL2,0.2622126042842865,0.2576093375682831,0.004603266716003418,3,replogle_k562,200,gene_ontology - random
MRPS14,0.2258180777231852,0.19382245341936746,0.03199562430381775,3,replogle_k562,200,gene_ontology - random
MYO1H,-0.010530240212877592,-0.01180011344452699,0.0012698732316493988,3,replogle_k562,200,gene_ontology - random
N6AMT1,-0.09002479414145152,-0.08397099375724792,-0.006053800384203593,3,replogle_k562,200,gene_ontology - random
NAA38,0.6588668823242188,0.6592363516489664,-0.00036946932474772137,3,replogle_k562,200,gene_ontology - random
NAF1,0.04013309876124064,0.04065908739964167,-0.0005259886384010315,3,replogle_k562,200,gene_ontology - random
NUP98,0.7715728084246317,0.7685367465019226,0.003036061922709147,3,replogle_k562,200,gene_ontology - random
OIP5,-0.2275307426850001,-0.21112372974554697,-0.016407012939453125,3,replogle_k562,200,gene_ontology - random
OR7A17,-0.2517782847086589,-0.25172650814056396,-5.177656809488932e-05,3,replogle_k562,200,gene_ontology - random
POP7,0.008765664572517077,0.0057187216977278394,0.003046942874789238,3,replogle_k562,200,gene_ontology - random
PPP4C,0.2547634541988373,0.2732791105906169,-0.018515656391779583,3,replogle_k562,200,gene_ontology - random
PSMC4,0.5961809158325195,0.5977656443913778,-0.0015847285588582356,3,replogle_k562,200,gene_ontology - random
PSTK,0.1644352525472641,0.10635938805838425,0.05807586448887984,3,replogle_k562,200,gene_ontology - random
RAB18,0.4032260278860728,0.3965415159861247,0.00668451189994812,3,replogle_k562,200,gene_ontology - random
RIOK2,0.48963266611099243,0.48698678612709045,0.0026458799839019775,3,replogle_k562,200,gene_ontology - random
RNF8,0.48433337608973187,0.4863567650318146,-0.002023388942082723,3,replogle_k562,200,gene_ontology - random
RPL10A,0.7257389426231384,0.7222186724344889,0.0035202701886494956,3,replogle_k562,200,gene_ontology - random
RPL13,0.7007938226064047,0.7008223732312521,-2.855062484741211e-05,3,replogle_k562,200,gene_ontology - random
RPL3,0.5132043162981669,0.5084834098815918,0.004720906416575114,3,replogle_k562,200,gene_ontology - random
RPL5,0.7543071309725443,0.603624145189921,0.1506829857826233,3,replogle_k562,200,gene_ontology - random
RPS20,0.5983464320500692,0.584227462609609,0.014118969440460205,3,replogle_k562,200,gene_ontology - random
RRM2,0.5729590455691019,0.3394847760597865,0.2334742695093155,3,replogle_k562,200,gene_ontology - random
SLC35B1,-0.058982000996669136,-0.05758908887704214,-0.001392912119626999,3,replogle_k562,200,gene_ontology - random
SMG5,0.33421702186266583,0.3368484874566396,-0.0026314655939737954,3,replogle_k562,200,gene_ontology - random
TICRR,0.5488774379094442,0.5498586893081665,-0.0009812513987223308,3,replogle_k562,200,gene_ontology - random
TIMM9,0.34642969568570453,0.34850550691286725,-0.002075811227162679,3,replogle_k562,200,gene_ontology - random
TRA2B,0.17138241728146872,0.1702570766210556,0.0011253406604131062,3,replogle_k562,200,gene_ontology - random
TUBGCP2,0.3885747492313385,0.3842129309972127,0.004361818234125773,3,replogle_k562,200,gene_ontology - random
UBL5,0.6983744303385416,0.6955169439315796,0.0028574864069620767,3,replogle_k562,200,gene_ontology - random
WTAP,0.08443176498015721,0.07699004809061687,0.007441716889540355,3,replogle_k562,200,gene_ontology - random
ZNF687,0.012829062218467394,0.01486422928671042,-0.0020351670682430267,3,replogle_k562,200,gene_ontology - random
ANAPC15,0.2023808260758718,0.2068122774362564,-0.0044314513603846235,3,replogle_k562,500,combined - no_graph
ASF1B,-0.07385051747163136,-0.07500484834114711,0.0011543308695157368,3,replogle_k562,500,combined - no_graph
BUB1,0.6591811776161194,0.7465482354164124,-0.08736705780029297,3,replogle_k562,500,combined - no_graph
C9orf16,-0.1459788680076599,-0.15041976670424143,0.004440898696581523,3,replogle_k562,500,combined - no_graph
CADM4,-0.1245071788628896,-0.1306790163119634,0.0061718374490737915,3,replogle_k562,500,combined - no_graph
CDAN1,0.5091443657875061,0.5131207704544067,-0.003976404666900635,3,replogle_k562,500,combined - no_graph
CHORDC1,0.07306599865357082,0.06164496640364329,0.01142103224992752,3,replogle_k562,500,combined - no_graph
CIAO1,0.25799768169720966,0.25654194752375287,0.0014557341734568279,3,replogle_k562,500,combined - no_graph
EIF1AX,0.520745575428009,0.5237078865369161,-0.002962311108907064,3,replogle_k562,500,combined - no_graph
EIF3E,0.3699417511622111,0.35330188274383545,0.016639868418375652,3,replogle_k562,500,combined - no_graph
EIF3M,0.4490877687931061,0.44532618920008343,0.0037615795930226645,3,replogle_k562,500,combined - no_graph
HNRNPH1,0.3905056218306224,0.39321668942769367,-0.0027110675970713296,3,replogle_k562,500,combined - no_graph
KIF11,0.3926098048686981,0.5241290330886841,-0.13151922821998596,3,replogle_k562,500,combined - no_graph
KLC2,-0.13849247495333353,-0.1459470440944036,0.007454569141070048,3,replogle_k562,500,combined - no_graph
LENG8,0.19868989288806915,0.20471965769926706,-0.006029764811197917,3,replogle_k562,500,combined - no_graph
LIN54,0.19364300866921744,0.1965771516164144,-0.0029341429471969604,3,replogle_k562,500,combined - no_graph
MED1,0.6721224983533224,0.6660406390825907,0.006081859270731608,3,replogle_k562,500,combined - no_graph
MED10,0.5799119273821512,0.5756218433380127,0.004290084044138591,3,replogle_k562,500,combined - no_graph
MED9,0.7029052972793579,0.6950010855992635,0.0079042116800944,3,replogle_k562,500,combined - no_graph
MRPL2,0.24282198150952658,0.2667205333709717,-0.02389855186144511,3,replogle_k562,500,combined - no_graph
MRPS14,0.21252618730068207,0.22096141676108041,-0.008435229460398356,3,replogle_k562,500,combined - no_graph
MYO1H,-0.041885255525509514,-0.044324569404125214,0.0024393138786156974,3,replogle_k562,500,combined - no_graph
N6AMT1,-0.09231543789307277,-0.10356601079305013,0.011250572899977366,3,replogle_k562,500,combined - no_graph
NAA38,0.6515023310979208,0.6462780435880026,0.005224287509918213,3,replogle_k562,500,combined - no_graph
NAF1,0.008723349931339422,0.014226485975086689,-0.005503136043747266,3,replogle_k562,500,combined - no_graph
NUP98,0.7518712282180786,0.7506138682365417,0.0012573599815368652,3,replogle_k562,500,combined - no_graph
OIP5,-0.17336638271808624,-0.1603398323059082,-0.01302655041217804,3,replogle_k562,500,combined - no_graph
OR7A17,-0.22786891957124075,-0.23110856115818024,0.0032396415869394937,3,replogle_k562,500,combined - no_graph
POP7,0.09617938846349716,0.10186683883269627,-0.005687450369199117,3,replogle_k562,500,combined - no_graph
PPP4C,0.33443233370780945,0.3421522577603658,-0.0077199240525563555,3,replogle_k562,500,combined - no_graph
PSMC4,0.594199518362681,0.579792300860087,0.014407217502593994,3,replogle_k562,500,combined - no_graph
PSTK,0.08211427927017212,0.08037196596463521,0.001742313305536906,3,replogle_k562,500,combined - no_graph
RAB18,0.3095191717147827,0.3152468204498291,-0.005727648735046387,3,replogle_k562,500,combined - no_graph
RIOK2,0.42989569902420044,0.4294199546178182,0.00047574440638224286,3,replogle_k562,500,combined - no_graph
RNF8,0.3997020721435547,0.40213027596473694,-0.002428203821182251,3,replogle_k562,500,combined - no_graph
RPL10A,0.7023949225743612,0.6797574957211813,0.02263742685317993,3,replogle_k562,500,combined - no_graph
RPL13,0.6823061108589172,0.6586157083511353,0.023690402507781982,3,replogle_k562,500,combined - no_graph
RPL3,0.4397319157918294,0.6394874652226766,-0.19975554943084717,3,replogle_k562,500,combined - no_graph
RPL5,0.7236974835395813,0.7008405923843384,0.02285689115524292,3,replogle_k562,500,combined - no_graph
RPS20,0.5567463040351868,0.5426039497057596,0.014142354329427084,3,replogle_k562,500,combined - no_graph
RRM2,0.6224813461303711,0.6004091501235962,0.022072196006774902,3,replogle_k562,500,combined - no_graph
SLC35B1,-0.02894008159637451,-0.029029592871665955,8.951127529144287e-05,3,replogle_k562,500,combined - no_graph
SMG5,0.2643600006898244,0.26365650693575543,0.0007034937540690104,3,replogle_k562,500,combined - no_graph
TICRR,0.5974398652712504,0.5964777072270712,0.0009621580441792806,3,replogle_k562,500,combined - no_graph
TIMM9,0.33242562413215637,0.3325309157371521,-0.00010529160499572754,3,replogle_k562,500,combined - no_graph
TRA2B,0.15335629880428314,0.16457317769527435,-0.011216878890991211,3,replogle_k562,500,combined - no_graph
TUBGCP2,0.3823300004005432,0.38092610239982605,0.001403898000717163,3,replogle_k562,500,combined - no_graph
UBL5,0.6647672653198242,0.6651032169659933,-0.0003359516461690267,3,replogle_k562,500,combined - no_graph
WTAP,0.06313322484493256,0.0703120877345403,-0.007178862889607747,3,replogle_k562,500,combined - no_graph
ZNF687,0.03412908191482226,0.026432209958632786,0.007696871956189473,3,replogle_k562,500,combined - no_graph
ANAPC15,0.20174577087163925,0.20660965889692307,-0.0048638880252838135,2,replogle_k562,500,string_ppi - no_graph
ASF1B,-0.0737917423248291,-0.07537871226668358,0.001586969941854477,2,replogle_k562,500,string_ppi - no_graph
BUB1,0.671336829662323,0.7456768453121185,-0.07434001564979553,2,replogle_k562,500,string_ppi - no_graph
C9orf16,-0.1460438147187233,-0.15074636042118073,0.004702545702457428,2,replogle_k562,500,string_ppi - no_graph
CADM4,-0.12442215904593468,-0.13087273389101028,0.006450574845075607,2,replogle_k562,500,string_ppi - no_graph
CDAN1,0.5083524584770203,0.5130835175514221,-0.0047310590744018555,2,replogle_k562,500,string_ppi - no_graph
CHORDC1,0.07284195721149445,0.061651889234781265,0.01119006797671318,2,replogle_k562,500,string_ppi - no_graph
CIAO1,0.25774167478084564,0.25659090280532837,0.001150771975517273,2,replogle_k562,500,string_ppi - no_graph
EIF1AX,0.5200203657150269,0.5233610570430756,-0.003340691328048706,2,replogle_k562,500,string_ppi - no_graph
EIF3E,0.36936087906360626,0.35295364260673523,0.016407236456871033,2,replogle_k562,500,string_ppi - no_graph
EIF3M,0.4487965852022171,0.4451909810304642,0.0036056041717529297,2,replogle_k562,500,string_ppi - no_graph
HNRNPH1,0.38952210545539856,0.3933253437280655,-0.003803238272666931,2,replogle_k562,500,string_ppi - no_graph
KIF11,0.471818745136261,0.5241150259971619,-0.05229628086090088,2,replogle_k562,500,string_ppi - no_graph
KLC2,-0.13848154991865158,-0.14593907445669174,0.007457524538040161,2,replogle_k562,500,string_ppi - no_graph
LENG8,0.19886033236980438,0.20458167046308517,-0.005721338093280792,2,replogle_k562,500,string_ppi - no_graph
LIN54,0.19344301521778107,0.19645053148269653,-0.0030075162649154663,2,replogle_k562,500,string_ppi - no_graph
MED1,0.6717356443405151,0.6659804582595825,0.005755186080932617,2,replogle_k562,500,string_ppi - no_graph
MED10,0.5800999402999878,0.5752532482147217,0.004846692085266113,2,replogle_k562,500,string_ppi - no_graph
MED9,0.7029819488525391,0.6950900554656982,0.00789189338684082,2,replogle_k562,500,string_ppi - no_graph
MRPL2,0.24458344280719757,0.2668491005897522,-0.022265657782554626,2,replogle_k562,500,string_ppi - no_graph
MRPS14,0.21258535236120224,0.22084537148475647,-0.00826001912355423,2,replogle_k562,500,string_ppi - no_graph
MYO1H,-0.042051590979099274,-0.04415331780910492,0.0021017268300056458,2,replogle_k562,500,string_ppi - no_graph
N6AMT1,-0.09238336607813835,-0.10384996980428696,0.011466603726148605,2,replogle_k562,500,string_ppi - no_graph
NAA38,0.6511231958866119,0.6462883353233337,0.004834860563278198,2,replogle_k562,500,string_ppi - no_graph
NAF1,0.010078364983201027,0.01455298950895667,-0.004474624525755644,2,replogle_k562,500,string_ppi - no_graph
NUP98,0.7510780692100525,0.7505655288696289,0.000512540340423584,2,replogle_k562,500,string_ppi - no_graph
OIP5,-0.17216355353593826,-0.16044842451810837,-0.011715129017829895,2,replogle_k562,500,string_ppi - no_graph
OR7A17,-0.2275257259607315,-0.23099391907453537,0.0034681931138038635,2,replogle_k562,500,string_ppi - no_graph
POP7,0.0970197394490242,0.10178091749548912,-0.00476117804646492,2,replogle_k562,500,string_ppi - no_graph
PPP4C,0.3355054408311844,0.3416685461997986,-0.006163105368614197,2,replogle_k562,500,string_ppi - no_graph
PSMC4,0.5939173102378845,0.579559326171875,0.014357984066009521,2,replogle_k562,500,string_ppi - no_graph
PSTK,0.08217296376824379,0.08037358894944191,0.0017993748188018799,2,replogle_k562,500,string_ppi - no_graph
RAB18,0.3096763342618942,0.3151281476020813,-0.005451813340187073,2,replogle_k562,500,string_ppi - no_graph
RIOK2,0.4303704649209976,0.42906424403190613,0.0013062208890914917,2,replogle_k562,500,string_ppi - no_graph
RNF8,0.4001344293355942,0.4020608216524124,-0.0019263923168182373,2,replogle_k562,500,string_ppi - no_graph
RPL10A,0.7015712559223175,0.6797876954078674,0.021783560514450073,2,replogle_k562,500,string_ppi - no_graph
RPL13,0.682992160320282,0.658485621213913,0.02450653910636902,2,replogle_k562,500,string_ppi - no_graph
RPL3,0.5466054677963257,0.6406318843364716,-0.09402641654014587,2,replogle_k562,500,string_ppi - no_graph
RPL5,0.7224593460559845,0.7007466852664948,0.021712660789489746,2,replogle_k562,500,string_ppi - no_graph
RPS20,0.5573752820491791,0.5428719818592072,0.014503300189971924,2,replogle_k562,500,string_ppi - no_graph
RRM2,0.5636376440525055,0.6012006998062134,-0.037563055753707886,2,replogle_k562,500,string_ppi - no_graph
SLC35B1,-0.029180380515754223,-0.028815765865147114,-0.00036461465060710907,2,replogle_k562,500,string_ppi - no_graph
SMG5,0.26428017020225525,0.2630886435508728,0.0011915266513824463,2,replogle_k562,500,string_ppi - no_graph
TICRR,0.5979936420917511,0.59647536277771,0.0015182793140411377,2,replogle_k562,500,string_ppi - no_graph
TIMM9,0.33193138241767883,0.33263586461544037,-0.0007044821977615356,2,replogle_k562,500,string_ppi - no_graph
TRA2B,0.153002068400383,0.1644086316227913,-0.011406563222408295,2,replogle_k562,500,string_ppi - no_graph
TUBGCP2,0.3826051205396652,0.3808578699827194,0.0017472505569458008,2,replogle_k562,500,string_ppi - no_graph
UBL5,0.6645050048828125,0.6653833985328674,-0.0008783936500549316,2,replogle_k562,500,string_ppi - no_graph
WTAP,0.06341905519366264,0.07027583569288254,-0.006856780499219894,2,replogle_k562,500,string_ppi - no_graph
ZNF687,0.034287869930267334,0.026375433430075645,0.007912436500191689,2,replogle_k562,500,string_ppi - no_graph
ANAPC15,0.20180253684520721,0.20704400539398193,-0.005241468548774719,2,replogle_k562,500,gene_ontology - no_graph
ASF1B,-0.07277127727866173,-0.07491756603121758,0.002146288752555847,2,replogle_k562,500,gene_ontology - no_graph
BUB1,0.7112580835819244,0.7463517785072327,-0.03509369492530823,2,replogle_k562,500,gene_ontology - no_graph
C9orf16,-0.14587204158306122,-0.15016568452119827,0.0042936429381370544,2,replogle_k562,500,gene_ontology - no_graph
CADM4,-0.12426971644163132,-0.13064583390951157,0.006376117467880249,2,replogle_k562,500,gene_ontology - no_graph
CDAN1,0.5086004734039307,0.5132437348365784,-0.004643261432647705,2,replogle_k562,500,gene_ontology - no_graph
CHORDC1,0.07289130240678787,0.061530809849500656,0.011360492557287216,2,replogle_k562,500,gene_ontology - no_graph
CIAO1,0.2581569254398346,0.2565145194530487,0.0016424059867858887,2,replogle_k562,500,gene_ontology - no_graph
EIF1AX,0.5203150709470113,0.5237078865369161,-0.003392815589904785,3,replogle_k562,500,gene_ontology - no_graph
EIF3E,0.36902187764644623,0.35364583134651184,0.015376046299934387,2,replogle_k562,500,gene_ontology - no_graph
EIF3M,0.44852110743522644,0.4452202171087265,0.003300890326499939,2,replogle_k562,500,gene_ontology - no_graph
HNRNPH1,0.38961470127105713,0.39321668942769367,-0.003601988156636556,3,replogle_k562,500,gene_ontology - no_graph
KIF11,0.5109304189682007,0.5259335041046143,-0.015003085136413574,2,replogle_k562,500,gene_ontology - no_graph
KLC2,-0.13870110362768173,-0.14582903683185577,0.007127933204174042,2,replogle_k562,500,gene_ontology - no_graph
LENG8,0.19874680787324905,0.20498008280992508,-0.006233274936676025,2,replogle_k562,500,gene_ontology - no_graph
LIN54,0.19261146585146585,0.1965771516164144,-0.003965685764948527,3,replogle_k562,500,gene_ontology - no_graph
MED1,0.6721101800600687,0.6660406390825907,0.006069540977478027,3,replogle_k562,500,gene_ontology - no_graph
MED10,0.5802438855171204,0.5755752325057983,0.0046686530113220215,2,replogle_k562,500,gene_ontology - no_graph
MED9,0.703471839427948,0.6950780749320984,0.00839376449584961,2,replogle_k562,500,gene_ontology - no_graph
MRPL2,0.24247875809669495,0.2665606141090393,-0.02408185601234436,2,replogle_k562,500,gene_ontology - no_graph
MRPS14,0.21285301446914673,0.22087755054235458,-0.008024536073207855,2,replogle_k562,500,gene_ontology - no_graph
MYO1H,-0.04143957793712616,-0.044335052371025085,0.0028954744338989258,2,replogle_k562,500,gene_ontology - no_graph
N6AMT1,-0.0922202467918396,-0.10327618941664696,0.011055942624807358,2,replogle_k562,500,gene_ontology - no_graph
NAA38,0.6509814262390137,0.6463680267333984,0.004613399505615234,2,replogle_k562,500,gene_ontology - no_graph
NAF1,0.009257332421839237,0.013928999658674002,-0.0046716672368347645,2,replogle_k562,500,gene_ontology - no_graph
NUP98,0.7523430188496908,0.7506138682365417,0.001729150613149007,3,replogle_k562,500,gene_ontology - no_graph
OIP5,-0.17329937716325125,-0.1603398323059082,-0.012959544857343039,3,replogle_k562,500,gene_ontology - no_graph
OR7A17,-0.22793406744798025,-0.23110856115818024,0.0031744937101999917,3,replogle_k562,500,gene_ontology - no_graph
POP7,0.09646448120474815,0.10193368420004845,-0.005469202995300293,2,replogle_k562,500,gene_ontology - no_graph
PPP4C,0.33424581587314606,0.3425195962190628,-0.008273780345916748,2,replogle_k562,500,gene_ontology - no_graph
PSMC4,0.5937632322311401,0.5798235535621643,0.01393967866897583,2,replogle_k562,500,gene_ontology - no_graph
PSTK,0.08218719065189362,0.08050103485584259,0.0016861557960510254,2,replogle_k562,500,gene_ontology - no_graph
RAB18,0.30955590307712555,0.31512801349163055,-0.005572110414505005,2,replogle_k562,500,gene_ontology - no_graph
RIOK2,0.4299553483724594,0.4296649247407913,0.0002904236316680908,2,replogle_k562,500,gene_ontology - no_graph
RNF8,0.4000310202439626,0.40213027596473694,-0.0020992557207743325,3,replogle_k562,500,gene_ontology - no_graph
RPL10A,0.7022253672281901,0.6797574957211813,0.02246787150700887,3,replogle_k562,500,gene_ontology - no_graph
RPL13,0.6830822229385376,0.6586515605449677,0.024430662393569946,2,replogle_k562,500,gene_ontology - no_graph
RPL3,0.5343060940504074,0.639055997133255,-0.1047499030828476,2,replogle_k562,500,gene_ontology - no_graph
RPL5,0.723867803812027,0.7007442712783813,0.02312353253364563,2,replogle_k562,500,gene_ontology - no_graph
RPS20,0.5565666556358337,0.542447030544281,0.014119625091552734,2,replogle_k562,500,gene_ontology - no_graph
RRM2,0.5545746982097626,0.6005227565765381,-0.04594805836677551,2,replogle_k562,500,gene_ontology - no_graph
SLC35B1,-0.029593711098035175,-0.029029592871665955,-0.000564118226369222,3,replogle_k562,500,gene_ontology - no_graph
SMG5,0.2637571692466736,0.2640293091535568,-0.00027213990688323975,2,replogle_k562,500,gene_ontology - no_graph
TICRR,0.5985269546508789,0.5969969034194946,0.0015300512313842773,2,replogle_k562,500,gene_ontology - no_graph
TIMM9,0.33331190049648285,0.33256588876247406,0.0007460117340087891,2,replogle_k562,500,gene_ontology - no_graph
TRA2B,0.15290630608797073,0.16488058865070343,-0.011974282562732697,2,replogle_k562,500,gene_ontology - no_graph
TUBGCP2,0.3826387971639633,0.38092175126075745,0.0017170459032058716,2,replogle_k562,500,gene_ontology - no_graph
UBL5,0.6646432280540466,0.6647451519966125,-0.00010192394256591797,2,replogle_k562,500,gene_ontology - no_graph
WTAP,0.06317339837551117,0.07030601054430008,-0.00713261216878891,2,replogle_k562,500,gene_ontology - no_graph
ZNF687,0.03480514511466026,0.025867413729429245,0.008937731385231018,2,replogle_k562,500,gene_ontology - no_graph
ANAPC15,0.19821006059646606,0.2068122774362564,-0.008602216839790344,3,replogle_k562,500,random - no_graph
ASF1B,-0.07526776194572449,-0.07500484834114711,-0.0002629136045773824,3,replogle_k562,500,random - no_graph
BUB1,0.6132766207059225,0.7465482354164124,-0.1332716147104899,3,replogle_k562,500,random - no_graph
C9orf16,-0.13768559197584787,-0.15041976670424143,0.012734174728393555,3,replogle_k562,500,random - no_graph
CADM4,-0.11107322573661804,-0.1306790163119634,0.019605790575345356,3,replogle_k562,500,random - no_graph
CDAN1,0.4926077922185262,0.5131207704544067,-0.020512978235880535,3,replogle_k562,500,random - no_graph
CHORDC1,0.07397774110237758,0.06164496640364329,0.012332774698734283,3,replogle_k562,500,random - no_graph
CIAO1,0.25001725057760876,0.25654194752375287,-0.006524696946144104,3,replogle_k562,500,random - no_graph
EIF1AX,0.48808687925338745,0.5237078865369161,-0.03562100728352865,3,replogle_k562,500,random - no_graph
EIF3E,0.3511822323004405,0.35330188274383545,-0.002119650443394979,3,replogle_k562,500,random - no_graph
EIF3M,0.44662362337112427,0.44532618920008343,0.0012974341710408528,3,replogle_k562,500,random - no_graph
HNRNPH1,0.3904590904712677,0.39321668942769367,-0.002757598956425985,3,replogle_k562,500,random - no_graph
KIF11,0.47216910123825073,0.5241290330886841,-0.05195993185043335,3,replogle_k562,500,random - no_graph
KLC2,-0.14536349475383759,-0.1459470440944036,0.0005835493405659994,3,replogle_k562,500,random - no_graph
LENG8,0.20716190338134766,0.20471965769926706,0.002442245682080587,3,replogle_k562,500,random - no_graph
LIN54,0.1352144026507934,0.1965771516164144,-0.061362748965620995,3,replogle_k562,500,random - no_graph
MED1,0.6634940902392069,0.6660406390825907,-0.002546548843383789,3,replogle_k562,500,random - no_graph
MED10,0.5794024268786112,0.5756218433380127,0.0037805835405985513,3,replogle_k562,500,random - no_graph
MED9,0.7039838035901388,0.6950010855992635,0.008982717990875244,3,replogle_k562,500,random - no_graph
MRPL2,0.22288484374682108,0.2667205333709717,-0.043835689624150596,3,replogle_k562,500,random - no_graph
MRPS14,0.2130837688843409,0.22096141676108041,-0.007877647876739502,3,replogle_k562,500,random - no_graph
MYO1H,-0.043506364027659096,-0.044324569404125214,0.0008182053764661154,3,replogle_k562,500,random - no_graph
N6AMT1,-0.1030542328953743,-0.10356601079305013,0.0005117778976758321,3,replogle_k562,500,random - no_graph
NAA38,0.6434968312581381,0.6462780435880026,-0.002781212329864502,3,replogle_k562,500,random - no_graph
NAF1,0.008042192086577415,0.014226485975086689,-0.0061842938885092735,3,replogle_k562,500,random - no_graph
NUP98,0.733046273390452,0.7506138682365417,-0.01756759484608968,3,replogle_k562,500,random - no_graph
OIP5,-0.11408559077729781,-0.1603398323059082,0.046254241528610386,3,replogle_k562,500,random - no_graph
OR7A17,-0.15349349876244864,-0.23110856115818024,0.07761506239573161,3,replogle_k562,500,random - no_graph
POP7,0.09730157752831776,0.10186683883269627,-0.0045652613043785095,3,replogle_k562,500,random - no_graph
PPP4C,0.32712429761886597,0.3421522577603658,-0.015027960141499838,3,replogle_k562,500,random - no_graph
PSMC4,0.5946213603019714,0.579792300860087,0.01482905944188436,3,replogle_k562,500,random - no_graph
PSTK,0.08200233429670334,0.08037196596463521,0.0016303683320681255,3,replogle_k562,500,random - no_graph
RAB18,0.2828620324532191,0.3152468204498291,-0.03238478799661001,3,replogle_k562,500,random - no_graph
RIOK2,0.4277876416842143,0.4294199546178182,-0.0016323129336039226,3,replogle_k562,500,random - no_graph
RNF8,0.39705421527226764,0.40213027596473694,-0.005076060692469279,3,replogle_k562,500,random - no_graph
RPL10A,0.554669976234436,0.6797574957211813,-0.1250875194867452,3,replogle_k562,500,random - no_graph
RPL13,0.5033154288927714,0.6586157083511353,-0.15530027945836386,3,replogle_k562,500,random - no_graph
RPL3,0.5277566959460577,0.6394874652226766,-0.11173076927661896,3,replogle_k562,500,random - no_graph
RPL5,0.7241367101669312,0.7008405923843384,0.023296117782592773,3,replogle_k562,500,random - no_graph
RPS20,0.5533005396525065,0.5426039497057596,0.010696589946746826,3,replogle_k562,500,random - no_graph
RRM2,0.5615125397841135,0.6004091501235962,-0.03889661033948263,3,replogle_k562,500,random - no_graph
SLC35B1,-0.027227299908796947,-0.029029592871665955,0.0018022929628690083,3,replogle_k562,500,random - no_graph
SMG5,0.2509849766890208,0.26365650693575543,-0.01267153024673462,3,replogle_k562,500,random - no_graph
TICRR,0.552463153998057,0.5964777072270712,-0.044014553229014076,3,replogle_k562,500,random - no_graph
TIMM9,0.29582833747069043,0.3325309157371521,-0.03670257826646169,3,replogle_k562,500,random - no_graph
TRA2B,0.13837256530920664,0.16457317769527435,-0.026200612386067707,3,replogle_k562,500,random - no_graph
TUBGCP2,0.3782883584499359,0.38092610239982605,-0.0026377439498901367,3,replogle_k562,500,random - no_graph
UBL5,0.6647202173868815,0.6651032169659933,-0.00038299957911173504,3,replogle_k562,500,random - no_graph
WTAP,0.07971127331256866,0.0703120877345403,0.00939918557802836,3,replogle_k562,500,random - no_graph
ZNF687,0.03336393398543199,0.026432209958632786,0.006931724026799202,3,replogle_k562,500,random - no_graph
ANAPC15,0.2023808260758718,0.19821006059646606,0.004170765479405721,3,replogle_k562,500,combined - random
ASF1B,-0.07385051747163136,-0.07526776194572449,0.0014172444740931194,3,replogle_k562,500,combined - random
BUB1,0.6591811776161194,0.6132766207059225,0.04590455691019694,3,replogle_k562,500,combined - random
C9orf16,-0.1459788680076599,-0.13768559197584787,-0.008293276031812033,3,replogle_k562,500,combined - random
CADM4,-0.1245071788628896,-0.11107322573661804,-0.013433953126271566,3,replogle_k562,500,combined - random
CDAN1,0.5091443657875061,0.4926077922185262,0.0165365735689799,3,replogle_k562,500,combined - random
CHORDC1,0.07306599865357082,0.07397774110237758,-0.0009117424488067627,3,replogle_k562,500,combined - random
CIAO1,0.25799768169720966,0.25001725057760876,0.007980431119600931,3,replogle_k562,500,combined - random
EIF1AX,0.520745575428009,0.48808687925338745,0.03265869617462158,3,replogle_k562,500,combined - random
EIF3E,0.3699417511622111,0.3511822323004405,0.01875951886177063,3,replogle_k562,500,combined - random
EIF3M,0.4490877687931061,0.44662362337112427,0.0024641454219818115,3,replogle_k562,500,combined - random
HNRNPH1,0.3905056218306224,0.3904590904712677,4.6531359354654946e-05,3,replogle_k562,500,combined - random
KIF11,0.3926098048686981,0.47216910123825073,-0.07955929636955261,3,replogle_k562,500,combined - random
KLC2,-0.13849247495333353,-0.14536349475383759,0.006871019800504048,3,replogle_k562,500,combined - random
LENG8,0.19868989288806915,0.20716190338134766,-0.008472010493278503,3,replogle_k562,500,combined - random
LIN54,0.19364300866921744,0.1352144026507934,0.058428606018424034,3,replogle_k562,500,combined - random
MED1,0.6721224983533224,0.6634940902392069,0.008628408114115397,3,replogle_k562,500,combined - random
MED10,0.5799119273821512,0.5794024268786112,0.0005095005035400391,3,replogle_k562,500,combined - random
MED9,0.7029052972793579,0.7039838035901388,-0.001078506310780843,3,replogle_k562,500,combined - random
MRPL2,0.24282198150952658,0.22288484374682108,0.019937137762705486,3,replogle_k562,500,combined - random
MRPS14,0.21252618730068207,0.2130837688843409,-0.0005575815836588541,3,replogle_k562,500,combined - random
MYO1H,-0.041885255525509514,-0.043506364027659096,0.001621108502149582,3,replogle_k562,500,combined - random
N6AMT1,-0.09231543789307277,-0.1030542328953743,0.010738795002301535,3,replogle_k562,500,combined - random
NAA38,0.6515023310979208,0.6434968312581381,0.008005499839782715,3,replogle_k562,500,combined - random
NAF1,0.008723349931339422,0.008042192086577415,0.0006811578447620074,3,replogle_k562,500,combined - random
NUP98,0.7518712282180786,0.733046273390452,0.018824954827626545,3,replogle_k562,500,combined - random
OIP5,-0.17336638271808624,-0.11408559077729781,-0.059280791940788426,3,replogle_k562,500,combined - random
OR7A17,-0.22786891957124075,-0.15349349876244864,-0.07437542080879211,3,replogle_k562,500,combined - random
POP7,0.09617938846349716,0.09730157752831776,-0.0011221890648206074,3,replogle_k562,500,combined - random
PPP4C,0.33443233370780945,0.32712429761886597,0.0073080360889434814,3,replogle_k562,500,combined - random
PSMC4,0.594199518362681,0.5946213603019714,-0.00042184193929036457,3,replogle_k562,500,combined - random
PSTK,0.08211427927017212,0.08200233429670334,0.00011194497346878052,3,replogle_k562,500,combined - random
RAB18,0.3095191717147827,0.2828620324532191,0.026657139261563618,3,replogle_k562,500,combined - random
RIOK2,0.42989569902420044,0.4277876416842143,0.0021080573399861655,3,replogle_k562,500,combined - random
RNF8,0.3997020721435547,0.39705421527226764,0.002647856871287028,3,replogle_k562,500,combined - random
RPL10A,0.7023949225743612,0.554669976234436,0.14772494633992514,3,replogle_k562,500,combined - random
RPL13,0.6823061108589172,0.5033154288927714,0.17899068196614584,3,replogle_k562,500,combined - random
RPL3,0.4397319157918294,0.5277566959460577,-0.08802478015422821,3,replogle_k562,500,combined - random
RPL5,0.7236974835395813,0.7241367101669312,-0.0004392266273498535,3,replogle_k562,500,combined - random
RPS20,0.5567463040351868,0.5533005396525065,0.0034457643826802573,3,replogle_k562,500,combined - random
RRM2,0.6224813461303711,0.5615125397841135,0.06096880634625753,3,replogle_k562,500,combined - random
SLC35B1,-0.02894008159637451,-0.027227299908796947,-0.0017127816875775654,3,replogle_k562,500,combined - random
SMG5,0.2643600006898244,0.2509849766890208,0.013375024000803629,3,replogle_k562,500,combined - random
TICRR,0.5974398652712504,0.552463153998057,0.04497671127319336,3,replogle_k562,500,combined - random
TIMM9,0.33242562413215637,0.29582833747069043,0.036597286661465965,3,replogle_k562,500,combined - random
TRA2B,0.15335629880428314,0.13837256530920664,0.014983733495076498,3,replogle_k562,500,combined - random
TUBGCP2,0.3823300004005432,0.3782883584499359,0.0040416419506073,3,replogle_k562,500,combined - random
UBL5,0.6647672653198242,0.6647202173868815,4.7047932942708336e-05,3,replogle_k562,500,combined - random
WTAP,0.06313322484493256,0.07971127331256866,-0.01657804846763611,3,replogle_k562,500,combined - random
ZNF687,0.03412908191482226,0.03336393398543199,0.0007651479293902715,3,replogle_k562,500,combined - random
ANAPC15,0.20174577087163925,0.20129213482141495,0.0004536360502243042,2,replogle_k562,500,string_ppi - random
ASF1B,-0.0737917423248291,-0.07392818480730057,0.00013644248247146606,2,replogle_k562,500,string_ppi - random
BUB1,0.671336829662323,0.7402345240116119,-0.06889769434928894,2,replogle_k562,500,string_ppi - random
C9orf16,-0.1460438147187233,-0.138173446059227,-0.007870368659496307,2,replogle_k562,500,string_ppi - random
CADM4,-0.12442215904593468,-0.10900788009166718,-0.015414278954267502,2,replogle_k562,500,string_ppi - random
CDAN1,0.5083524584770203,0.5075213015079498,0.0008311569690704346,2,replogle_k562,500,string_ppi - random
CHORDC1,0.07284195721149445,0.07384800538420677,-0.001006048172712326,2,replogle_k562,500,string_ppi - random
CIAO1,0.25774167478084564,0.2574376165866852,0.0003040581941604614,2,replogle_k562,500,string_ppi - random
EIF1AX,0.5200203657150269,0.47648537158966064,0.04353499412536621,2,replogle_k562,500,string_ppi - random
EIF3E,0.36936087906360626,0.35019804537296295,0.01916283369064331,2,replogle_k562,500,string_ppi - random
EIF3M,0.4487965852022171,0.4439506083726883,0.004845976829528809,2,replogle_k562,500,string_ppi - random
HNRNPH1,0.38952210545539856,0.3906758576631546,-0.0011537522077560425,2,replogle_k562,500,string_ppi - random
KIF11,0.471818745136261,0.45367640256881714,0.018142342567443848,2,replogle_k562,500,string_ppi - random
KLC2,-0.13848154991865158,-0.14858266711235046,0.010101117193698883,2,replogle_k562,500,string_ppi - random
LENG8,0.19886033236980438,0.20461991429328918,-0.005759581923484802,2,replogle_k562,500,string_ppi - random
LIN54,0.19344301521778107,0.10613833274692297,0.0873046824708581,2,replogle_k562,500,string_ppi - random
MED1,0.6717356443405151,0.6594413816928864,0.012294262647628784,2,replogle_k562,500,string_ppi - random
MED10,0.5800999402999878,0.5790102779865265,0.0010896623134613037,2,replogle_k562,500,string_ppi - random
MED9,0.7029819488525391,0.7036183476448059,-0.0006363987922668457,2,replogle_k562,500,string_ppi - random
MRPL2,0.24458344280719757,0.2339005321264267,0.010682910680770874,2,replogle_k562,500,string_ppi - random
MRPS14,0.21258535236120224,0.21337653696537018,-0.0007911846041679382,2,replogle_k562,500,string_ppi - random
MYO1H,-0.042051590979099274,-0.04399878531694412,0.0019471943378448486,2,replogle_k562,500,string_ppi - random
N6AMT1,-0.09238336607813835,-0.10830358043313026,0.015920214354991913,2,replogle_k562,500,string_ppi - random
NAA38,0.6511231958866119,0.652943342924118,-0.0018201470375061035,2,replogle_k562,500,string_ppi - random
NAF1,0.010078364983201027,0.0074919527396559715,0.0025864122435450554,2,replogle_k562,500,string_ppi - random
NUP98,0.7510780692100525,0.7504517734050751,0.000626295804977417,2,replogle_k562,500,string_ppi - random
OIP5,-0.17216355353593826,-0.083892488386482,-0.08827106514945626,2,replogle_k562,500,string_ppi - random
OR7A17,-0.2275257259607315,-0.15812530368566513,-0.06940042227506638,2,replogle_k562,500,string_ppi - random
POP7,0.0970197394490242,0.09782063215970993,-0.00080089271068573,2,replogle_k562,500,string_ppi - random
PPP4C,0.3355054408311844,0.32345303893089294,0.012052401900291443,2,replogle_k562,500,string_ppi - random
PSMC4,0.5939173102378845,0.5945552885532379,-0.0006379783153533936,2,replogle_k562,500,string_ppi - random
PSTK,0.08217296376824379,0.08232836052775383,-0.00015539675951004028,2,replogle_k562,500,string_ppi - random
RAB18,0.3096763342618942,0.26962316781282425,0.04005316644906998,2,replogle_k562,500,string_ppi - random
RIOK2,0.4303704649209976,0.42715300619602203,0.003217458724975586,2,replogle_k562,500,string_ppi - random
RNF8,0.4001344293355942,0.3960157334804535,0.004118695855140686,2,replogle_k562,500,string_ppi - random
RPL10A,0.7015712559223175,0.4814234673976898,0.22014778852462769,2,replogle_k562,500,string_ppi - random
RPL13,0.682992160320282,0.41371092200279236,0.2692812383174896,2,replogle_k562,500,string_ppi - random
RPL3,0.5466054677963257,0.667229175567627,-0.12062370777130127,2,replogle_k562,500,string_ppi - random
RPL5,0.7224593460559845,0.72412109375,-0.001661747694015503,2,replogle_k562,500,string_ppi - random
RPS20,0.5573752820491791,0.5561959743499756,0.0011793076992034912,2,replogle_k562,500,string_ppi - random
RRM2,0.5636376440525055,0.5377675145864487,0.025870129466056824,2,replogle_k562,500,string_ppi - random
SLC35B1,-0.029180380515754223,-0.026298637501895428,-0.002881743013858795,2,replogle_k562,500,string_ppi - random
SMG5,0.26428017020225525,0.2649540454149246,-0.0006738752126693726,2,replogle_k562,500,string_ppi - random
TICRR,0.5979936420917511,0.5304708480834961,0.067522794008255,2,replogle_k562,500,string_ppi - random
TIMM9,0.33193138241767883,0.33460764586925507,-0.002676263451576233,2,replogle_k562,500,string_ppi - random
TRA2B,0.153002068400383,0.13603071123361588,0.01697135716676712,2,replogle_k562,500,string_ppi - random
TUBGCP2,0.3826051205396652,0.3778848499059677,0.00472027063369751,2,replogle_k562,500,string_ppi - random
UBL5,0.6645050048828125,0.6650324463844299,-0.0005274415016174316,2,replogle_k562,500,string_ppi - random
WTAP,0.06341905519366264,0.06848534569144249,-0.005066290497779846,2,replogle_k562,500,string_ppi - random
ZNF687,0.034287869930267334,0.03605756536126137,-0.0017696954309940338,2,replogle_k562,500,string_ppi - random
ANAPC15,0.20180253684520721,0.19677995145320892,0.005022585391998291,2,replogle_k562,500,gene_ontology - random
ASF1B,-0.07277127727866173,-0.07618901133537292,0.003417734056711197,2,replogle_k562,500,gene_ontology - random
BUB1,0.7112580835819244,0.5558474063873291,0.15541067719459534,2,replogle_k562,500,gene_ontology - random
C9orf16,-0.14587204158306122,-0.140272356569767,-0.00559968501329422,2,replogle_k562,500,gene_ontology - random
CADM4,-0.12426971644163132,-0.10479504615068436,-0.01947467029094696,2,replogle_k562,500,gene_ontology - random
CDAN1,0.5086004734039307,0.4847281873226166,0.023872286081314087,2,replogle_k562,500,gene_ontology - random
CHORDC1,0.07289130240678787,0.07396308705210686,-0.001071784645318985,2,replogle_k562,500,gene_ontology - random
CIAO1,0.2581569254398346,0.24667800217866898,0.011478923261165619,2,replogle_k562,500,gene_ontology - random
EIF1AX,0.5203150709470113,0.48808687925338745,0.03222819169362386,3,replogle_k562,500,gene_ontology - random
EIF3E,0.36902187764644623,0.3539193570613861,0.01510252058506012,2,replogle_k562,500,gene_ontology - random
EIF3M,0.44852110743522644,0.4505840986967087,-0.0020629912614822388,2,replogle_k562,500,gene_ontology - random
HNRNPH1,0.38961470127105713,0.3904590904712677,-0.0008443892002105713,3,replogle_k562,500,gene_ontology - random
KIF11,0.5109304189682007,0.45223620533943176,0.05869421362876892,2,replogle_k562,500,gene_ontology - random
KLC2,-0.13870110362768173,-0.13883834332227707,0.00013723969459533691,2,replogle_k562,500,gene_ontology - random
LENG8,0.19874680787324905,0.21110129356384277,-0.01235448569059372,2,replogle_k562,500,gene_ontology - random
LIN54,0.19261146585146585,0.1352144026507934,0.05739706320067247,3,replogle_k562,500,gene_ontology - random
MED1,0.6721101800600687,0.6634940902392069,0.008616089820861816,3,replogle_k562,500,gene_ontology - random
MED10,0.5802438855171204,0.5802100002765656,3.388524055480957e-05,2,replogle_k562,500,gene_ontology - random
MED9,0.703471839427948,0.7034526169300079,1.9222497940063477e-05,2,replogle_k562,500,gene_ontology - random
MRPL2,0.24247875809669495,0.22132154554128647,0.021157212555408478,2,replogle_k562,500,gene_ontology - random
MRPS14,0.21285301446914673,0.21363946050405502,-0.0007864460349082947,2,replogle_k562,500,gene_ontology - random
MYO1H,-0.04143957793712616,-0.04355357587337494,0.0021139979362487793,2,replogle_k562,500,gene_ontology - random
N6AMT1,-0.0922202467918396,-0.0918375663459301,-0.0003826804459095001,2,replogle_k562,500,gene_ontology - random
NAA38,0.6509814262390137,0.6392429172992706,0.011738508939743042,2,replogle_k562,500,gene_ontology - random
NAF1,0.009257332421839237,0.009328206069767475,-7.087364792823792e-05,2,replogle_k562,500,gene_ontology - random
NUP98,0.7523430188496908,0.733046273390452,0.01929674545923869,3,replogle_k562,500,gene_ontology - random
OIP5,-0.17329937716325125,-0.11408559077729781,-0.059213786385953426,3,replogle_k562,500,gene_ontology - random
OR7A17,-0.22793406744798025,-0.15349349876244864,-0.07444056868553162,3,replogle_k562,500,gene_ontology - random
POP7,0.09646448120474815,0.09783945977687836,-0.0013749785721302032,2,replogle_k562,500,gene_ontology - random
PPP4C,0.33424581587314606,0.32217738032341003,0.012068435549736023,2,replogle_k562,500,gene_ontology - random
PSMC4,0.5937632322311401,0.5945733487606049,-0.0008101165294647217,2,replogle_k562,500,gene_ontology - random
PSTK,0.08218719065189362,0.08183201774954796,0.00035517290234565735,2,replogle_k562,500,gene_ontology - random
RAB18,0.30955590307712555,0.26980089396238327,0.03975500911474228,2,replogle_k562,500,gene_ontology - random
RIOK2,0.4299553483724594,0.4266150891780853,0.0033402591943740845,2,replogle_k562,500,gene_ontology - random
RNF8,0.4000310202439626,0.39705421527226764,0.0029768049716949463,3,replogle_k562,500,gene_ontology - random
RPL10A,0.7022253672281901,0.554669976234436,0.14755539099375406,3,replogle_k562,500,gene_ontology - random
RPL13,0.6830822229385376,0.6776425242424011,0.005439698696136475,2,replogle_k562,500,gene_ontology - random
RPL3,0.5343060940504074,0.4494343176484108,0.08487177640199661,2,replogle_k562,500,gene_ontology - random
RPL5,0.723867803812027,0.7239657044410706,-9.79006290435791e-05,2,replogle_k562,500,gene_ontology - random
RPS20,0.5565666556358337,0.5528469681739807,0.0037196874618530273,2,replogle_k562,500,gene_ontology - random
RRM2,0.5545746982097626,0.5543329566717148,0.00024174153804779053,2,replogle_k562,500,gene_ontology - random
SLC35B1,-0.029593711098035175,-0.027227299908796947,-0.0023664111892382302,3,replogle_k562,500,gene_ontology - random
SMG5,0.2637571692466736,0.2437736541032791,0.01998351514339447,2,replogle_k562,500,gene_ontology - random
TICRR,0.5985269546508789,0.5752237737178802,0.023303180932998657,2,replogle_k562,500,gene_ontology - random
TIMM9,0.33331190049648285,0.27399150282144547,0.059320397675037384,2,replogle_k562,500,gene_ontology - random
TRA2B,0.15290630608797073,0.1432722732424736,0.009634032845497131,2,replogle_k562,500,gene_ontology - random
TUBGCP2,0.3826387971639633,0.3762821704149246,0.006356626749038696,2,replogle_k562,500,gene_ontology - random
UBL5,0.6646432280540466,0.6646604835987091,-1.7255544662475586e-05,2,replogle_k562,500,gene_ontology - random
WTAP,0.06317339837551117,0.08393587917089462,-0.020762480795383453,2,replogle_k562,500,gene_ontology - random
ZNF687,0.03480514511466026,0.03103762399405241,0.003767521120607853,2,replogle_k562,500,gene_ontology - random
ANAPC15,0.159823477268219,0.16293473541736603,-0.0031112581491470337,3,replogle_k562,1000,combined - no_graph
ASF1B,-0.10204020887613297,-0.10231698304414749,0.00027677416801452637,3,replogle_k562,1000,combined - no_graph
BUB1,0.6315095822016398,0.6953338980674744,-0.06382431586583455,3,replogle_k562,1000,combined - no_graph
C9orf16,-0.07379908363024394,-0.07590518395105998,0.00210610032081604,3,replogle_k562,1000,combined - no_graph
CADM4,-0.08697266379992168,-0.08819215993086497,0.0012194961309432983,3,replogle_k562,1000,combined - no_graph
CDAN1,0.48315075039863586,0.48600266377131146,-0.0028519133726755777,3,replogle_k562,1000,combined - no_graph
CHORDC1,0.08437579621871312,0.07805311928192775,0.00632267693678538,3,replogle_k562,1000,combined - no_graph
CIAO1,0.2780732909838359,0.2757825553417206,0.002290735642115275,3,replogle_k562,1000,combined - no_graph
EIF1AX,0.5216816465059916,0.5246018369992574,-0.0029201904932657876,3,replogle_k562,1000,combined - no_graph
EIF3E,0.3836161692937215,0.37209010124206543,0.011526068051656088,3,replogle_k562,1000,combined - no_graph
EIF3M,0.46863550941149396,0.46538816889127094,0.003247340520222982,3,replogle_k562,1000,combined - no_graph
HNRNPH1,0.4175160030523936,0.42157044013341266,-0.004054437081019084,3,replogle_k562,1000,combined - no_graph
KIF11,0.4351891378561656,0.46189721425374347,-0.026708076397577923,3,replogle_k562,1000,combined - no_graph
KLC2,-0.11355433861414592,-0.11814891050259273,0.004594571888446808,3,replogle_k562,1000,combined - no_graph
LENG8,0.19118951757748923,0.19712396959463754,-0.0059344520171483355,3,replogle_k562,1000,combined - no_graph
LIN54,0.17553970217704773,0.17960013449192047,-0.004060432314872742,3,replogle_k562,1000,combined - no_graph
MED1,0.7158215045928955,0.7083563605944315,0.007465143998463948,3,replogle_k562,1000,combined - no_graph
MED10,0.6500144998232523,0.6050368150075277,0.04497768481572469,3,replogle_k562,1000,combined - no_graph
MED9,0.7425814867019653,0.7334175904591879,0.009163896242777506,3,replogle_k562,1000,combined - no_graph
MRPL2,0.2900004784266154,0.30910031994183856,-0.019099841515223186,3,replogle_k562,1000,combined - no_graph
MRPS14,0.2557651400566101,0.2656311094760895,-0.00986596941947937,3,replogle_k562,1000,combined - no_graph
MYO1H,-0.032312204440434776,-0.03504618008931478,0.002733975648880005,3,replogle_k562,1000,combined - no_graph
N6AMT1,-0.12631681561470032,-0.1302139163017273,0.0038971006870269775,3,replogle_k562,1000,combined - no_graph
NAA38,0.6599359711011251,0.6569645206133524,0.0029714504877726236,3,replogle_k562,1000,combined - no_graph
NAF1,-0.07347151140371959,-0.06855611006418864,-0.004915401339530945,3,replogle_k562,1000,combined - no_graph
NUP98,0.7493147452672323,0.7459139029184977,0.0034008423487345376,3,replogle_k562,1000,combined - no_graph
OIP5,-0.15272670984268188,-0.14518052339553833,-0.007546186447143555,3,replogle_k562,1000,combined - no_graph
OR7A17,-0.22069218754768372,-0.22299168507258096,0.0022994975248972573,3,replogle_k562,1000,combined - no_graph
POP7,0.0695106436808904,0.07279524952173233,-0.003284605840841929,3,replogle_k562,1000,combined - no_graph
PPP4C,0.3650883336861928,0.37155022223790485,-0.006461888551712036,3,replogle_k562,1000,combined - no_graph
PSMC4,0.6100699305534363,0.5970417658487955,0.013028164704640707,3,replogle_k562,1000,combined - no_graph
PSTK,0.03874664381146431,0.040889788419008255,-0.0021431446075439453,3,replogle_k562,1000,combined - no_graph
RAB18,0.28985870877901715,0.2967422505219777,-0.006883541742960612,3,replogle_k562,1000,combined - no_graph
RIOK2,0.3497708936532338,0.35067721207936603,-0.0009063184261322021,3,replogle_k562,1000,combined - no_graph
RNF8,0.3449198305606842,0.3456762234369914,-0.0007563928763071696,3,replogle_k562,1000,combined - no_graph
RPL10A,0.679004987080892,0.6597736875216166,0.01923129955927531,3,replogle_k562,1000,combined - no_graph
RPL13,0.6611553231875101,0.6407265861829122,0.02042873700459798,3,replogle_k562,1000,combined - no_graph
RPL3,0.5145342747370402,0.528311292330424,-0.013777017593383789,3,replogle_k562,1000,combined - no_graph
RPL5,0.6949184536933899,0.6763554016749064,0.01856305201848348,3,replogle_k562,1000,combined - no_graph
RPS20,0.5002618829409281,0.4886105457941691,0.011651337146759033,3,replogle_k562,1000,combined - no_graph
RRM2,0.6090021928151449,0.6229566931724548,-0.013954500357309977,3,replogle_k562,1000,combined - no_graph
SLC35B1,0.00746504853790005,0.0077411397360265255,-0.00027609119812647503,3,replogle_k562,1000,combined - no_graph
SMG5,0.22482271492481232,0.22508729000886282,-0.0002645750840504964,3,replogle_k562,1000,combined - no_graph
TICRR,0.6159969766934713,0.6094593604405721,0.00653761625289917,3,replogle_k562,1000,combined - no_graph
TIMM9,0.33065898219744366,0.3293030261993408,0.001355955998102824,3,replogle_k562,1000,combined - no_graph
TRA2B,0.21816949546337128,0.22824262579282126,-0.010073130329449972,3,replogle_k562,1000,combined - no_graph
TUBGCP2,0.3678926428159078,0.36551594734191895,0.002376695473988851,3,replogle_k562,1000,combined - no_graph
UBL5,0.6430694262186686,0.6450307965278625,-0.001961370309193929,3,replogle_k562,1000,combined - no_graph
WTAP,0.1350653717915217,0.13748860855897269,-0.0024232367674509683,3,replogle_k562,1000,combined - no_graph
ZNF687,0.058424300203720726,0.04946116854747137,0.008963131656249365,3,replogle_k562,1000,combined - no_graph
ANAPC15,0.15979024271170297,0.16293473541736603,-0.0031444927056630454,3,replogle_k562,1000,string_ppi - no_graph
ASF1B,-0.10176597535610199,-0.10231698304414749,0.0005510076880455017,3,replogle_k562,1000,string_ppi - no_graph
BUB1,0.6561415195465088,0.6953338980674744,-0.039192378520965576,3,replogle_k562,1000,string_ppi - no_graph
C9orf16,-0.07389637579520543,-0.07590518395105998,0.002008808155854543,3,replogle_k562,1000,string_ppi - no_graph
CADM4,-0.08716016511122386,-0.08819215993086497,0.0010319948196411133,3,replogle_k562,1000,string_ppi - no_graph
CDAN1,0.48308103283246356,0.48600266377131146,-0.00292163093884786,3,replogle_k562,1000,string_ppi - no_graph
CHORDC1,0.08480963855981827,0.07805311928192775,0.006756519277890523,3,replogle_k562,1000,string_ppi - no_graph
CIAO1,0.2782166798909505,0.2757825553417206,0.00243412454922994,3,replogle_k562,1000,string_ppi - no_graph
EIF1AX,0.5214383602142334,0.5246018369992574,-0.0031634767850240073,3,replogle_k562,1000,string_ppi - no_graph
EIF3E,0.3835788667201996,0.37209010124206543,0.011488765478134155,3,replogle_k562,1000,string_ppi - no_graph
EIF3M,0.46877647439638775,0.46538816889127094,0.0033883055051167807,3,replogle_k562,1000,string_ppi - no_graph
HNRNPH1,0.41715574264526367,0.42157044013341266,-0.004414697488149007,3,replogle_k562,1000,string_ppi - no_graph
KIF11,0.44328734278678894,0.46189721425374347,-0.018609871466954548,3,replogle_k562,1000,string_ppi - no_graph
KLC2,-0.11340059091647466,-0.11814891050259273,0.004748319586118062,3,replogle_k562,1000,string_ppi - no_graph
LENG8,0.19109909733136496,0.19712396959463754,-0.006024872263272603,3,replogle_k562,1000,string_ppi - no_graph
LIN54,0.17531801760196686,0.17960013449192047,-0.004282116889953613,3,replogle_k562,1000,string_ppi - no_graph
MED1,0.7162730892499288,0.7083563605944315,0.007916728655497232,3,replogle_k562,1000,string_ppi - no_graph
MED10,0.629278322060903,0.6050368150075277,0.024241507053375244,3,replogle_k562,1000,string_ppi - no_graph
MED9,0.7422464489936829,0.7334175904591879,0.008828858534495035,3,replogle_k562,1000,string_ppi - no_graph
MRPL2,0.289906124273936,0.30910031994183856,-0.01919419566790263,3,replogle_k562,1000,string_ppi - no_graph
MRPS14,0.2559807002544403,0.2656311094760895,-0.00965040922164917,3,replogle_k562,1000,string_ppi - no_graph
MYO1H,-0.032423420498768486,-0.03504618008931478,0.00262275959054629,3,replogle_k562,1000,string_ppi - no_graph
N6AMT1,-0.12631562848885855,-0.1302139163017273,0.003898287812868754,3,replogle_k562,1000,string_ppi - no_graph
NAA38,0.6593029101689657,0.6569645206133524,0.0023383895556131997,3,replogle_k562,1000,string_ppi - no_graph
NAF1,-0.07366095234950383,-0.06855611006418864,-0.005104842285315196,3,replogle_k562,1000,string_ppi - no_graph
NUP98,0.7491483887036642,0.7459139029184977,0.0032344857851664224,3,replogle_k562,1000,string_ppi - no_graph
OIP5,-0.15279486775398254,-0.14518052339553833,-0.007614344358444214,3,replogle_k562,1000,string_ppi - no_graph
OR7A17,-0.22066871325174967,-0.22299168507258096,0.002322971820831299,3,replogle_k562,1000,string_ppi - no_graph
POP7,0.06913030395905177,0.07279524952173233,-0.0036649455626805625,3,replogle_k562,1000,string_ppi - no_graph
PPP4C,0.3651679754257202,0.37155022223790485,-0.006382246812184651,3,replogle_k562,1000,string_ppi - no_graph
PSMC4,0.6102794806162516,0.5970417658487955,0.013237714767456055,3,replogle_k562,1000,string_ppi - no_graph
PSTK,0.03884443764885267,0.040889788419008255,-0.0020453507701555886,3,replogle_k562,1000,string_ppi - no_graph
RAB18,0.2898847460746765,0.2967422505219777,-0.0068575044473012286,3,replogle_k562,1000,string_ppi - no_graph
RIOK2,0.35052337249120075,0.35067721207936603,-0.0001538395881652832,3,replogle_k562,1000,string_ppi - no_graph
RNF8,0.34502409895261127,0.3456762234369914,-0.0006521244843800863,3,replogle_k562,1000,string_ppi - no_graph
RPL10A,0.6787071625391642,0.6597736875216166,0.018933475017547607,3,replogle_k562,1000,string_ppi - no_graph
RPL13,0.6612716317176819,0.6407265861829122,0.020545045534769695,3,replogle_k562,1000,string_ppi - no_graph
RPL3,0.5284401973088583,0.528311292330424,0.00012890497843424478,3,replogle_k562,1000,string_ppi - no_graph
RPL5,0.6952218612035116,0.6763554016749064,0.018866459528605144,3,replogle_k562,1000,string_ppi - no_graph
RPS20,0.5003322760264078,0.4886105457941691,0.01172173023223877,3,replogle_k562,1000,string_ppi - no_graph
RRM2,0.5746282339096069,0.6229566931724548,-0.0483284592628479,3,replogle_k562,1000,string_ppi - no_graph
SLC35B1,0.007415917236357927,0.0077411397360265255,-0.0003252224996685982,3,replogle_k562,1000,string_ppi - no_graph
SMG5,0.22486190994580588,0.22508729000886282,-0.0002253800630569458,3,replogle_k562,1000,string_ppi - no_graph
TICRR,0.6160909334818522,0.6094593604405721,0.00663157304128011,3,replogle_k562,1000,string_ppi - no_graph
TIMM9,0.3308253387610118,0.3293030261993408,0.0015223125616709392,3,replogle_k562,1000,string_ppi - no_graph
TRA2B,0.21810458600521088,0.22824262579282126,-0.010138039787610372,3,replogle_k562,1000,string_ppi - no_graph
TUBGCP2,0.3678431610266368,0.36551594734191895,0.002327213684717814,3,replogle_k562,1000,string_ppi - no_graph
UBL5,0.6428297559420267,0.6450307965278625,-0.002201040585835775,3,replogle_k562,1000,string_ppi - no_graph
WTAP,0.13460391263167062,0.13748860855897269,-0.0028846959273020425,3,replogle_k562,1000,string_ppi - no_graph
ZNF687,0.0584048330783844,0.04946116854747137,0.008943664530913034,3,replogle_k562,1000,string_ppi - no_graph
ANAPC15,0.16006077329317728,0.16293473541736603,-0.002873962124188741,3,replogle_k562,1000,gene_ontology - no_graph
ASF1B,-0.10213581969340642,-0.10231698304414749,0.0001811633507410685,3,replogle_k562,1000,gene_ontology - no_graph
BUB1,0.6738964915275574,0.6953338980674744,-0.021437406539916992,3,replogle_k562,1000,gene_ontology - no_graph
C9orf16,-0.07378281901280086,-0.07590518395105998,0.0021223649382591248,3,replogle_k562,1000,gene_ontology - no_graph
CADM4,-0.0872951050599416,-0.08819215993086497,0.0008970548709233602,3,replogle_k562,1000,gene_ontology - no_graph
CDAN1,0.4829367697238922,0.48600266377131146,-0.00306589404741923,3,replogle_k562,1000,gene_ontology - no_graph
CHORDC1,0.08441662788391113,0.07805311928192775,0.006363508601983388,3,replogle_k562,1000,gene_ontology - no_graph
CIAO1,0.27812116344769794,0.2757825553417206,0.0023386081059773764,3,replogle_k562,1000,gene_ontology - no_graph
EIF1AX,0.5216965277989706,0.5246018369992574,-0.0029053092002868652,3,replogle_k562,1000,gene_ontology - no_graph
EIF3E,0.38359787066777545,0.37209010124206543,0.011507769425710043,3,replogle_k562,1000,gene_ontology - no_graph
EIF3M,0.46873528758684796,0.46538816889127094,0.003347118695576986,3,replogle_k562,1000,gene_ontology - no_graph
HNRNPH1,0.4170854687690735,0.42157044013341266,-0.004484971364339192,3,replogle_k562,1000,gene_ontology - no_graph
KIF11,0.451364407936732,0.46189721425374347,-0.010532806317011515,3,replogle_k562,1000,gene_ontology - no_graph
KLC2,-0.11355084677537282,-0.11814891050259273,0.004598063727219899,3,replogle_k562,1000,gene_ontology - no_graph
LENG8,0.19103489319483438,0.19712396959463754,-0.006089076399803162,3,replogle_k562,1000,gene_ontology - no_graph
LIN54,0.17540808022022247,0.17960013449192047,-0.004192054271697998,3,replogle_k562,1000,gene_ontology - no_graph
MED1,0.7159639994303385,0.7083563605944315,0.007607638835906982,3,replogle_k562,1000,gene_ontology - no_graph
MED10,0.6206496755282084,0.6050368150075277,0.015612860520680746,3,replogle_k562,1000,gene_ontology - no_graph
MED9,0.7424166202545166,0.7334175904591879,0.008999029795328775,3,replogle_k562,1000,gene_ontology - no_graph
MRPL2,0.28960326313972473,0.30910031994183856,-0.01949705680211385,3,replogle_k562,1000,gene_ontology - no_graph
MRPS14,0.2558889488379161,0.2656311094760895,-0.009742160638173422,3,replogle_k562,1000,gene_ontology - no_graph
MYO1H,-0.03213902935385704,-0.03504618008931478,0.0029071507354577384,3,replogle_k562,1000,gene_ontology - no_graph
N6AMT1,-0.12636003891626993,-0.1302139163017273,0.003853877385457357,3,replogle_k562,1000,gene_ontology - no_graph
NAA38,0.6597383419672648,0.6569645206133524,0.0027738213539123535,3,replogle_k562,1000,gene_ontology - no_graph
NAF1,-0.0734757532676061,-0.06855611006418864,-0.00491964320341746,3,replogle_k562,1000,gene_ontology - no_graph
NUP98,0.7489102085431417,0.7459139029184977,0.0029963056246439614,3,replogle_k562,1000,gene_ontology - no_graph
OIP5,-0.15283943712711334,-0.14518052339553833,-0.007658913731575012,3,replogle_k562,1000,gene_ontology - no_graph
OR7A17,-0.22072066366672516,-0.22299168507258096,0.0022710214058558145,3,replogle_k562,1000,gene_ontology - no_graph
POP7,0.06924977153539658,0.07279524952173233,-0.0035454779863357544,3,replogle_k562,1000,gene_ontology - no_graph
PPP4C,0.36504409710566205,0.37155022223790485,-0.006506125132242839,3,replogle_k562,1000,gene_ontology - no_graph
PSMC4,0.6102328300476074,0.5970417658487955,0.01319106419881185,3,replogle_k562,1000,gene_ontology - no_graph
PSTK,0.03852405026555061,0.040889788419008255,-0.0023657381534576416,3,replogle_k562,1000,gene_ontology - no_graph
RAB18,0.28988128900527954,0.2967422505219777,-0.006860961516698201,3,replogle_k562,1000,gene_ontology - no_graph
RIOK2,0.3502480487028758,0.35067721207936603,-0.0004291633764902751,3,replogle_k562,1000,gene_ontology - no_graph
RNF8,0.3449465036392212,0.3456762234369914,-0.0007297197977701823,3,replogle_k562,1000,gene_ontology - no_graph
RPL10A,0.6790291865666708,0.6597736875216166,0.01925549904505412,3,replogle_k562,1000,gene_ontology - no_graph
RPL13,0.6612764994303385,0.6407265861829122,0.02054991324742635,3,replogle_k562,1000,gene_ontology - no_graph
RPL3,0.5385623176892599,0.528311292330424,0.010251025358835856,3,replogle_k562,1000,gene_ontology - no_graph
RPL5,0.6950886249542236,0.6763554016749064,0.01873322327931722,3,replogle_k562,1000,gene_ontology - no_graph
RPS20,0.5004684527715048,0.4886105457941691,0.011857906977335611,3,replogle_k562,1000,gene_ontology - no_graph
RRM2,0.5852527221043905,0.6229566931724548,-0.03770397106806437,3,replogle_k562,1000,gene_ontology - no_graph
SLC35B1,0.007391543593257666,0.0077411397360265255,-0.00034959614276885986,3,replogle_k562,1000,gene_ontology - no_graph
SMG5,0.2249352683623632,0.22508729000886282,-0.0001520216464996338,3,replogle_k562,1000,gene_ontology - no_graph
TICRR,0.61569211880366,0.6094593604405721,0.006232758363087972,3,replogle_k562,1000,gene_ontology - no_graph
TIMM9,0.33100446065266925,0.3293030261993408,0.0017014344533284504,3,replogle_k562,1000,gene_ontology - no_graph
TRA2B,0.21859660744667053,0.22824262579282126,-0.009646018346150717,3,replogle_k562,1000,gene_ontology - no_graph
TUBGCP2,0.36795233686765033,0.36551594734191895,0.0024363895257314048,3,replogle_k562,1000,gene_ontology - no_graph
UBL5,0.6429009636243185,0.6450307965278625,-0.002129832903544108,3,replogle_k562,1000,gene_ontology - no_graph
WTAP,0.13461486995220184,0.13748860855897269,-0.0028737386067708335,3,replogle_k562,1000,gene_ontology - no_graph
ZNF687,0.058121804147958755,0.04946116854747137,0.00866063560048739,3,replogle_k562,1000,gene_ontology - no_graph
ANAPC15,0.04865177969137827,0.16293473541736603,-0.11428295572598775,3,replogle_k562,1000,random - no_graph
ASF1B,-0.09477754682302475,-0.10231698304414749,0.007539436221122742,3,replogle_k562,1000,random - no_graph
BUB1,0.4514761765797933,0.6953338980674744,-0.24385772148768106,3,replogle_k562,1000,random - no_graph
C9orf16,-0.07244302084048589,-0.07590518395105998,0.0034621631105740867,3,replogle_k562,1000,random - no_graph
CADM4,-0.0583174383888642,-0.08819215993086497,0.02987472154200077,3,replogle_k562,1000,random - no_graph
CDAN1,0.4748612741629283,0.48600266377131146,-0.011141389608383179,3,replogle_k562,1000,random - no_graph
CHORDC1,0.08441589772701263,0.07805311928192775,0.0063627784450848894,3,replogle_k562,1000,random - no_graph
CIAO1,0.26515920956929523,0.2757825553417206,-0.010623345772425333,3,replogle_k562,1000,random - no_graph
EIF1AX,0.3529474039872487,0.5246018369992574,-0.17165443301200867,3,replogle_k562,1000,random - no_graph
EIF3E,0.35133854548136395,0.37209010124206543,-0.020751555760701496,3,replogle_k562,1000,random - no_graph
EIF3M,0.34103240569432575,0.46538816889127094,-0.12435576319694519,3,replogle_k562,1000,random - no_graph
HNRNPH1,0.17874455948670706,0.42157044013341266,-0.24282588064670563,3,replogle_k562,1000,random - no_graph
KIF11,0.1292981654405594,0.46189721425374347,-0.3325990488131841,3,replogle_k562,1000,random - no_graph
KLC2,-0.09414422884583473,-0.11814891050259273,0.02400468165675799,3,replogle_k562,1000,random - no_graph
LENG8,0.06356727083524068,0.19712396959463754,-0.13355669875939688,3,replogle_k562,1000,random - no_graph
LIN54,0.10785936253766219,0.17960013449192047,-0.07174077195425828,3,replogle_k562,1000,random - no_graph
MED1,0.5781450470288595,0.7083563605944315,-0.1302113135655721,3,replogle_k562,1000,random - no_graph
MED10,0.0770908035337925,0.6050368150075277,-0.5279460114737352,3,replogle_k562,1000,random - no_graph
MED9,0.35440436999003094,0.7334175904591879,-0.3790132204691569,3,replogle_k562,1000,random - no_graph
MRPL2,0.1973231608668963,0.30910031994183856,-0.11177715907494228,3,replogle_k562,1000,random - no_graph
MRPS14,0.24689937134583792,0.2656311094760895,-0.018731738130251568,3,replogle_k562,1000,random - no_graph
MYO1H,-0.04087703675031662,-0.03504618008931478,-0.0058308566610018415,3,replogle_k562,1000,random - no_graph
N6AMT1,-0.07497325353324413,-0.1302139163017273,0.05524066276848316,3,replogle_k562,1000,random - no_graph
NAA38,0.6618401408195496,0.6569645206133524,0.004875620206197103,3,replogle_k562,1000,random - no_graph
NAF1,-0.05876403674483299,-0.06855611006418864,0.009792073319355646,3,replogle_k562,1000,random - no_graph
NUP98,0.6625485022862753,0.7459139029184977,-0.08336540063222249,3,replogle_k562,1000,random - no_graph
OIP5,-0.14968934655189514,-0.14518052339553833,-0.0045088231563568115,3,replogle_k562,1000,random - no_graph
OR7A17,-0.18182600537935892,-0.22299168507258096,0.041165679693222046,3,replogle_k562,1000,random - no_graph
POP7,0.0328412459542354,0.07279524952173233,-0.03995400356749693,3,replogle_k562,1000,random - no_graph
PPP4C,0.367191602786382,0.37155022223790485,-0.004358619451522827,3,replogle_k562,1000,random - no_graph
PSMC4,0.38880907495816547,0.5970417658487955,-0.2082326908906301,3,replogle_k562,1000,random - no_graph
PSTK,0.03996013725797335,0.040889788419008255,-0.000929651161034902,3,replogle_k562,1000,random - no_graph
RAB18,0.013556364613274733,0.2967422505219777,-0.28318588590870303,3,replogle_k562,1000,random - no_graph
RIOK2,0.15794649223486582,0.35067721207936603,-0.19273071984450021,3,replogle_k562,1000,random - no_graph
RNF8,0.24899297704299292,0.3456762234369914,-0.09668324639399846,3,replogle_k562,1000,random - no_graph
RPL10A,0.26670801639556885,0.6597736875216166,-0.3930656711260478,3,replogle_k562,1000,random - no_graph
RPL13,0.24364339311917624,0.6407265861829122,-0.39708319306373596,3,replogle_k562,1000,random - no_graph
RPL3,0.43512635429700214,0.528311292330424,-0.09318493803342183,3,replogle_k562,1000,random - no_graph
RPL5,0.2186782161394755,0.6763554016749064,-0.4576771855354309,3,replogle_k562,1000,random - no_graph
RPS20,0.38755397995313007,0.4886105457941691,-0.10105656584103902,3,replogle_k562,1000,random - no_graph
RRM2,0.1476444477836291,0.6229566931724548,-0.4753122453888257,3,replogle_k562,1000,random - no_graph
SLC35B1,-0.0014481043132642906,0.0077411397360265255,-0.009189244049290815,3,replogle_k562,1000,random - no_graph
SMG5,0.15625099589427313,0.22508729000886282,-0.06883629411458969,3,replogle_k562,1000,random - no_graph
TICRR,0.4204490880171458,0.6094593604405721,-0.1890102724234263,3,replogle_k562,1000,random - no_graph
TIMM9,0.27714945872624713,0.3293030261993408,-0.052153567473093666,3,replogle_k562,1000,random - no_graph
TRA2B,0.1395015170176824,0.22824262579282126,-0.08874110877513885,3,replogle_k562,1000,random - no_graph
TUBGCP2,0.16509398569663367,0.36551594734191895,-0.20042196164528528,3,replogle_k562,1000,random - no_graph
UBL5,0.1852924923102061,0.6450307965278625,-0.45973830421765643,3,replogle_k562,1000,random - no_graph
WTAP,0.09662602469325066,0.13748860855897269,-0.04086258386572202,3,replogle_k562,1000,random - no_graph
ZNF687,0.04670613879958788,0.04946116854747137,-0.0027550297478834787,3,replogle_k562,1000,random - no_graph
ANAPC15,0.159823477268219,0.04865177969137827,0.11117169757684071,3,replogle_k562,1000,combined - random
ASF1B,-0.10204020887613297,-0.09477754682302475,-0.007262662053108215,3,replogle_k562,1000,combined - random
BUB1,0.6315095822016398,0.4514761765797933,0.18003340562184653,3,replogle_k562,1000,combined - random
C9orf16,-0.07379908363024394,-0.07244302084048589,-0.0013560627897580464,3,replogle_k562,1000,combined - random
CADM4,-0.08697266379992168,-0.0583174383888642,-0.028655225411057472,3,replogle_k562,1000,combined - random
CDAN1,0.48315075039863586,0.4748612741629283,0.008289476235707601,3,replogle_k562,1000,combined - random
CHORDC1,0.08437579621871312,0.08441589772701263,-4.010150829950968e-05,3,replogle_k562,1000,combined - random
CIAO1,0.2780732909838359,0.26515920956929523,0.01291408141454061,3,replogle_k562,1000,combined - random
EIF1AX,0.5216816465059916,0.3529474039872487,0.1687342425187429,3,replogle_k562,1000,combined - random
EIF3E,0.3836161692937215,0.35133854548136395,0.03227762381235758,3,replogle_k562,1000,combined - random
EIF3M,0.46863550941149396,0.34103240569432575,0.12760310371716818,3,replogle_k562,1000,combined - random
HNRNPH1,0.4175160030523936,0.17874455948670706,0.23877144356568655,3,replogle_k562,1000,combined - random
KIF11,0.4351891378561656,0.1292981654405594,0.3058909724156062,3,replogle_k562,1000,combined - random
KLC2,-0.11355433861414592,-0.09414422884583473,-0.019410109768311184,3,replogle_k562,1000,combined - random
LENG8,0.19118951757748923,0.06356727083524068,0.12762224674224854,3,replogle_k562,1000,combined - random
LIN54,0.17553970217704773,0.10785936253766219,0.06768033963938554,3,replogle_k562,1000,combined - random
MED1,0.7158215045928955,0.5781450470288595,0.13767645756403604,3,replogle_k562,1000,combined - random
MED10,0.6500144998232523,0.0770908035337925,0.5729236962894598,3,replogle_k562,1000,combined - random
MED9,0.7425814867019653,0.35440436999003094,0.3881771167119344,3,replogle_k562,1000,combined - random
MRPL2,0.2900004784266154,0.1973231608668963,0.09267731755971909,3,replogle_k562,1000,combined - random
MRPS14,0.2557651400566101,0.24689937134583792,0.008865768710772196,3,replogle_k562,1000,combined - random
MYO1H,-0.032312204440434776,-0.04087703675031662,0.008564832309881846,3,replogle_k562,1000,combined - random
N6AMT1,-0.12631681561470032,-0.07497325353324413,-0.051343562081456184,3,replogle_k562,1000,combined - random
NAA38,0.6599359711011251,0.6618401408195496,-0.0019041697184244792,3,replogle_k562,1000,combined - random
NAF1,-0.07347151140371959,-0.05876403674483299,-0.014707474658886591,3,replogle_k562,1000,combined - random
NUP98,0.7493147452672323,0.6625485022862753,0.08676624298095703,3,replogle_k562,1000,combined - random
OIP5,-0.15272670984268188,-0.14968934655189514,-0.003037363290786743,3,replogle_k562,1000,combined - random
OR7A17,-0.22069218754768372,-0.18182600537935892,-0.03886618216832479,3,replogle_k562,1000,combined - random
POP7,0.0695106436808904,0.0328412459542354,0.036669397726655006,3,replogle_k562,1000,combined - random
PPP4C,0.3650883336861928,0.367191602786382,-0.002103269100189209,3,replogle_k562,1000,combined - random
PSMC4,0.6100699305534363,0.38880907495816547,0.22126085559527078,3,replogle_k562,1000,combined - random
PSTK,0.03874664381146431,0.03996013725797335,-0.0012134934465090434,3,replogle_k562,1000,combined - random
RAB18,0.28985870877901715,0.013556364613274733,0.2763023441657424,3,replogle_k562,1000,combined - random
RIOK2,0.3497708936532338,0.15794649223486582,0.191824401418368,3,replogle_k562,1000,combined - random
RNF8,0.3449198305606842,0.24899297704299292,0.0959268535176913,3,replogle_k562,1000,combined - random
RPL10A,0.679004987080892,0.26670801639556885,0.41229697068532306,3,replogle_k562,1000,combined - random
RPL13,0.6611553231875101,0.24364339311917624,0.4175119300683339,3,replogle_k562,1000,combined - random
RPL3,0.5145342747370402,0.43512635429700214,0.07940792044003804,3,replogle_k562,1000,combined - random
RPL5,0.6949184536933899,0.2186782161394755,0.47624023755391437,3,replogle_k562,1000,combined - random
RPS20,0.5002618829409281,0.38755397995313007,0.11270790298779805,3,replogle_k562,1000,combined - random
RRM2,0.6090021928151449,0.1476444477836291,0.4613577450315158,3,replogle_k562,1000,combined - random
SLC35B1,0.00746504853790005,-0.0014481043132642906,0.008913152851164341,3,replogle_k562,1000,combined - random
SMG5,0.22482271492481232,0.15625099589427313,0.0685717190305392,3,replogle_k562,1000,combined - random
TICRR,0.6159969766934713,0.4204490880171458,0.19554788867632547,3,replogle_k562,1000,combined - random
TIMM9,0.33065898219744366,0.27714945872624713,0.053509523471196495,3,replogle_k562,1000,combined - random
TRA2B,0.21816949546337128,0.1395015170176824,0.07866797844568889,3,replogle_k562,1000,combined - random
TUBGCP2,0.3678926428159078,0.16509398569663367,0.20279865711927414,3,replogle_k562,1000,combined - random
UBL5,0.6430694262186686,0.1852924923102061,0.4577769339084625,3,replogle_k562,1000,combined - random
WTAP,0.1350653717915217,0.09662602469325066,0.03843934709827105,3,replogle_k562,1000,combined - random
ZNF687,0.058424300203720726,0.04670613879958788,0.011718161404132843,3,replogle_k562,1000,combined - random
ANAPC15,0.15979024271170297,0.04865177969137827,0.11113846302032471,3,replogle_k562,1000,string_ppi - random
ASF1B,-0.10176597535610199,-0.09477754682302475,-0.00698842853307724,3,replogle_k562,1000,string_ppi - random
BUB1,0.6561415195465088,0.4514761765797933,0.20466534296671549,3,replogle_k562,1000,string_ppi - random
C9orf16,-0.07389637579520543,-0.07244302084048589,-0.0014533549547195435,3,replogle_k562,1000,string_ppi - random
CADM4,-0.08716016511122386,-0.0583174383888642,-0.028842726722359657,3,replogle_k562,1000,string_ppi - random
CDAN1,0.48308103283246356,0.4748612741629283,0.008219758669535318,3,replogle_k562,1000,string_ppi - random
CHORDC1,0.08480963855981827,0.08441589772701263,0.00039374083280563354,3,replogle_k562,1000,string_ppi - random
CIAO1,0.2782166798909505,0.26515920956929523,0.013057470321655273,3,replogle_k562,1000,string_ppi - random
EIF1AX,0.5214383602142334,0.3529474039872487,0.16849095622698465,3,replogle_k562,1000,string_ppi - random
EIF3E,0.3835788667201996,0.35133854548136395,0.032240321238835655,3,replogle_k562,1000,string_ppi - random
EIF3M,0.46877647439638775,0.34103240569432575,0.12774406870206198,3,replogle_k562,1000,string_ppi - random
HNRNPH1,0.41715574264526367,0.17874455948670706,0.2384111831585566,3,replogle_k562,1000,string_ppi - random
KIF11,0.44328734278678894,0.1292981654405594,0.31398917734622955,3,replogle_k562,1000,string_ppi - random
KLC2,-0.11340059091647466,-0.09414422884583473,-0.019256362070639927,3,replogle_k562,1000,string_ppi - random
LENG8,0.19109909733136496,0.06356727083524068,0.12753182649612427,3,replogle_k562,1000,string_ppi - random
LIN54,0.17531801760196686,0.10785936253766219,0.06745865506430467,3,replogle_k562,1000,string_ppi - random
MED1,0.7162730892499288,0.5781450470288595,0.13812804222106934,3,replogle_k562,1000,string_ppi - random
MED10,0.629278322060903,0.0770908035337925,0.5521875185271105,3,replogle_k562,1000,string_ppi - random
MED9,0.7422464489936829,0.35440436999003094,0.3878420790036519,3,replogle_k562,1000,string_ppi - random
MRPL2,0.289906124273936,0.1973231608668963,0.09258296340703964,3,replogle_k562,1000,string_ppi - random
MRPS14,0.2559807002544403,0.24689937134583792,0.009081328908602396,3,replogle_k562,1000,string_ppi - random
MYO1H,-0.032423420498768486,-0.04087703675031662,0.008453616251548132,3,replogle_k562,1000,string_ppi - random
N6AMT1,-0.12631562848885855,-0.07497325353324413,-0.05134237495561441,3,replogle_k562,1000,string_ppi - random
NAA38,0.6593029101689657,0.6618401408195496,-0.002537230650583903,3,replogle_k562,1000,string_ppi - random
NAF1,-0.07366095234950383,-0.05876403674483299,-0.014896915604670843,3,replogle_k562,1000,string_ppi - random
NUP98,0.7491483887036642,0.6625485022862753,0.08659988641738892,3,replogle_k562,1000,string_ppi - random
OIP5,-0.15279486775398254,-0.14968934655189514,-0.0031055212020874023,3,replogle_k562,1000,string_ppi - random
OR7A17,-0.22066871325174967,-0.18182600537935892,-0.03884270787239075,3,replogle_k562,1000,string_ppi - random
POP7,0.06913030395905177,0.0328412459542354,0.036289058004816376,3,replogle_k562,1000,string_ppi - random
PPP4C,0.3651679754257202,0.367191602786382,-0.0020236273606618247,3,replogle_k562,1000,string_ppi - random
PSMC4,0.6102794806162516,0.38880907495816547,0.22147040565808615,3,replogle_k562,1000,string_ppi - random
PSTK,0.03884443764885267,0.03996013725797335,-0.0011156996091206868,3,replogle_k562,1000,string_ppi - random
RAB18,0.2898847460746765,0.013556364613274733,0.27632838146140176,3,replogle_k562,1000,string_ppi - random
RIOK2,0.35052337249120075,0.15794649223486582,0.19257688025633493,3,replogle_k562,1000,string_ppi - random
RNF8,0.34502409895261127,0.24899297704299292,0.09603112190961838,3,replogle_k562,1000,string_ppi - random
RPL10A,0.6787071625391642,0.26670801639556885,0.4119991461435954,3,replogle_k562,1000,string_ppi - random
RPL13,0.6612716317176819,0.24364339311917624,0.4176282385985057,3,replogle_k562,1000,string_ppi - random
RPL3,0.5284401973088583,0.43512635429700214,0.09331384301185608,3,replogle_k562,1000,string_ppi - random
RPL5,0.6952218612035116,0.2186782161394755,0.47654364506403607,3,replogle_k562,1000,string_ppi - random
RPS20,0.5003322760264078,0.38755397995313007,0.11277829607327779,3,replogle_k562,1000,string_ppi - random
RRM2,0.5746282339096069,0.1476444477836291,0.4269837861259778,3,replogle_k562,1000,string_ppi - random
SLC35B1,0.007415917236357927,-0.0014481043132642906,0.008864021549622217,3,replogle_k562,1000,string_ppi - random
SMG5,0.22486190994580588,0.15625099589427313,0.06861091405153275,3,replogle_k562,1000,string_ppi - random
TICRR,0.6160909334818522,0.4204490880171458,0.19564184546470642,3,replogle_k562,1000,string_ppi - random
TIMM9,0.3308253387610118,0.27714945872624713,0.05367588003476461,3,replogle_k562,1000,string_ppi - random
TRA2B,0.21810458600521088,0.1395015170176824,0.07860306898752849,3,replogle_k562,1000,string_ppi - random
TUBGCP2,0.3678431610266368,0.16509398569663367,0.2027491753300031,3,replogle_k562,1000,string_ppi - random
UBL5,0.6428297559420267,0.1852924923102061,0.4575372636318207,3,replogle_k562,1000,string_ppi - random
WTAP,0.13460391263167062,0.09662602469325066,0.037977887938419976,3,replogle_k562,1000,string_ppi - random
ZNF687,0.0584048330783844,0.04670613879958788,0.011698694278796514,3,replogle_k562,1000,string_ppi - random
ANAPC15,0.16006077329317728,0.04865177969137827,0.11140899360179901,3,replogle_k562,1000,gene_ontology - random
ASF1B,-0.10213581969340642,-0.09477754682302475,-0.007358272870381673,3,replogle_k562,1000,gene_ontology - random
BUB1,0.6738964915275574,0.4514761765797933,0.22242031494776407,3,replogle_k562,1000,gene_ontology - random
C9orf16,-0.07378281901280086,-0.07244302084048589,-0.0013397981723149617,3,replogle_k562,1000,gene_ontology - random
CADM4,-0.0872951050599416,-0.0583174383888642,-0.02897766667107741,3,replogle_k562,1000,gene_ontology - random
CDAN1,0.4829367697238922,0.4748612741629283,0.00807549556096395,3,replogle_k562,1000,gene_ontology - random
CHORDC1,0.08441662788391113,0.08441589772701263,7.301568984985352e-07,3,replogle_k562,1000,gene_ontology - random
CIAO1,0.27812116344769794,0.26515920956929523,0.01296195387840271,3,replogle_k562,1000,gene_ontology - random
EIF1AX,0.5216965277989706,0.3529474039872487,0.1687491238117218,3,replogle_k562,1000,gene_ontology - random
EIF3E,0.38359787066777545,0.35133854548136395,0.03225932518641154,3,replogle_k562,1000,gene_ontology - random
EIF3M,0.46873528758684796,0.34103240569432575,0.12770288189252219,3,replogle_k562,1000,gene_ontology - random
HNRNPH1,0.4170854687690735,0.17874455948670706,0.23834090928236643,3,replogle_k562,1000,gene_ontology - random
KIF11,0.451364407936732,0.1292981654405594,0.3220662424961726,3,replogle_k562,1000,gene_ontology - random
KLC2,-0.11355084677537282,-0.09414422884583473,-0.01940661792953809,3,replogle_k562,1000,gene_ontology - random
LENG8,0.19103489319483438,0.06356727083524068,0.12746762235959372,3,replogle_k562,1000,gene_ontology - random
LIN54,0.17540808022022247,0.10785936253766219,0.06754871768256028,3,replogle_k562,1000,gene_ontology - random
MED1,0.7159639994303385,0.5781450470288595,0.1378189524014791,3,replogle_k562,1000,gene_ontology - random
MED10,0.6206496755282084,0.0770908035337925,0.5435588719944159,3,replogle_k562,1000,gene_ontology - random
MED9,0.7424166202545166,0.35440436999003094,0.38801225026448566,3,replogle_k562,1000,gene_ontology - random
MRPL2,0.28960326313972473,0.1973231608668963,0.09228010227282842,3,replogle_k562,1000,gene_ontology - random
MRPS14,0.2558889488379161,0.24689937134583792,0.008989577492078146,3,replogle_k562,1000,gene_ontology - random
MYO1H,-0.03213902935385704,-0.04087703675031662,0.00873800739645958,3,replogle_k562,1000,gene_ontology - random
N6AMT1,-0.12636003891626993,-0.07497325353324413,-0.0513867853830258,3,replogle_k562,1000,gene_ontology - random
NAA38,0.6597383419672648,0.6618401408195496,-0.0021017988522847495,3,replogle_k562,1000,gene_ontology - random
NAF1,-0.0734757532676061,-0.05876403674483299,-0.014711716522773107,3,replogle_k562,1000,gene_ontology - random
NUP98,0.7489102085431417,0.6625485022862753,0.08636170625686646,3,replogle_k562,1000,gene_ontology - random
OIP5,-0.15283943712711334,-0.14968934655189514,-0.0031500905752182007,3,replogle_k562,1000,gene_ontology - random
OR7A17,-0.22072066366672516,-0.18182600537935892,-0.038894658287366234,3,replogle_k562,1000,gene_ontology - random
POP7,0.06924977153539658,0.0328412459542354,0.03640852558116118,3,replogle_k562,1000,gene_ontology - random
PPP4C,0.36504409710566205,0.367191602786382,-0.0021475056807200112,3,replogle_k562,1000,gene_ontology - random
PSMC4,0.6102328300476074,0.38880907495816547,0.22142375508944193,3,replogle_k562,1000,gene_ontology - random
PSTK,0.03852405026555061,0.03996013725797335,-0.0014360869924227397,3,replogle_k562,1000,gene_ontology - random
RAB18,0.28988128900527954,0.013556364613274733,0.2763249243920048,3,replogle_k562,1000,gene_ontology - random
RIOK2,0.3502480487028758,0.15794649223486582,0.19230155646800995,3,replogle_k562,1000,gene_ontology - random
RNF8,0.3449465036392212,0.24899297704299292,0.09595352659622829,3,replogle_k562,1000,gene_ontology - random
RPL10A,0.6790291865666708,0.26670801639556885,0.41232117017110187,3,replogle_k562,1000,gene_ontology - random
RPL13,0.6612764994303385,0.24364339311917624,0.4176331063111623,3,replogle_k562,1000,gene_ontology - random
RPL3,0.5385623176892599,0.43512635429700214,0.10343596339225769,3,replogle_k562,1000,gene_ontology - random
RPL5,0.6950886249542236,0.2186782161394755,0.4764104088147481,3,replogle_k562,1000,gene_ontology - random
RPS20,0.5004684527715048,0.38755397995313007,0.11291447281837463,3,replogle_k562,1000,gene_ontology - random
RRM2,0.5852527221043905,0.1476444477836291,0.4376082743207614,3,replogle_k562,1000,gene_ontology - random
SLC35B1,0.007391543593257666,-0.0014481043132642906,0.008839647906521956,3,replogle_k562,1000,gene_ontology - random
SMG5,0.2249352683623632,0.15625099589427313,0.06868427246809006,3,replogle_k562,1000,gene_ontology - random
TICRR,0.61569211880366,0.4204490880171458,0.19524303078651428,3,replogle_k562,1000,gene_ontology - random
TIMM9,0.33100446065266925,0.27714945872624713,0.05385500192642212,3,replogle_k562,1000,gene_ontology - random
TRA2B,0.21859660744667053,0.1395015170176824,0.07909509042898814,3,replogle_k562,1000,gene_ontology - random
TUBGCP2,0.36795233686765033,0.16509398569663367,0.2028583511710167,3,replogle_k562,1000,gene_ontology - random
UBL5,0.6429009636243185,0.1852924923102061,0.45760847131411236,3,replogle_k562,1000,gene_ontology - random
WTAP,0.13461486995220184,0.09662602469325066,0.03798884525895119,3,replogle_k562,1000,gene_ontology - random
ZNF687,0.058121804147958755,0.04670613879958788,0.01141566534837087,3,replogle_k562,1000,gene_ontology - random
ACTB,0.2676990404725075,0.05196896567940712,0.21573007479310036,2,replogle_rpe1,200,combined - no_graph
ADRM1,0.6476050019264221,0.6495885848999023,-0.0019835829734802246,2,replogle_rpe1,200,combined - no_graph
ALG2,0.7182491421699524,0.7079712450504303,0.010277897119522095,2,replogle_rpe1,200,combined - no_graph
CAMLG,0.32992956042289734,0.3261892944574356,0.003740265965461731,2,replogle_rpe1,200,combined - no_graph
CCDC6,-0.28370627760887146,-0.27209365367889404,-0.011612623929977417,2,replogle_rpe1,200,combined - no_graph
CCDC78,0.17375916242599487,0.16466525197029114,0.009093910455703735,2,replogle_rpe1,200,combined - no_graph
DDN,-0.3055416941642761,-0.30872535705566406,0.0031836628913879395,2,replogle_rpe1,200,combined - no_graph
DDX46,0.8926081359386444,0.8924355804920197,0.00017255544662475586,2,replogle_rpe1,200,combined - no_graph
EMC3,0.6905811727046967,0.6889522671699524,0.0016289055347442627,2,replogle_rpe1,200,combined - no_graph
FBXO42,-0.41378870606422424,-0.41748368740081787,0.003694981336593628,2,replogle_rpe1,200,combined - no_graph
GEMIN4,0.7854239642620087,0.7812497913837433,0.004174172878265381,2,replogle_rpe1,200,combined - no_graph
GFM1,0.14713411033153534,0.13477836549282074,0.0123557448387146,2,replogle_rpe1,200,combined - no_graph
GPS2,-0.051207637414336205,-0.04444929212331772,-0.006758345291018486,2,replogle_rpe1,200,combined - no_graph
HAUS3,0.8799580037593842,0.8841635584831238,-0.004205554723739624,2,replogle_rpe1,200,combined - no_graph
HEATR1,0.8845345377922058,0.898979663848877,-0.014445126056671143,2,replogle_rpe1,200,combined - no_graph
KCNA10,0.31435610353946686,0.3110956996679306,0.003260403871536255,2,replogle_rpe1,200,combined - no_graph
LIMS1,0.4128744304180145,0.4152432531118393,-0.002368822693824768,2,replogle_rpe1,200,combined - no_graph
LRRC37A3,-0.20285475999116898,-0.2093251496553421,0.006470389664173126,2,replogle_rpe1,200,combined - no_graph
MALSU1,0.08170712366700172,0.07113805785775185,0.010569065809249878,2,replogle_rpe1,200,combined - no_graph
MEN1,0.06897533312439919,0.07700064405798912,-0.008025310933589935,2,replogle_rpe1,200,combined - no_graph
METTL1,0.1386890709400177,0.14142309874296188,-0.0027340278029441833,2,replogle_rpe1,200,combined - no_graph
MRPS31,0.08000130578875542,0.0721748098731041,0.007826495915651321,2,replogle_rpe1,200,combined - no_graph
N6AMT1,0.32650911808013916,0.32761140167713165,-0.0011022835969924927,2,replogle_rpe1,200,combined - no_graph
NAA20,0.5385646522045135,0.5469302535057068,-0.008365601301193237,2,replogle_rpe1,200,combined - no_graph
NCOA4,0.13912282139062881,0.14123893529176712,-0.0021161139011383057,2,replogle_rpe1,200,combined - no_graph
NDUFA4,-0.16909968852996826,-0.18090733885765076,0.011807650327682495,2,replogle_rpe1,200,combined - no_graph
NDUFS5,0.09457189217209816,0.09223178029060364,0.002340111881494522,2,replogle_rpe1,200,combined - no_graph
NOLC1,0.9204663634300232,0.9208138883113861,-0.00034752488136291504,2,replogle_rpe1,200,combined - no_graph
NOMO3,0.8052415251731873,0.8092351853847504,-0.00399366021156311,2,replogle_rpe1,200,combined - no_graph
OVCA2,0.5381395220756531,0.5412696897983551,-0.0031301677227020264,2,replogle_rpe1,200,combined - no_graph
PGAM5,-0.09843941777944565,-0.1178547702729702,0.01941535249352455,2,replogle_rpe1,200,combined - no_graph
POLR2D,0.5762509107589722,0.580313503742218,-0.00406259298324585,2,replogle_rpe1,200,combined - no_graph
POLR3C,0.7657571136951447,0.7567826509475708,0.008974462747573853,2,replogle_rpe1,200,combined - no_graph
PPP1R2,0.7855870723724365,0.7789165377616882,0.006670534610748291,2,replogle_rpe1,200,combined - no_graph
PRC1,0.7845837473869324,0.8580896556377411,-0.07350590825080872,2,replogle_rpe1,200,combined - no_graph
PSTK,0.8640549182891846,0.8668999075889587,-0.00284498929977417,2,replogle_rpe1,200,combined - no_graph
RRP12,0.9390539228916168,0.948517918586731,-0.009463995695114136,2,replogle_rpe1,200,combined - no_graph
RUVBL2,0.8995716869831085,0.8987583518028259,0.0008133351802825928,2,replogle_rpe1,200,combined - no_graph
SERBP1,0.0032116486690938473,0.0034335111267864704,-0.00022186245769262314,2,replogle_rpe1,200,combined - no_graph
SETD5,0.7277854084968567,0.7274265289306641,0.00035887956619262695,2,replogle_rpe1,200,combined - no_graph
SRCAP,0.12476927787065506,0.10969343781471252,0.015075840055942535,2,replogle_rpe1,200,combined - no_graph
SRSF11,-0.05609196424484253,-0.05680830776691437,0.0007163435220718384,2,replogle_rpe1,200,combined - no_graph
TAZ,0.5205323696136475,0.5239140689373016,-0.003381699323654175,2,replogle_rpe1,200,combined - no_graph
TFAM,-0.0653088167309761,-0.05335083790123463,-0.011957978829741478,2,replogle_rpe1,200,combined - no_graph
TRMT112,0.9068276584148407,0.9157179594039917,-0.008890300989151001,2,replogle_rpe1,200,combined - no_graph
TRNT1,0.6461509764194489,0.6268243789672852,0.019326597452163696,2,replogle_rpe1,200,combined - no_graph
TSSK3,0.4143925756216049,0.41143880784511566,0.002953767776489258,2,replogle_rpe1,200,combined - no_graph
TVP23C,-0.27109195291996,-0.26628953218460083,-0.004802420735359192,2,replogle_rpe1,200,combined - no_graph
VPS35,0.8954014182090759,0.8957802951335907,-0.0003788769245147705,2,replogle_rpe1,200,combined - no_graph
WBP1,-0.3489132821559906,-0.35085920989513397,0.0019459277391433716,2,replogle_rpe1,200,combined - no_graph
ACTB,0.32660241425037384,0.05196896567940712,0.2746334485709667,2,replogle_rpe1,200,string_ppi - no_graph
ADRM1,0.6504706144332886,0.6495885848999023,0.0008820295333862305,2,replogle_rpe1,200,string_ppi - no_graph
ALG2,0.7093383967876434,0.7079712450504303,0.0013671517372131348,2,replogle_rpe1,200,string_ppi - no_graph
CAMLG,0.32425379753112793,0.3261892944574356,-0.0019354969263076782,2,replogle_rpe1,200,string_ppi - no_graph
CCDC6,-0.28529730439186096,-0.27209365367889404,-0.013203650712966919,2,replogle_rpe1,200,string_ppi - no_graph
CCDC78,0.17146188765764236,0.16466525197029114,0.006796635687351227,2,replogle_rpe1,200,string_ppi - no_graph
DDN,-0.30610455572605133,-0.30872535705566406,0.002620801329612732,2,replogle_rpe1,200,string_ppi - no_graph
DDX46,0.8948678374290466,0.8924355804920197,0.0024322569370269775,2,replogle_rpe1,200,string_ppi - no_graph
EMC3,0.6794400215148926,0.6889522671699524,-0.009512245655059814,2,replogle_rpe1,200,string_ppi - no_graph
FBXO42,-0.4159330725669861,-0.41748368740081787,0.0015506148338317871,2,replogle_rpe1,200,string_ppi - no_graph
GEMIN4,0.7885797917842865,0.7812497913837433,0.007330000400543213,2,replogle_rpe1,200,string_ppi - no_graph
GFM1,0.1554577276110649,0.13477836549282074,0.02067936211824417,2,replogle_rpe1,200,string_ppi - no_graph
GPS2,-0.05707405135035515,-0.04444929212331772,-0.01262475922703743,2,replogle_rpe1,200,string_ppi - no_graph
HAUS3,0.8787215948104858,0.8841635584831238,-0.0054419636726379395,2,replogle_rpe1,200,string_ppi - no_graph
HEATR1,0.8921195268630981,0.898979663848877,-0.006860136985778809,2,replogle_rpe1,200,string_ppi - no_graph
KCNA10,0.3080762028694153,0.3110956996679306,-0.00301949679851532,2,replogle_rpe1,200,string_ppi - no_graph
LIMS1,0.42097383737564087,0.4152432531118393,0.005730584263801575,2,replogle_rpe1,200,string_ppi - no_graph
LRRC37A3,-0.2067137360572815,-0.2093251496553421,0.002611413598060608,2,replogle_rpe1,200,string_ppi - no_graph
MALSU1,0.09384695068001747,0.07113805785775185,0.022708892822265625,2,replogle_rpe1,200,string_ppi - no_graph
MEN1,0.07457670196890831,0.07700064405798912,-0.0024239420890808105,2,replogle_rpe1,200,string_ppi - no_graph
METTL1,0.1408529356122017,0.14142309874296188,-0.0005701631307601929,2,replogle_rpe1,200,string_ppi - no_graph
MRPS31,0.08222848549485207,0.0721748098731041,0.01005367562174797,2,replogle_rpe1,200,string_ppi - no_graph
N6AMT1,0.3189819008111954,0.32761140167713165,-0.00862950086593628,2,replogle_rpe1,200,string_ppi - no_graph
NAA20,0.5469544529914856,0.5469302535057068,2.4199485778808594e-05,2,replogle_rpe1,200,string_ppi - no_graph
NCOA4,0.13873063027858734,0.14123893529176712,-0.002508305013179779,2,replogle_rpe1,200,string_ppi - no_graph
NDUFA4,-0.16961463540792465,-0.18090733885765076,0.011292703449726105,2,replogle_rpe1,200,string_ppi - no_graph
NDUFS5,0.09077813848853111,0.09223178029060364,-0.001453641802072525,2,replogle_rpe1,200,string_ppi - no_graph
NOLC1,0.9187743067741394,0.9208138883113861,-0.002039581537246704,2,replogle_rpe1,200,string_ppi - no_graph
NOMO3,0.803168386220932,0.8092351853847504,-0.006066799163818359,2,replogle_rpe1,200,string_ppi - no_graph
OVCA2,0.5413856208324432,0.5412696897983551,0.00011593103408813477,2,replogle_rpe1,200,string_ppi - no_graph
PGAM5,-0.10166499763727188,-0.1178547702729702,0.01618977263569832,2,replogle_rpe1,200,string_ppi - no_graph
POLR2D,0.5743794739246368,0.580313503742218,-0.005934029817581177,2,replogle_rpe1,200,string_ppi - no_graph
POLR3C,0.7606334686279297,0.7567826509475708,0.0038508176803588867,2,replogle_rpe1,200,string_ppi - no_graph
PPP1R2,0.7874352633953094,0.7789165377616882,0.008518725633621216,2,replogle_rpe1,200,string_ppi - no_graph
PRC1,0.8156537711620331,0.8580896556377411,-0.04243588447570801,2,replogle_rpe1,200,string_ppi - no_graph
PSTK,0.8631377518177032,0.8668999075889587,-0.003762155771255493,2,replogle_rpe1,200,string_ppi - no_graph
RRP12,0.9399020373821259,0.948517918586731,-0.008615881204605103,2,replogle_rpe1,200,string_ppi - no_graph
RUVBL2,0.898187667131424,0.8987583518028259,-0.0005706846714019775,2,replogle_rpe1,200,string_ppi - no_graph
SERBP1,-0.00035628676414489746,0.0034335111267864704,-0.003789797890931368,2,replogle_rpe1,200,string_ppi - no_graph
SETD5,0.7243920564651489,0.7274265289306641,-0.0030344724655151367,2,replogle_rpe1,200,string_ppi - no_graph
SRCAP,0.12527531385421753,0.10969343781471252,0.015581876039505005,2,replogle_rpe1,200,string_ppi - no_graph
SRSF11,-0.05040464363992214,-0.05680830776691437,0.006403664126992226,2,replogle_rpe1,200,string_ppi - no_graph
TAZ,0.5271946489810944,0.5239140689373016,0.0032805800437927246,2,replogle_rpe1,200,string_ppi - no_graph
TFAM,-0.06618174910545349,-0.05335083790123463,-0.012830911204218864,2,replogle_rpe1,200,string_ppi - no_graph
TRMT112,0.9169856011867523,0.9157179594039917,0.0012676417827606201,2,replogle_rpe1,200,string_ppi - no_graph
TRNT1,0.6393454074859619,0.6268243789672852,0.012521028518676758,2,replogle_rpe1,200,string_ppi - no_graph
TSSK3,0.4165987968444824,0.41143880784511566,0.00515998899936676,2,replogle_rpe1,200,string_ppi - no_graph
TVP23C,-0.2749498635530472,-0.26628953218460083,-0.00866033136844635,2,replogle_rpe1,200,string_ppi - no_graph
VPS35,0.8938002586364746,0.8957802951335907,-0.001980036497116089,2,replogle_rpe1,200,string_ppi - no_graph
WBP1,-0.3506062775850296,-0.35085920989513397,0.0002529323101043701,2,replogle_rpe1,200,string_ppi - no_graph
ACTB,0.10877642035484314,0.06114346534013748,0.04763295501470566,1,replogle_rpe1,200,gene_ontology - no_graph
ADRM1,0.6463894844055176,0.6498091220855713,-0.003419637680053711,1,replogle_rpe1,200,gene_ontology - no_graph
ALG2,0.714303195476532,0.7091104388237,0.005192756652832031,1,replogle_rpe1,200,gene_ontology - no_graph
CAMLG,0.3403971791267395,0.3259849548339844,0.014412224292755127,1,replogle_rpe1,200,gene_ontology - no_graph
CCDC6,-0.2675139904022217,-0.27204054594039917,0.00452655553817749,1,replogle_rpe1,200,gene_ontology - no_graph
CCDC78,0.1753745675086975,0.16739781200885773,0.007976755499839783,1,replogle_rpe1,200,gene_ontology - no_graph
DDN,-0.3037313222885132,-0.30873560905456543,0.005004286766052246,1,replogle_rpe1,200,gene_ontology - no_graph
DDX46,0.8931527137756348,0.8923038244247437,0.0008488893508911133,1,replogle_rpe1,200,gene_ontology - no_graph
EMC3,0.6690565943717957,0.6878989934921265,-0.01884239912033081,1,replogle_rpe1,200,gene_ontology - no_graph
FBXO42,-0.41799765825271606,-0.41727185249328613,-0.0007258057594299316,1,replogle_rpe1,200,gene_ontology - no_graph
GEMIN4,0.7897874116897583,0.7811392545700073,0.008648157119750977,1,replogle_rpe1,200,gene_ontology - no_graph
GFM1,0.1551394760608673,0.13478049635887146,0.02035897970199585,1,replogle_rpe1,200,gene_ontology - no_graph
GPS2,-0.05752784013748169,-0.04421605169773102,-0.013311788439750671,1,replogle_rpe1,200,gene_ontology - no_graph
HAUS3,0.8731853365898132,0.8834302425384521,-0.010244905948638916,1,replogle_rpe1,200,gene_ontology - no_graph
HEATR1,0.8819554448127747,0.8985748887062073,-0.016619443893432617,1,replogle_rpe1,200,gene_ontology - no_graph
KCNA10,0.30252406001091003,0.3100157082080841,-0.007491648197174072,1,replogle_rpe1,200,gene_ontology - no_graph
LIMS1,0.41399073600769043,0.4137750566005707,0.00021567940711975098,1,replogle_rpe1,200,gene_ontology - no_graph
LRRC37A3,-0.20238050818443298,-0.20953750610351562,0.007156997919082642,1,replogle_rpe1,200,gene_ontology - no_graph
MALSU1,0.0919969379901886,0.07100500166416168,0.020991936326026917,1,replogle_rpe1,200,gene_ontology - no_graph
MEN1,0.06548362970352173,0.07617948949337006,-0.010695859789848328,1,replogle_rpe1,200,gene_ontology - no_graph
METTL1,0.1353614628314972,0.1415281444787979,-0.00616668164730072,1,replogle_rpe1,200,gene_ontology - no_graph
MRPS31,0.09213996678590775,0.07217679917812347,0.01996316760778427,1,replogle_rpe1,200,gene_ontology - no_graph
N6AMT1,0.3254612982273102,0.32747501134872437,-0.0020137131214141846,1,replogle_rpe1,200,gene_ontology - no_graph
NAA20,0.5388711094856262,0.5467809438705444,-0.007909834384918213,1,replogle_rpe1,200,gene_ontology - no_graph
NCOA4,0.14116701483726501,0.14100657403469086,0.00016044080257415771,1,replogle_rpe1,200,gene_ontology - no_graph
NDUFA4,-0.1701260805130005,-0.18033862113952637,0.010212540626525879,1,replogle_rpe1,200,gene_ontology - no_graph
NDUFS5,0.0958266332745552,0.09099657833576202,0.004830054938793182,1,replogle_rpe1,200,gene_ontology - no_graph
NOLC1,0.9130793809890747,0.9207989573478699,-0.007719576358795166,1,replogle_rpe1,200,gene_ontology - no_graph
NOMO3,0.8021104335784912,0.8080043196678162,-0.005893886089324951,1,replogle_rpe1,200,gene_ontology - no_graph
OVCA2,0.5383741855621338,0.5437020063400269,-0.005327820777893066,1,replogle_rpe1,200,gene_ontology - no_graph
PGAM5,-0.08033569902181625,-0.11813923716545105,0.037803538143634796,1,replogle_rpe1,200,gene_ontology - no_graph
POLR2D,0.5774312615394592,0.5808790922164917,-0.0034478306770324707,1,replogle_rpe1,200,gene_ontology - no_graph
POLR3C,0.7707548141479492,0.7571923732757568,0.013562440872192383,1,replogle_rpe1,200,gene_ontology - no_graph
PPP1R2,0.7832715511322021,0.7785581350326538,0.00471341609954834,1,replogle_rpe1,200,gene_ontology - no_graph
PRC1,0.7856000661849976,0.8492084741592407,-0.06360840797424316,1,replogle_rpe1,200,gene_ontology - no_graph
PSTK,0.8612583875656128,0.8668892979621887,-0.005630910396575928,1,replogle_rpe1,200,gene_ontology - no_graph
RRP12,0.9335626363754272,0.9486674070358276,-0.01510477066040039,1,replogle_rpe1,200,gene_ontology - no_graph
RUVBL2,0.8953044414520264,0.8992452621459961,-0.0039408206939697266,1,replogle_rpe1,200,gene_ontology - no_graph
SERBP1,0.00800430215895176,0.0028660763055086136,0.005138225853443146,1,replogle_rpe1,200,gene_ontology - no_graph
SETD5,0.7254003286361694,0.7274034023284912,-0.0020030736923217773,1,replogle_rpe1,200,gene_ontology - no_graph
SRCAP,0.1184522807598114,0.10834632813930511,0.010105952620506287,1,replogle_rpe1,200,gene_ontology - no_graph
SRSF11,-0.054551735520362854,-0.056649308651685715,0.0020975731313228607,1,replogle_rpe1,200,gene_ontology - no_graph
TAZ,0.5229187607765198,0.5234613418579102,-0.0005425810813903809,1,replogle_rpe1,200,gene_ontology - no_graph
TFAM,-0.06293892115354538,-0.052883923053741455,-0.010054998099803925,1,replogle_rpe1,200,gene_ontology - no_graph
TRMT112,0.9043475389480591,0.9144670963287354,-0.01011955738067627,1,replogle_rpe1,200,gene_ontology - no_graph
TRNT1,0.648442268371582,0.6268227100372314,0.021619558334350586,1,replogle_rpe1,200,gene_ontology - no_graph
TSSK3,0.4019819498062134,0.41137266159057617,-0.009390711784362793,1,replogle_rpe1,200,gene_ontology - no_graph
TVP23C,-0.2799190878868103,-0.26632004976272583,-0.013599038124084473,1,replogle_rpe1,200,gene_ontology - no_graph
VPS35,0.8817937970161438,0.895148754119873,-0.013354957103729248,1,replogle_rpe1,200,gene_ontology - no_graph
WBP1,-0.34309667348861694,-0.3515642583370209,0.00846758484840393,1,replogle_rpe1,200,gene_ontology - no_graph
ACTB,0.08113493397831917,0.05196896567940712,0.02916596829891205,2,replogle_rpe1,200,random - no_graph
ADRM1,0.6312412321567535,0.6495885848999023,-0.018347352743148804,2,replogle_rpe1,200,random - no_graph
ALG2,0.720802903175354,0.7079712450504303,0.012831658124923706,2,replogle_rpe1,200,random - no_graph
CAMLG,0.34443363547325134,0.3261892944574356,0.018244341015815735,2,replogle_rpe1,200,random - no_graph
CCDC6,-0.2135433629155159,-0.27209365367889404,0.05855029076337814,2,replogle_rpe1,200,random - no_graph
CCDC78,0.16937357932329178,0.16466525197029114,0.004708327353000641,2,replogle_rpe1,200,random - no_graph
DDN,-0.3024245649576187,-0.30872535705566406,0.006300792098045349,2,replogle_rpe1,200,random - no_graph
DDX46,0.884139209985733,0.8924355804920197,-0.008296370506286621,2,replogle_rpe1,200,random - no_graph
EMC3,0.6582610905170441,0.6889522671699524,-0.030691176652908325,2,replogle_rpe1,200,random - no_graph
FBXO42,-0.4176509827375412,-0.41748368740081787,-0.00016729533672332764,2,replogle_rpe1,200,random - no_graph
GEMIN4,0.7826013267040253,0.7812497913837433,0.0013515353202819824,2,replogle_rpe1,200,random - no_graph
GFM1,0.18332470208406448,0.13477836549282074,0.048546336591243744,2,replogle_rpe1,200,random - no_graph
GPS2,-0.04223574325442314,-0.04444929212331772,0.002213548868894577,2,replogle_rpe1,200,random - no_graph
HAUS3,0.8539861440658569,0.8841635584831238,-0.030177414417266846,2,replogle_rpe1,200,random - no_graph
HEATR1,0.8689954876899719,0.898979663848877,-0.02998417615890503,2,replogle_rpe1,200,random - no_graph
KCNA10,0.28984713554382324,0.3110956996679306,-0.02124856412410736,2,replogle_rpe1,200,random - no_graph
LIMS1,0.3969542682170868,0.4152432531118393,-0.018288984894752502,2,replogle_rpe1,200,random - no_graph
LRRC37A3,-0.1823180690407753,-0.2093251496553421,0.027007080614566803,2,replogle_rpe1,200,random - no_graph
MALSU1,0.12760359048843384,0.07113805785775185,0.05646553263068199,2,replogle_rpe1,200,random - no_graph
MEN1,0.053147092461586,0.07700064405798912,-0.023853551596403122,2,replogle_rpe1,200,random - no_graph
METTL1,0.14400748908519745,0.14142309874296188,0.002584390342235565,2,replogle_rpe1,200,random - no_graph
MRPS31,0.1342952847480774,0.0721748098731041,0.0621204748749733,2,replogle_rpe1,200,random - no_graph
N6AMT1,0.3232744187116623,0.32761140167713165,-0.00433698296546936,2,replogle_rpe1,200,random - no_graph
NAA20,0.504094809293747,0.5469302535057068,-0.04283544421195984,2,replogle_rpe1,200,random - no_graph
NCOA4,0.13971657305955887,0.14123893529176712,-0.001522362232208252,2,replogle_rpe1,200,random - no_graph
NDUFA4,-0.15923183411359787,-0.18090733885765076,0.021675504744052887,2,replogle_rpe1,200,random - no_graph
NDUFS5,0.09159157425165176,0.09223178029060364,-0.0006402060389518738,2,replogle_rpe1,200,random - no_graph
NOLC1,0.8995888531208038,0.9208138883113861,-0.021225035190582275,2,replogle_rpe1,200,random - no_graph
NOMO3,0.781845211982727,0.8092351853847504,-0.027389973402023315,2,replogle_rpe1,200,random - no_graph
OVCA2,0.5210310518741608,0.5412696897983551,-0.020238637924194336,2,replogle_rpe1,200,random - no_graph
PGAM5,-0.057165564969182014,-0.1178547702729702,0.060689205303788185,2,replogle_rpe1,200,random - no_graph
POLR2D,0.5608040988445282,0.580313503742218,-0.01950940489768982,2,replogle_rpe1,200,random - no_graph
POLR3C,0.7742233574390411,0.7567826509475708,0.017440706491470337,2,replogle_rpe1,200,random - no_graph
PPP1R2,0.7689633369445801,0.7789165377616882,-0.009953200817108154,2,replogle_rpe1,200,random - no_graph
PRC1,0.8070491552352905,0.8580896556377411,-0.05104050040245056,2,replogle_rpe1,200,random - no_graph
PSTK,0.8511027097702026,0.8668999075889587,-0.015797197818756104,2,replogle_rpe1,200,random - no_graph
RRP12,0.9152592420578003,0.948517918586731,-0.033258676528930664,2,replogle_rpe1,200,random - no_graph
RUVBL2,0.8812096118927002,0.8987583518028259,-0.017548739910125732,2,replogle_rpe1,200,random - no_graph
SERBP1,0.015818489715456963,0.0034335111267864704,0.012384978588670492,2,replogle_rpe1,200,random - no_graph
SETD5,0.7247432768344879,0.7274265289306641,-0.0026832520961761475,2,replogle_rpe1,200,random - no_graph
SRCAP,0.1286754608154297,0.10969343781471252,0.018982023000717163,2,replogle_rpe1,200,random - no_graph
SRSF11,-0.03139201831072569,-0.05680830776691437,0.02541628945618868,2,replogle_rpe1,200,random - no_graph
TAZ,0.5301613509654999,0.5239140689373016,0.006247282028198242,2,replogle_rpe1,200,random - no_graph
TFAM,0.006046835798770189,-0.05335083790123463,0.059397673700004816,2,replogle_rpe1,200,random - no_graph
TRMT112,0.8839122951030731,0.9157179594039917,-0.03180566430091858,2,replogle_rpe1,200,random - no_graph
TRNT1,0.6600545942783356,0.6268243789672852,0.033230215311050415,2,replogle_rpe1,200,random - no_graph
TSSK3,0.3802078366279602,0.41143880784511566,-0.031230971217155457,2,replogle_rpe1,200,random - no_graph
TVP23C,-0.2667309641838074,-0.26628953218460083,-0.00044143199920654297,2,replogle_rpe1,200,random - no_graph
VPS35,0.8629449307918549,0.8957802951335907,-0.03283536434173584,2,replogle_rpe1,200,random - no_graph
WBP1,-0.3409798741340637,-0.35085920989513397,0.009879335761070251,2,replogle_rpe1,200,random - no_graph
ACTB,0.2676990404725075,0.08113493397831917,0.1865641064941883,2,replogle_rpe1,200,combined - random
ADRM1,0.6476050019264221,0.6312412321567535,0.01636376976966858,2,replogle_rpe1,200,combined - random
ALG2,0.7182491421699524,0.720802903175354,-0.0025537610054016113,2,replogle_rpe1,200,combined - random
CAMLG,0.32992956042289734,0.34443363547325134,-0.014504075050354004,2,replogle_rpe1,200,combined - random
CCDC6,-0.28370627760887146,-0.2135433629155159,-0.07016291469335556,2,replogle_rpe1,200,combined - random
CCDC78,0.17375916242599487,0.16937357932329178,0.0043855831027030945,2,replogle_rpe1,200,combined - random
DDN,-0.3055416941642761,-0.3024245649576187,-0.0031171292066574097,2,replogle_rpe1,200,combined - random
DDX46,0.8926081359386444,0.884139209985733,0.008468925952911377,2,replogle_rpe1,200,combined - random
EMC3,0.6905811727046967,0.6582610905170441,0.03232008218765259,2,replogle_rpe1,200,combined - random
FBXO42,-0.41378870606422424,-0.4176509827375412,0.0038622766733169556,2,replogle_rpe1,200,combined - random
GEMIN4,0.7854239642620087,0.7826013267040253,0.0028226375579833984,2,replogle_rpe1,200,combined - random
GFM1,0.14713411033153534,0.18332470208406448,-0.036190591752529144,2,replogle_rpe1,200,combined - random
GPS2,-0.051207637414336205,-0.04223574325442314,-0.008971894159913063,2,replogle_rpe1,200,combined - random
HAUS3,0.8799580037593842,0.8539861440658569,0.02597185969352722,2,replogle_rpe1,200,combined - random
HEATR1,0.8845345377922058,0.8689954876899719,0.015539050102233887,2,replogle_rpe1,200,combined - random
KCNA10,0.31435610353946686,0.28984713554382324,0.024508967995643616,2,replogle_rpe1,200,combined - random
LIMS1,0.4128744304180145,0.3969542682170868,0.015920162200927734,2,replogle_rpe1,200,combined - random
LRRC37A3,-0.20285475999116898,-0.1823180690407753,-0.020536690950393677,2,replogle_rpe1,200,combined - random
MALSU1,0.08170712366700172,0.12760359048843384,-0.045896466821432114,2,replogle_rpe1,200,combined - random
MEN1,0.06897533312439919,0.053147092461586,0.015828240662813187,2,replogle_rpe1,200,combined - random
METTL1,0.1386890709400177,0.14400748908519745,-0.0053184181451797485,2,replogle_rpe1,200,combined - random
MRPS31,0.08000130578875542,0.1342952847480774,-0.054293978959321976,2,replogle_rpe1,200,combined - random
N6AMT1,0.32650911808013916,0.3232744187116623,0.0032346993684768677,2,replogle_rpe1,200,combined - random
NAA20,0.5385646522045135,0.504094809293747,0.0344698429107666,2,replogle_rpe1,200,combined - random
NCOA4,0.13912282139062881,0.13971657305955887,-0.0005937516689300537,2,replogle_rpe1,200,combined - random
NDUFA4,-0.16909968852996826,-0.15923183411359787,-0.009867854416370392,2,replogle_rpe1,200,combined - random
NDUFS5,0.09457189217209816,0.09159157425165176,0.002980317920446396,2,replogle_rpe1,200,combined - random
NOLC1,0.9204663634300232,0.8995888531208038,0.02087751030921936,2,replogle_rpe1,200,combined - random
NOMO3,0.8052415251731873,0.781845211982727,0.023396313190460205,2,replogle_rpe1,200,combined - random
OVCA2,0.5381395220756531,0.5210310518741608,0.01710847020149231,2,replogle_rpe1,200,combined - random
PGAM5,-0.09843941777944565,-0.057165564969182014,-0.041273852810263634,2,replogle_rpe1,200,combined - random
POLR2D,0.5762509107589722,0.5608040988445282,0.01544681191444397,2,replogle_rpe1,200,combined - random
POLR3C,0.7657571136951447,0.7742233574390411,-0.008466243743896484,2,replogle_rpe1,200,combined - random
PPP1R2,0.7855870723724365,0.7689633369445801,0.016623735427856445,2,replogle_rpe1,200,combined - random
PRC1,0.7845837473869324,0.8070491552352905,-0.022465407848358154,2,replogle_rpe1,200,combined - random
PSTK,0.8640549182891846,0.8511027097702026,0.012952208518981934,2,replogle_rpe1,200,combined - random
RRP12,0.9390539228916168,0.9152592420578003,0.02379468083381653,2,replogle_rpe1,200,combined - random
RUVBL2,0.8995716869831085,0.8812096118927002,0.018362075090408325,2,replogle_rpe1,200,combined - random
SERBP1,0.0032116486690938473,0.015818489715456963,-0.012606841046363115,2,replogle_rpe1,200,combined - random
SETD5,0.7277854084968567,0.7247432768344879,0.0030421316623687744,2,replogle_rpe1,200,combined - random
SRCAP,0.12476927787065506,0.1286754608154297,-0.0039061829447746277,2,replogle_rpe1,200,combined - random
SRSF11,-0.05609196424484253,-0.03139201831072569,-0.02469994593411684,2,replogle_rpe1,200,combined - random
TAZ,0.5205323696136475,0.5301613509654999,-0.009628981351852417,2,replogle_rpe1,200,combined - random
TFAM,-0.0653088167309761,0.006046835798770189,-0.0713556525297463,2,replogle_rpe1,200,combined - random
TRMT112,0.9068276584148407,0.8839122951030731,0.022915363311767578,2,replogle_rpe1,200,combined - random
TRNT1,0.6461509764194489,0.6600545942783356,-0.013903617858886719,2,replogle_rpe1,200,combined - random
TSSK3,0.4143925756216049,0.3802078366279602,0.034184738993644714,2,replogle_rpe1,200,combined - random
TVP23C,-0.27109195291996,-0.2667309641838074,-0.004360988736152649,2,replogle_rpe1,200,combined - random
VPS35,0.8954014182090759,0.8629449307918549,0.03245648741722107,2,replogle_rpe1,200,combined - random
WBP1,-0.3489132821559906,-0.3409798741340637,-0.00793340802192688,2,replogle_rpe1,200,combined - random
ACTB,0.32660241425037384,0.08113493397831917,0.24546748027205467,2,replogle_rpe1,200,string_ppi - random
ADRM1,0.6504706144332886,0.6312412321567535,0.019229382276535034,2,replogle_rpe1,200,string_ppi - random
ALG2,0.7093383967876434,0.720802903175354,-0.011464506387710571,2,replogle_rpe1,200,string_ppi - random
CAMLG,0.32425379753112793,0.34443363547325134,-0.020179837942123413,2,replogle_rpe1,200,string_ppi - random
CCDC6,-0.28529730439186096,-0.2135433629155159,-0.07175394147634506,2,replogle_rpe1,200,string_ppi - random
CCDC78,0.17146188765764236,0.16937357932329178,0.002088308334350586,2,replogle_rpe1,200,string_ppi - random
DDN,-0.30610455572605133,-0.3024245649576187,-0.003679990768432617,2,replogle_rpe1,200,string_ppi - random
DDX46,0.8948678374290466,0.884139209985733,0.010728627443313599,2,replogle_rpe1,200,string_ppi - random
EMC3,0.6794400215148926,0.6582610905170441,0.02117893099784851,2,replogle_rpe1,200,string_ppi - random
FBXO42,-0.4159330725669861,-0.4176509827375412,0.0017179101705551147,2,replogle_rpe1,200,string_ppi - random
GEMIN4,0.7885797917842865,0.7826013267040253,0.0059784650802612305,2,replogle_rpe1,200,string_ppi - random
GFM1,0.1554577276110649,0.18332470208406448,-0.027866974472999573,2,replogle_rpe1,200,string_ppi - random
GPS2,-0.05707405135035515,-0.04223574325442314,-0.014838308095932007,2,replogle_rpe1,200,string_ppi - random
HAUS3,0.8787215948104858,0.8539861440658569,0.024735450744628906,2,replogle_rpe1,200,string_ppi - random
HEATR1,0.8921195268630981,0.8689954876899719,0.02312403917312622,2,replogle_rpe1,200,string_ppi - random
KCNA10,0.3080762028694153,0.28984713554382324,0.01822906732559204,2,replogle_rpe1,200,string_ppi - random
LIMS1,0.42097383737564087,0.3969542682170868,0.024019569158554077,2,replogle_rpe1,200,string_ppi - random
LRRC37A3,-0.2067137360572815,-0.1823180690407753,-0.024395667016506195,2,replogle_rpe1,200,string_ppi - random
MALSU1,0.09384695068001747,0.12760359048843384,-0.03375663980841637,2,replogle_rpe1,200,string_ppi - random
MEN1,0.07457670196890831,0.053147092461586,0.02142960950732231,2,replogle_rpe1,200,string_ppi - random
METTL1,0.1408529356122017,0.14400748908519745,-0.003154553472995758,2,replogle_rpe1,200,string_ppi - random
MRPS31,0.08222848549485207,0.1342952847480774,-0.05206679925322533,2,replogle_rpe1,200,string_ppi - random
N6AMT1,0.3189819008111954,0.3232744187116623,-0.004292517900466919,2,replogle_rpe1,200,string_ppi - random
NAA20,0.5469544529914856,0.504094809293747,0.04285964369773865,2,replogle_rpe1,200,string_ppi - random
NCOA4,0.13873063027858734,0.13971657305955887,-0.000985942780971527,2,replogle_rpe1,200,string_ppi - random
NDUFA4,-0.16961463540792465,-0.15923183411359787,-0.010382801294326782,2,replogle_rpe1,200,string_ppi - random
NDUFS5,0.09077813848853111,0.09159157425165176,-0.0008134357631206512,2,replogle_rpe1,200,string_ppi - random
NOLC1,0.9187743067741394,0.8995888531208038,0.01918545365333557,2,replogle_rpe1,200,string_ppi - random
NOMO3,0.803168386220932,0.781845211982727,0.021323174238204956,2,replogle_rpe1,200,string_ppi - random
OVCA2,0.5413856208324432,0.5210310518741608,0.02035456895828247,2,replogle_rpe1,200,string_ppi - random
PGAM5,-0.10166499763727188,-0.057165564969182014,-0.04449943266808987,2,replogle_rpe1,200,string_ppi - random
POLR2D,0.5743794739246368,0.5608040988445282,0.013575375080108643,2,replogle_rpe1,200,string_ppi - random
POLR3C,0.7606334686279297,0.7742233574390411,-0.01358988881111145,2,replogle_rpe1,200,string_ppi - random
PPP1R2,0.7874352633953094,0.7689633369445801,0.01847192645072937,2,replogle_rpe1,200,string_ppi - random
PRC1,0.8156537711620331,0.8070491552352905,0.008604615926742554,2,replogle_rpe1,200,string_ppi - random
PSTK,0.8631377518177032,0.8511027097702026,0.01203504204750061,2,replogle_rpe1,200,string_ppi - random
RRP12,0.9399020373821259,0.9152592420578003,0.02464279532432556,2,replogle_rpe1,200,string_ppi - random
RUVBL2,0.898187667131424,0.8812096118927002,0.016978055238723755,2,replogle_rpe1,200,string_ppi - random
SERBP1,-0.00035628676414489746,0.015818489715456963,-0.01617477647960186,2,replogle_rpe1,200,string_ppi - random
SETD5,0.7243920564651489,0.7247432768344879,-0.00035122036933898926,2,replogle_rpe1,200,string_ppi - random
SRCAP,0.12527531385421753,0.1286754608154297,-0.003400146961212158,2,replogle_rpe1,200,string_ppi - random
SRSF11,-0.05040464363992214,-0.03139201831072569,-0.019012625329196453,2,replogle_rpe1,200,string_ppi - random
TAZ,0.5271946489810944,0.5301613509654999,-0.0029667019844055176,2,replogle_rpe1,200,string_ppi - random
TFAM,-0.06618174910545349,0.006046835798770189,-0.07222858490422368,2,replogle_rpe1,200,string_ppi - random
TRMT112,0.9169856011867523,0.8839122951030731,0.0330733060836792,2,replogle_rpe1,200,string_ppi - random
TRNT1,0.6393454074859619,0.6600545942783356,-0.020709186792373657,2,replogle_rpe1,200,string_ppi - random
TSSK3,0.4165987968444824,0.3802078366279602,0.03639096021652222,2,replogle_rpe1,200,string_ppi - random
TVP23C,-0.2749498635530472,-0.2667309641838074,-0.008218899369239807,2,replogle_rpe1,200,string_ppi - random
VPS35,0.8938002586364746,0.8629449307918549,0.03085532784461975,2,replogle_rpe1,200,string_ppi - random
WBP1,-0.3506062775850296,-0.3409798741340637,-0.009626403450965881,2,replogle_rpe1,200,string_ppi - random
ACTB,0.10877642035484314,0.1629945933818817,-0.054218173027038574,1,replogle_rpe1,200,gene_ontology - random
ADRM1,0.6463894844055176,0.6310965418815613,0.015292942523956299,1,replogle_rpe1,200,gene_ontology - random
ALG2,0.714303195476532,0.7213702201843262,-0.0070670247077941895,1,replogle_rpe1,200,gene_ontology - random
CAMLG,0.3403971791267395,0.34451037645339966,-0.004113197326660156,1,replogle_rpe1,200,gene_ontology - random
CCDC6,-0.2675139904022217,-0.2133341133594513,-0.054179877042770386,1,replogle_rpe1,200,gene_ontology - random
CCDC78,0.1753745675086975,0.16889764368534088,0.006476923823356628,1,replogle_rpe1,200,gene_ontology - random
DDN,-0.3037313222885132,-0.3029119372367859,-0.0008193850517272949,1,replogle_rpe1,200,gene_ontology - random
DDX46,0.8931527137756348,0.884093701839447,0.009059011936187744,1,replogle_rpe1,200,gene_ontology - random
EMC3,0.6690565943717957,0.6575282216072083,0.011528372764587402,1,replogle_rpe1,200,gene_ontology - random
FBXO42,-0.41799765825271606,-0.42004111409187317,0.0020434558391571045,1,replogle_rpe1,200,gene_ontology - random
GEMIN4,0.7897874116897583,0.7816788554191589,0.008108556270599365,1,replogle_rpe1,200,gene_ontology - random
GFM1,0.1551394760608673,0.18295325338840485,-0.027813777327537537,1,replogle_rpe1,200,gene_ontology - random
GPS2,-0.05752784013748169,-0.042131002992391586,-0.015396837145090103,1,replogle_rpe1,200,gene_ontology - random
HAUS3,0.8731853365898132,0.8542156219482422,0.018969714641571045,1,replogle_rpe1,200,gene_ontology - random
HEATR1,0.8819554448127747,0.868561863899231,0.013393580913543701,1,replogle_rpe1,200,gene_ontology - random
KCNA10,0.30252406001091003,0.2893293499946594,0.01319471001625061,1,replogle_rpe1,200,gene_ontology - random
LIMS1,0.41399073600769043,0.3996222913265228,0.014368444681167603,1,replogle_rpe1,200,gene_ontology - random
LRRC37A3,-0.20238050818443298,-0.18205328285694122,-0.02032722532749176,1,replogle_rpe1,200,gene_ontology - random
MALSU1,0.0919969379901886,0.12827558815479279,-0.03627865016460419,1,replogle_rpe1,200,gene_ontology - random
MEN1,0.06548362970352173,0.05402952432632446,0.011454105377197266,1,replogle_rpe1,200,gene_ontology - random
METTL1,0.1353614628314972,0.14444608986377716,-0.009084627032279968,1,replogle_rpe1,200,gene_ontology - random
MRPS31,0.09213996678590775,0.13295793533325195,-0.04081796854734421,1,replogle_rpe1,200,gene_ontology - random
N6AMT1,0.3254612982273102,0.3234250545501709,0.0020362436771392822,1,replogle_rpe1,200,gene_ontology - random
NAA20,0.5388711094856262,0.5044754147529602,0.034395694732666016,1,replogle_rpe1,200,gene_ontology - random
NCOA4,0.14116701483726501,0.13613370060920715,0.005033314228057861,1,replogle_rpe1,200,gene_ontology - random
NDUFA4,-0.1701260805130005,-0.160854771733284,-0.009271308779716492,1,replogle_rpe1,200,gene_ontology - random
NDUFS5,0.0958266332745552,0.0931989848613739,0.002627648413181305,1,replogle_rpe1,200,gene_ontology - random
NOLC1,0.9130793809890747,0.8998757600784302,0.013203620910644531,1,replogle_rpe1,200,gene_ontology - random
NOMO3,0.8021104335784912,0.7828458547592163,0.019264578819274902,1,replogle_rpe1,200,gene_ontology - random
OVCA2,0.5383741855621338,0.5210967659950256,0.017277419567108154,1,replogle_rpe1,200,gene_ontology - random
PGAM5,-0.08033569902181625,-0.05827385559678078,-0.022061843425035477,1,replogle_rpe1,200,gene_ontology - random
POLR2D,0.5774312615394592,0.5612437129020691,0.016187548637390137,1,replogle_rpe1,200,gene_ontology - random
POLR3C,0.7707548141479492,0.7764427065849304,-0.005687892436981201,1,replogle_rpe1,200,gene_ontology - random
PPP1R2,0.7832715511322021,0.769048273563385,0.014223277568817139,1,replogle_rpe1,200,gene_ontology - random
PRC1,0.7856000661849976,0.8026735782623291,-0.017073512077331543,1,replogle_rpe1,200,gene_ontology - random
PSTK,0.8612583875656128,0.8505886793136597,0.010669708251953125,1,replogle_rpe1,200,gene_ontology - random
RRP12,0.9335626363754272,0.9150742292404175,0.018488407135009766,1,replogle_rpe1,200,gene_ontology - random
RUVBL2,0.8953044414520264,0.8810773491859436,0.014227092266082764,1,replogle_rpe1,200,gene_ontology - random
SERBP1,0.00800430215895176,0.015293940901756287,-0.007289638742804527,1,replogle_rpe1,200,gene_ontology - random
SETD5,0.7254003286361694,0.724056601524353,0.0013437271118164062,1,replogle_rpe1,200,gene_ontology - random
SRCAP,0.1184522807598114,0.1287756860256195,-0.010323405265808105,1,replogle_rpe1,200,gene_ontology - random
SRSF11,-0.054551735520362854,-0.03436993807554245,-0.020181797444820404,1,replogle_rpe1,200,gene_ontology - random
TAZ,0.5229187607765198,0.5297724008560181,-0.006853640079498291,1,replogle_rpe1,200,gene_ontology - random
TFAM,-0.06293892115354538,0.006370468996465206,-0.06930939015001059,1,replogle_rpe1,200,gene_ontology - random
TRMT112,0.9043475389480591,0.8822324872016907,0.022115051746368408,1,replogle_rpe1,200,gene_ontology - random
TRNT1,0.648442268371582,0.661169171333313,-0.012726902961730957,1,replogle_rpe1,200,gene_ontology - random
TSSK3,0.4019819498062134,0.3797413110733032,0.022240638732910156,1,replogle_rpe1,200,gene_ontology - random
TVP23C,-0.2799190878868103,-0.2666170001029968,-0.013302087783813477,1,replogle_rpe1,200,gene_ontology - random
VPS35,0.8817937970161438,0.8626195192337036,0.019174277782440186,1,replogle_rpe1,200,gene_ontology - random
WBP1,-0.34309667348861694,-0.3403966426849365,-0.00270003080368042,1,replogle_rpe1,200,gene_ontology - random
ACTB,-0.17832785844802856,-0.1620909422636032,-0.016236916184425354,2,replogle_rpe1,500,combined - no_graph
ADRM1,0.5801289677619934,0.5859288275241852,-0.0057998597621917725,2,replogle_rpe1,500,combined - no_graph
ALG2,0.7132466733455658,0.7016125321388245,0.011634141206741333,2,replogle_rpe1,500,combined - no_graph
CAMLG,0.3133266568183899,0.30565860867500305,0.007668048143386841,2,replogle_rpe1,500,combined - no_graph
CCDC6,-0.26312704384326935,-0.27707521617412567,0.013948172330856323,2,replogle_rpe1,500,combined - no_graph
CCDC78,0.1752171292901039,0.1710459589958191,0.0041711702942848206,2,replogle_rpe1,500,combined - no_graph
DDN,-0.20372895151376724,-0.20919103175401688,0.005462080240249634,2,replogle_rpe1,500,combined - no_graph
DDX46,0.8626298904418945,0.8647573590278625,-0.0021274685859680176,2,replogle_rpe1,500,combined - no_graph
EMC3,0.6501525044441223,0.661830723285675,-0.011678218841552734,2,replogle_rpe1,500,combined - no_graph
FBXO42,-0.36930061876773834,-0.3710726797580719,0.0017720609903335571,2,replogle_rpe1,500,combined - no_graph
GEMIN4,0.7879049777984619,0.7800827026367188,0.007822275161743164,2,replogle_rpe1,500,combined - no_graph
GFM1,0.18894489109516144,0.16476339101791382,0.02418150007724762,2,replogle_rpe1,500,combined - no_graph
GPS2,-0.0886295959353447,-0.08929283171892166,0.0006632357835769653,2,replogle_rpe1,500,combined - no_graph
HAUS3,0.8626980185508728,0.8679149150848389,-0.0052168965339660645,2,replogle_rpe1,500,combined - no_graph
HEATR1,0.8516744673252106,0.8616473078727722,-0.009972840547561646,2,replogle_rpe1,500,combined - no_graph
KCNA10,0.20460245013237,0.20995520800352097,-0.0053527578711509705,2,replogle_rpe1,500,combined - no_graph
LIMS1,0.26185333728790283,0.2673345357179642,-0.00548119843006134,2,replogle_rpe1,500,combined - no_graph
LRRC37A3,-0.2768232524394989,-0.28440074622631073,0.007577493786811829,2,replogle_rpe1,500,combined - no_graph
MALSU1,0.08897490799427032,0.0740220658481121,0.014952842146158218,2,replogle_rpe1,500,combined - no_graph
MEN1,0.13012370467185974,0.14229550957679749,-0.012171804904937744,2,replogle_rpe1,500,combined - no_graph
METTL1,0.18657544255256653,0.18828070163726807,-0.001705259084701538,2,replogle_rpe1,500,combined - no_graph
MRPS31,0.052050529047846794,0.04653601348400116,0.0055145155638456345,2,replogle_rpe1,500,combined - no_graph
N6AMT1,0.277132585644722,0.27945634722709656,-0.0023237615823745728,2,replogle_rpe1,500,combined - no_graph
NAA20,0.5134069621562958,0.5246798098087311,-0.011272847652435303,2,replogle_rpe1,500,combined - no_graph
NCOA4,0.10004322975873947,0.09455310180783272,0.0054901279509067535,2,replogle_rpe1,500,combined - no_graph
NDUFA4,-0.05610523000359535,-0.0669587031006813,0.010853473097085953,2,replogle_rpe1,500,combined - no_graph
NDUFS5,0.1620006188750267,0.15548714250326157,0.006513476371765137,2,replogle_rpe1,500,combined - no_graph
NOLC1,0.8885162174701691,0.8958930969238281,-0.007376879453659058,2,replogle_rpe1,500,combined - no_graph
NOMO3,0.7241215407848358,0.7284197509288788,-0.004298210144042969,2,replogle_rpe1,500,combined - no_graph
OVCA2,0.41184312105178833,0.4178026020526886,-0.0059594810009002686,2,replogle_rpe1,500,combined - no_graph
PGAM5,-0.08241625130176544,-0.10167279094457626,0.01925653964281082,2,replogle_rpe1,500,combined - no_graph
POLR2D,0.5951326489448547,0.5988083779811859,-0.0036757290363311768,2,replogle_rpe1,500,combined - no_graph
POLR3C,0.7613854110240936,0.7496896982192993,0.011695712804794312,2,replogle_rpe1,500,combined - no_graph
PPP1R2,0.767201691865921,0.7697516977787018,-0.0025500059127807617,2,replogle_rpe1,500,combined - no_graph
PRC1,0.8071155846118927,0.8638873398303986,-0.05677175521850586,2,replogle_rpe1,500,combined - no_graph
PSTK,0.8301568925380707,0.8328239917755127,-0.0026670992374420166,2,replogle_rpe1,500,combined - no_graph
RRP12,0.9148730337619781,0.9263254106044769,-0.01145237684249878,2,replogle_rpe1,500,combined - no_graph
RUVBL2,0.8870853781700134,0.8913663625717163,-0.004280984401702881,2,replogle_rpe1,500,combined - no_graph
SERBP1,0.020327680744230747,0.016691099852323532,0.003636580891907215,2,replogle_rpe1,500,combined - no_graph
SETD5,0.7088943421840668,0.7058291137218475,0.0030652284622192383,2,replogle_rpe1,500,combined - no_graph
SRCAP,0.13287527114152908,0.12528213113546371,0.007593140006065369,2,replogle_rpe1,500,combined - no_graph
SRSF11,0.05302388593554497,0.04643803834915161,0.006585847586393356,2,replogle_rpe1,500,combined - no_graph
TAZ,0.5340526401996613,0.5322543978691101,0.0017982423305511475,2,replogle_rpe1,500,combined - no_graph
TFAM,-0.027645588852465153,-0.03966960683465004,0.012024017982184887,2,replogle_rpe1,500,combined - no_graph
TRMT112,0.8948975801467896,0.9045319557189941,-0.00963437557220459,2,replogle_rpe1,500,combined - no_graph
TRNT1,0.6569897830486298,0.6379097104072571,0.01908007264137268,2,replogle_rpe1,500,combined - no_graph
TSSK3,0.3304775804281235,0.3399379551410675,-0.00946037471294403,2,replogle_rpe1,500,combined - no_graph
TVP23C,-0.23506950587034225,-0.23134972900152206,-0.0037197768688201904,2,replogle_rpe1,500,combined - no_graph
VPS35,0.8622251749038696,0.8748889863491058,-0.012663811445236206,2,replogle_rpe1,500,combined - no_graph
WBP1,-0.2861524969339371,-0.29045993089675903,0.0043074339628219604,2,replogle_rpe1,500,combined - no_graph
ACTB,-0.03445757180452347,-0.1620909422636032,0.12763337045907974,2,replogle_rpe1,500,string_ppi - no_graph
ADRM1,0.5829579830169678,0.5859288275241852,-0.0029708445072174072,2,replogle_rpe1,500,string_ppi - no_graph
ALG2,0.71210578083992,0.7016125321388245,0.010493248701095581,2,replogle_rpe1,500,string_ppi - no_graph
CAMLG,0.3153218924999237,0.30565860867500305,0.009663283824920654,2,replogle_rpe1,500,string_ppi - no_graph
CCDC6,-0.2811940312385559,-0.27707521617412567,-0.004118815064430237,2,replogle_rpe1,500,string_ppi - no_graph
CCDC78,0.1745292991399765,0.1710459589958191,0.0034833401441574097,2,replogle_rpe1,500,string_ppi - no_graph
DDN,-0.20435331016778946,-0.20919103175401688,0.004837721586227417,2,replogle_rpe1,500,string_ppi - no_graph
DDX46,0.8670695424079895,0.8647573590278625,0.002312183380126953,2,replogle_rpe1,500,string_ppi - no_graph
EMC3,0.6470449864864349,0.661830723285675,-0.014785736799240112,2,replogle_rpe1,500,string_ppi - no_graph
FBXO42,-0.3651069104671478,-0.3710726797580719,0.005965769290924072,2,replogle_rpe1,500,string_ppi - no_graph
GEMIN4,0.7926207780838013,0.7800827026367188,0.01253807544708252,2,replogle_rpe1,500,string_ppi - no_graph
GFM1,0.18253816664218903,0.16476339101791382,0.017774775624275208,2,replogle_rpe1,500,string_ppi - no_graph
GPS2,-0.08733382448554039,-0.08929283171892166,0.0019590072333812714,2,replogle_rpe1,500,string_ppi - no_graph
HAUS3,0.8646716177463531,0.8679149150848389,-0.0032432973384857178,2,replogle_rpe1,500,string_ppi - no_graph
HEATR1,0.8495790958404541,0.8616473078727722,-0.012068212032318115,2,replogle_rpe1,500,string_ppi - no_graph
KCNA10,0.20140808820724487,0.20995520800352097,-0.008547119796276093,2,replogle_rpe1,500,string_ppi - no_graph
LIMS1,0.2627531588077545,0.2673345357179642,-0.004581376910209656,2,replogle_rpe1,500,string_ppi - no_graph
LRRC37A3,-0.28224730491638184,-0.28440074622631073,0.002153441309928894,2,replogle_rpe1,500,string_ppi - no_graph
MALSU1,0.10229461640119553,0.0740220658481121,0.02827255055308342,2,replogle_rpe1,500,string_ppi - no_graph
MEN1,0.13309752196073532,0.14229550957679749,-0.009197987616062164,2,replogle_rpe1,500,string_ppi - no_graph
METTL1,0.19203657656908035,0.18828070163726807,0.0037558749318122864,2,replogle_rpe1,500,string_ppi - no_graph
MRPS31,0.06340678967535496,0.04653601348400116,0.016870776191353798,2,replogle_rpe1,500,string_ppi - no_graph
N6AMT1,0.2755919396877289,0.27945634722709656,-0.0038644075393676758,2,replogle_rpe1,500,string_ppi - no_graph
NAA20,0.5134662985801697,0.5246798098087311,-0.011213511228561401,2,replogle_rpe1,500,string_ppi - no_graph
NCOA4,0.09674623981118202,0.09455310180783272,0.002193138003349304,2,replogle_rpe1,500,string_ppi - no_graph
NDUFA4,-0.05408395081758499,-0.0669587031006813,0.012874752283096313,2,replogle_rpe1,500,string_ppi - no_graph
NDUFS5,0.1630573570728302,0.15548714250326157,0.007570214569568634,2,replogle_rpe1,500,string_ppi - no_graph
NOLC1,0.8873215615749359,0.8958930969238281,-0.008571535348892212,2,replogle_rpe1,500,string_ppi - no_graph
NOMO3,0.7184121608734131,0.7284197509288788,-0.010007590055465698,2,replogle_rpe1,500,string_ppi - no_graph
OVCA2,0.4121014177799225,0.4178026020526886,-0.005701184272766113,2,replogle_rpe1,500,string_ppi - no_graph
PGAM5,-0.08136580511927605,-0.10167279094457626,0.020306985825300217,2,replogle_rpe1,500,string_ppi - no_graph
POLR2D,0.5904911160469055,0.5988083779811859,-0.008317261934280396,2,replogle_rpe1,500,string_ppi - no_graph
POLR3C,0.7605489492416382,0.7496896982192993,0.010859251022338867,2,replogle_rpe1,500,string_ppi - no_graph
PPP1R2,0.7671943604946136,0.7697516977787018,-0.0025573372840881348,2,replogle_rpe1,500,string_ppi - no_graph
PRC1,0.8337278068065643,0.8638873398303986,-0.03015953302383423,2,replogle_rpe1,500,string_ppi - no_graph
PSTK,0.8284544348716736,0.8328239917755127,-0.004369556903839111,2,replogle_rpe1,500,string_ppi - no_graph
RRP12,0.9121117889881134,0.9263254106044769,-0.014213621616363525,2,replogle_rpe1,500,string_ppi - no_graph
RUVBL2,0.889619767665863,0.8913663625717163,-0.0017465949058532715,2,replogle_rpe1,500,string_ppi - no_graph
SERBP1,0.019806514494121075,0.016691099852323532,0.0031154146417975426,2,replogle_rpe1,500,string_ppi - no_graph
SETD5,0.707793265581131,0.7058291137218475,0.0019641518592834473,2,replogle_rpe1,500,string_ppi - no_graph
SRCAP,0.13515069335699081,0.12528213113546371,0.0098685622215271,2,replogle_rpe1,500,string_ppi - no_graph
SRSF11,0.05186017230153084,0.04643803834915161,0.005422133952379227,2,replogle_rpe1,500,string_ppi - no_graph
TAZ,0.5385087430477142,0.5322543978691101,0.006254345178604126,2,replogle_rpe1,500,string_ppi - no_graph
TFAM,-0.04240632615983486,-0.03966960683465004,-0.002736719325184822,2,replogle_rpe1,500,string_ppi - no_graph
TRMT112,0.8956971764564514,0.9045319557189941,-0.008834779262542725,2,replogle_rpe1,500,string_ppi - no_graph
TRNT1,0.6604962050914764,0.6379097104072571,0.02258649468421936,2,replogle_rpe1,500,string_ppi - no_graph
TSSK3,0.3292928636074066,0.3399379551410675,-0.010645091533660889,2,replogle_rpe1,500,string_ppi - no_graph
TVP23C,-0.2325112596154213,-0.23134972900152206,-0.001161530613899231,2,replogle_rpe1,500,string_ppi - no_graph
VPS35,0.8560454249382019,0.8748889863491058,-0.01884356141090393,2,replogle_rpe1,500,string_ppi - no_graph
WBP1,-0.2864338755607605,-0.29045993089675903,0.004026055335998535,2,replogle_rpe1,500,string_ppi - no_graph
ACTB,-0.1512921303510666,-0.16263824701309204,0.011346116662025452,1,replogle_rpe1,500,gene_ontology - no_graph
ADRM1,0.579339325428009,0.5862875580787659,-0.006948232650756836,1,replogle_rpe1,500,gene_ontology - no_graph
ALG2,0.7086659669876099,0.7011905908584595,0.007475376129150391,1,replogle_rpe1,500,gene_ontology - no_graph
CAMLG,0.31551381945610046,0.3062458336353302,0.009267985820770264,1,replogle_rpe1,500,gene_ontology - no_graph
CCDC6,-0.25478580594062805,-0.2767044007778168,0.02191859483718872,1,replogle_rpe1,500,gene_ontology - no_graph
CCDC78,0.17439192533493042,0.1714368760585785,0.0029550492763519287,1,replogle_rpe1,500,gene_ontology - no_graph
DDN,-0.20414064824581146,-0.20934762060642242,0.005206972360610962,1,replogle_rpe1,500,gene_ontology - no_graph
DDX46,0.8663349151611328,0.8648428916931152,0.0014920234680175781,1,replogle_rpe1,500,gene_ontology - no_graph
EMC3,0.6505881547927856,0.658989667892456,-0.00840151309967041,1,replogle_rpe1,500,gene_ontology - no_graph
FBXO42,-0.36632266640663147,-0.3710900545120239,0.004767388105392456,1,replogle_rpe1,500,gene_ontology - no_graph
GEMIN4,0.7892177700996399,0.7801221609115601,0.009095609188079834,1,replogle_rpe1,500,gene_ontology - no_graph
GFM1,0.17962336540222168,0.1645614504814148,0.015061914920806885,1,replogle_rpe1,500,gene_ontology - no_graph
GPS2,-0.09542679041624069,-0.08847483992576599,-0.006951950490474701,1,replogle_rpe1,500,gene_ontology - no_graph
HAUS3,0.8570640683174133,0.8685058355331421,-0.01144176721572876,1,replogle_rpe1,500,gene_ontology - no_graph
HEATR1,0.8496298789978027,0.8617773056030273,-0.01214742660522461,1,replogle_rpe1,500,gene_ontology - no_graph
KCNA10,0.1993405669927597,0.20825432240962982,-0.008913755416870117,1,replogle_rpe1,500,gene_ontology - no_graph
LIMS1,0.2595224976539612,0.26732391119003296,-0.007801413536071777,1,replogle_rpe1,500,gene_ontology - no_graph
LRRC37A3,-0.2791838049888611,-0.28429827094078064,0.005114465951919556,1,replogle_rpe1,500,gene_ontology - no_graph
MALSU1,0.10871309041976929,0.07430930435657501,0.034403786063194275,1,replogle_rpe1,500,gene_ontology - no_graph
MEN1,0.13051384687423706,0.14271610975265503,-0.012202262878417969,1,replogle_rpe1,500,gene_ontology - no_graph
METTL1,0.19111084938049316,0.18814027309417725,0.002970576286315918,1,replogle_rpe1,500,gene_ontology - no_graph
MRPS31,0.058351777493953705,0.0462120845913887,0.012139692902565002,1,replogle_rpe1,500,gene_ontology - no_graph
N6AMT1,0.27588850259780884,0.2792161703109741,-0.003327667713165283,1,replogle_rpe1,500,gene_ontology - no_graph
NAA20,0.5135047435760498,0.5249989032745361,-0.011494159698486328,1,replogle_rpe1,500,gene_ontology - no_graph
NCOA4,0.0987112820148468,0.09453430026769638,0.004176981747150421,1,replogle_rpe1,500,gene_ontology - no_graph
NDUFA4,-0.05486784875392914,-0.06637313961982727,0.011505290865898132,1,replogle_rpe1,500,gene_ontology - no_graph
NDUFS5,0.16140799224376678,0.15534178912639618,0.0060662031173706055,1,replogle_rpe1,500,gene_ontology - no_graph
NOLC1,0.8841190338134766,0.8955590128898621,-0.011439979076385498,1,replogle_rpe1,500,gene_ontology - no_graph
NOMO3,0.7199001312255859,0.7286444902420044,-0.008744359016418457,1,replogle_rpe1,500,gene_ontology - no_graph
OVCA2,0.41170793771743774,0.41808006167411804,-0.006372123956680298,1,replogle_rpe1,500,gene_ontology - no_graph
PGAM5,-0.06972157955169678,-0.10218150913715363,0.03245992958545685,1,replogle_rpe1,500,gene_ontology - no_graph
POLR2D,0.5891625881195068,0.598809003829956,-0.009646415710449219,1,replogle_rpe1,500,gene_ontology - no_graph
POLR3C,0.7655914425849915,0.7510361671447754,0.014555275440216064,1,replogle_rpe1,500,gene_ontology - no_graph
PPP1R2,0.7707846164703369,0.769457221031189,0.0013273954391479492,1,replogle_rpe1,500,gene_ontology - no_graph
PRC1,0.8289065361022949,0.8632122874259949,-0.03430575132369995,1,replogle_rpe1,500,gene_ontology - no_graph
PSTK,0.8266345262527466,0.8328105211257935,-0.006175994873046875,1,replogle_rpe1,500,gene_ontology - no_graph
RRP12,0.91364586353302,0.9264556765556335,-0.012809813022613525,1,replogle_rpe1,500,gene_ontology - no_graph
RUVBL2,0.8896647691726685,0.8913265466690063,-0.0016617774963378906,1,replogle_rpe1,500,gene_ontology - no_graph
SERBP1,0.023155929520726204,0.01640402153134346,0.006751907989382744,1,replogle_rpe1,500,gene_ontology - no_graph
SETD5,0.704542875289917,0.7051653265953064,-0.0006224513053894043,1,replogle_rpe1,500,gene_ontology - no_graph
SRCAP,0.1333581954240799,0.12531942129135132,0.008038774132728577,1,replogle_rpe1,500,gene_ontology - no_graph
SRSF11,0.05031833052635193,0.04654036462306976,0.0037779659032821655,1,replogle_rpe1,500,gene_ontology - no_graph
TAZ,0.5366743803024292,0.5321712493896484,0.004503130912780762,1,replogle_rpe1,500,gene_ontology - no_graph
TFAM,-0.036826882511377335,-0.039716385304927826,0.0028895027935504913,1,replogle_rpe1,500,gene_ontology - no_graph
TRMT112,0.8919880390167236,0.904732346534729,-0.012744307518005371,1,replogle_rpe1,500,gene_ontology - no_graph
TRNT1,0.6643105745315552,0.637791633605957,0.026518940925598145,1,replogle_rpe1,500,gene_ontology - no_graph
TSSK3,0.3276255130767822,0.3390495777130127,-0.011424064636230469,1,replogle_rpe1,500,gene_ontology - no_graph
TVP23C,-0.2373342514038086,-0.23108208179473877,-0.006252169609069824,1,replogle_rpe1,500,gene_ontology - no_graph
VPS35,0.8588868379592896,0.8745694160461426,-0.015682578086853027,1,replogle_rpe1,500,gene_ontology - no_graph
WBP1,-0.28295624256134033,-0.29039424657821655,0.007438004016876221,1,replogle_rpe1,500,gene_ontology - no_graph
ACTB,-0.08109288290143013,-0.1620909422636032,0.08099805936217308,2,replogle_rpe1,500,random - no_graph
ADRM1,0.5704763531684875,0.5859288275241852,-0.015452474355697632,2,replogle_rpe1,500,random - no_graph
ALG2,0.7136842310428619,0.7016125321388245,0.012071698904037476,2,replogle_rpe1,500,random - no_graph
CAMLG,0.32081519067287445,0.30565860867500305,0.015156581997871399,2,replogle_rpe1,500,random - no_graph
CCDC6,-0.24082022905349731,-0.27707521617412567,0.03625498712062836,2,replogle_rpe1,500,random - no_graph
CCDC78,0.17437170445919037,0.1710459589958191,0.003325745463371277,2,replogle_rpe1,500,random - no_graph
DDN,-0.2037438452243805,-0.20919103175401688,0.005447186529636383,2,replogle_rpe1,500,random - no_graph
DDX46,0.8613883256912231,0.8647573590278625,-0.0033690333366394043,2,replogle_rpe1,500,random - no_graph
EMC3,0.6390239596366882,0.661830723285675,-0.022806763648986816,2,replogle_rpe1,500,random - no_graph
FBXO42,-0.3654223382472992,-0.3710726797580719,0.005650341510772705,2,replogle_rpe1,500,random - no_graph
GEMIN4,0.7869360744953156,0.7800827026367188,0.006853371858596802,2,replogle_rpe1,500,random - no_graph
GFM1,0.20146512985229492,0.16476339101791382,0.036701738834381104,2,replogle_rpe1,500,random - no_graph
GPS2,-0.08689310401678085,-0.08929283171892166,0.002399727702140808,2,replogle_rpe1,500,random - no_graph
HAUS3,0.8505280017852783,0.8679149150848389,-0.017386913299560547,2,replogle_rpe1,500,random - no_graph
HEATR1,0.8430553674697876,0.8616473078727722,-0.01859194040298462,2,replogle_rpe1,500,random - no_graph
KCNA10,0.1912487968802452,0.20995520800352097,-0.018706411123275757,2,replogle_rpe1,500,random - no_graph
LIMS1,0.2529814839363098,0.2673345357179642,-0.014353051781654358,2,replogle_rpe1,500,random - no_graph
LRRC37A3,-0.26876769959926605,-0.28440074622631073,0.015633046627044678,2,replogle_rpe1,500,random - no_graph
MALSU1,0.11361290141940117,0.0740220658481121,0.03959083557128906,2,replogle_rpe1,500,random - no_graph
MEN1,0.13054518401622772,0.14229550957679749,-0.011750325560569763,2,replogle_rpe1,500,random - no_graph
METTL1,0.1946410834789276,0.18828070163726807,0.006360381841659546,2,replogle_rpe1,500,random - no_graph
MRPS31,0.08179675042629242,0.04653601348400116,0.03526073694229126,2,replogle_rpe1,500,random - no_graph
N6AMT1,0.27563488483428955,0.27945634722709656,-0.003821462392807007,2,replogle_rpe1,500,random - no_graph
NAA20,0.4975767135620117,0.5246798098087311,-0.02710309624671936,2,replogle_rpe1,500,random - no_graph
NCOA4,0.09747520089149475,0.09455310180783272,0.002922099083662033,2,replogle_rpe1,500,random - no_graph
NDUFA4,-0.05197551287710667,-0.0669587031006813,0.014983190223574638,2,replogle_rpe1,500,random - no_graph
NDUFS5,0.15846968442201614,0.15548714250326157,0.0029825419187545776,2,replogle_rpe1,500,random - no_graph
NOLC1,0.8791490793228149,0.8958930969238281,-0.016744017601013184,2,replogle_rpe1,500,random - no_graph
NOMO3,0.7106188535690308,0.7284197509288788,-0.017800897359848022,2,replogle_rpe1,500,random - no_graph
OVCA2,0.4071677625179291,0.4178026020526886,-0.010634839534759521,2,replogle_rpe1,500,random - no_graph
PGAM5,-0.06204124167561531,-0.10167279094457626,0.03963154926896095,2,replogle_rpe1,500,random - no_graph
POLR2D,0.5845573842525482,0.5988083779811859,-0.014250993728637695,2,replogle_rpe1,500,random - no_graph
POLR3C,0.7656949758529663,0.7496896982192993,0.016005277633666992,2,replogle_rpe1,500,random - no_graph
PPP1R2,0.7637661993503571,0.7697516977787018,-0.0059854984283447266,2,replogle_rpe1,500,random - no_graph
PRC1,0.549742266535759,0.8638873398303986,-0.3141450732946396,2,replogle_rpe1,500,random - no_graph
PSTK,0.8216869533061981,0.8328239917755127,-0.011137038469314575,2,replogle_rpe1,500,random - no_graph
RRP12,0.9025286734104156,0.9263254106044769,-0.02379673719406128,2,replogle_rpe1,500,random - no_graph
RUVBL2,0.8818732798099518,0.8913663625717163,-0.009493082761764526,2,replogle_rpe1,500,random - no_graph
SERBP1,0.02670907787978649,0.016691099852323532,0.01001797802746296,2,replogle_rpe1,500,random - no_graph
SETD5,0.7020510137081146,0.7058291137218475,-0.00377810001373291,2,replogle_rpe1,500,random - no_graph
SRCAP,0.1370520517230034,0.12528213113546371,0.011769920587539673,2,replogle_rpe1,500,random - no_graph
SRSF11,0.056096456944942474,0.04643803834915161,0.009658418595790863,2,replogle_rpe1,500,random - no_graph
TAZ,0.5402382016181946,0.5322543978691101,0.007983803749084473,2,replogle_rpe1,500,random - no_graph
TFAM,0.0032269228249788284,-0.03966960683465004,0.04289652965962887,2,replogle_rpe1,500,random - no_graph
TRMT112,0.8842757344245911,0.9045319557189941,-0.020256221294403076,2,replogle_rpe1,500,random - no_graph
TRNT1,0.6660401821136475,0.6379097104072571,0.02813047170639038,2,replogle_rpe1,500,random - no_graph
TSSK3,0.3250892460346222,0.3399379551410675,-0.014848709106445312,2,replogle_rpe1,500,random - no_graph
TVP23C,-0.22956501692533493,-0.23134972900152206,0.0017847120761871338,2,replogle_rpe1,500,random - no_graph
VPS35,0.8467192947864532,0.8748889863491058,-0.028169691562652588,2,replogle_rpe1,500,random - no_graph
WBP1,-0.2859254479408264,-0.29045993089675903,0.004534482955932617,2,replogle_rpe1,500,random - no_graph
ACTB,-0.1800417552391688,-0.08320918679237366,-0.09683256844679515,3,replogle_rpe1,500,combined - random
ADRM1,0.5804576277732849,0.5710154374440511,0.009442190329233805,3,replogle_rpe1,500,combined - random
ALG2,0.7129769126574198,0.7132055163383484,-0.00022860368092854819,3,replogle_rpe1,500,combined - random
CAMLG,0.31359395384788513,0.3206508656342824,-0.007056911786397298,3,replogle_rpe1,500,combined - random
CCDC6,-0.2620848019917806,-0.24078070123990378,-0.02130410075187683,3,replogle_rpe1,500,combined - random
CCDC78,0.17480434477329254,0.17413956920305887,0.000664775570233663,3,replogle_rpe1,500,combined - random
DDN,-0.20333812137444815,-0.20424663523832956,0.0009085138638814291,3,replogle_rpe1,500,combined - random
DDX46,0.8630666931470236,0.8613502581914266,0.0017164349555969238,3,replogle_rpe1,500,combined - random
EMC3,0.6521347761154175,0.6393030087153116,0.012831767400105795,3,replogle_rpe1,500,combined - random
FBXO42,-0.36860206723213196,-0.3660483757654826,-0.0025536914666493735,3,replogle_rpe1,500,combined - random
GEMIN4,0.7869812250137329,0.7879850069681803,-0.0010037819544474285,3,replogle_rpe1,500,combined - random
GFM1,0.18785986800988516,0.20255113144715628,-0.014691263437271118,3,replogle_rpe1,500,combined - random
GPS2,-0.08778030673662822,-0.0852970580259959,-0.0024832487106323242,3,replogle_rpe1,500,combined - random
HAUS3,0.86126309633255,0.8504219452540079,0.010841151078542074,3,replogle_rpe1,500,combined - random
HEATR1,0.8505024115244547,0.8430741826693217,0.007428228855133057,3,replogle_rpe1,500,combined - random
KCNA10,0.2040830453236898,0.19354084134101868,0.010542203982671102,3,replogle_rpe1,500,combined - random
LIMS1,0.2631102502346039,0.2533726692199707,0.009737581014633179,3,replogle_rpe1,500,combined - random
LRRC37A3,-0.2771375775337219,-0.26826796929041546,-0.008869608243306478,3,replogle_rpe1,500,combined - random
MALSU1,0.0900639146566391,0.11308917154868443,-0.023025256892045338,3,replogle_rpe1,500,combined - random
MEN1,0.13045562307039896,0.130654439330101,-0.00019881625970204672,3,replogle_rpe1,500,combined - random
METTL1,0.18776215116182962,0.19495147466659546,-0.007189323504765828,3,replogle_rpe1,500,combined - random
MRPS31,0.051757452388604484,0.08182804783185323,-0.03007059544324875,3,replogle_rpe1,500,combined - random
N6AMT1,0.2776849567890167,0.2758437792460124,0.0018411775430043538,3,replogle_rpe1,500,combined - random
NAA20,0.5137959122657776,0.4985208908716838,0.015275021394093832,3,replogle_rpe1,500,combined - random
NCOA4,0.10004004091024399,0.09803263594706853,0.0020074049631754556,3,replogle_rpe1,500,combined - random
NDUFA4,-0.057737896839777626,-0.051864386846621834,-0.005873509993155797,3,replogle_rpe1,500,combined - random
NDUFS5,0.16190755863984427,0.15896038711071014,0.0029471715291341147,3,replogle_rpe1,500,combined - random
NOLC1,0.8884492516517639,0.8790450493494669,0.009404202302296957,3,replogle_rpe1,500,combined - random
NOMO3,0.7235412001609802,0.7117896874745687,0.01175151268641154,3,replogle_rpe1,500,combined - random
OVCA2,0.4116269846757253,0.40734249353408813,0.004284491141637166,3,replogle_rpe1,500,combined - random
PGAM5,-0.07964642594257991,-0.06207479660709699,-0.017571629335482914,3,replogle_rpe1,500,combined - random
POLR2D,0.5944941838582357,0.5847365061442057,0.009757677714029947,3,replogle_rpe1,500,combined - random
POLR3C,0.7609314123789469,0.76584525903066,-0.004913846651713054,3,replogle_rpe1,500,combined - random
PPP1R2,0.7683016856511434,0.764102836449941,0.004198849201202393,3,replogle_rpe1,500,combined - random
PRC1,0.8161983291308085,0.6416214009126028,0.17457692821820578,3,replogle_rpe1,500,combined - random
PSTK,0.8294114669164022,0.8208110133806864,0.008600453535715738,3,replogle_rpe1,500,combined - random
RRP12,0.9139185150464376,0.9030587871869405,0.01085972785949707,3,replogle_rpe1,500,combined - random
RUVBL2,0.8875457644462585,0.8827467560768127,0.004799008369445801,3,replogle_rpe1,500,combined - random
SERBP1,0.020218078667918842,0.026830118770400684,-0.006612040102481842,3,replogle_rpe1,500,combined - random
SETD5,0.7092279394467672,0.7024566332499186,0.006771306196848552,3,replogle_rpe1,500,combined - random
SRCAP,0.1332177370786667,0.13726903001467386,-0.004051292936007182,3,replogle_rpe1,500,combined - random
SRSF11,0.0528888205687205,0.05626029148697853,-0.0033714709182580314,3,replogle_rpe1,500,combined - random
TAZ,0.5340177218119303,0.5408269166946411,-0.0068091948827107745,3,replogle_rpe1,500,combined - random
TFAM,-0.030396427338322003,0.001044662669301033,-0.03144109000762304,3,replogle_rpe1,500,combined - random
TRMT112,0.8949283162752787,0.8832302093505859,0.01169810692469279,3,replogle_rpe1,500,combined - random
TRNT1,0.6563530564308167,0.6629777948061625,-0.006624738375345866,3,replogle_rpe1,500,combined - random
TSSK3,0.3293401102224986,0.32017863790194195,0.00916147232055664,3,replogle_rpe1,500,combined - random
TVP23C,-0.23548506200313568,-0.2295389622449875,-0.005946099758148193,3,replogle_rpe1,500,combined - random
VPS35,0.861064076423645,0.8468858997027079,0.014178176720937094,3,replogle_rpe1,500,combined - random
WBP1,-0.28628018498420715,-0.28529975811640423,-0.0009804268678029378,3,replogle_rpe1,500,combined - random
ACTB,-0.03270552307367325,-0.08320918679237366,0.05050366371870041,3,replogle_rpe1,500,string_ppi - random
ADRM1,0.5837393999099731,0.5710154374440511,0.012723962465922037,3,replogle_rpe1,500,string_ppi - random
ALG2,0.7114547689755758,0.7132055163383484,-0.0017507473627726238,3,replogle_rpe1,500,string_ppi - random
CAMLG,0.3156912525494893,0.3206508656342824,-0.004959613084793091,3,replogle_rpe1,500,string_ppi - random
CCDC6,-0.27841195464134216,-0.24078070123990378,-0.03763125340143839,3,replogle_rpe1,500,string_ppi - random
CCDC78,0.17524604499340057,0.17413956920305887,0.001106475790341695,3,replogle_rpe1,500,string_ppi - random
DDN,-0.20493715008099875,-0.20424663523832956,-0.0006905148426691691,3,replogle_rpe1,500,string_ppi - random
DDX46,0.8674754897753397,0.8613502581914266,0.006125231583913167,3,replogle_rpe1,500,string_ppi - random
EMC3,0.6476281682650248,0.6393030087153116,0.008325159549713135,3,replogle_rpe1,500,string_ppi - random
FBXO42,-0.364671528339386,-0.3660483757654826,0.0013768474260965984,3,replogle_rpe1,500,string_ppi - random
GEMIN4,0.7923910617828369,0.7879850069681803,0.004406054814656575,3,replogle_rpe1,500,string_ppi - random
GFM1,0.18510496616363525,0.20255113144715628,-0.017446165283521015,3,replogle_rpe1,500,string_ppi - random
GPS2,-0.08874030907948811,-0.0852970580259959,-0.003443251053492228,3,replogle_rpe1,500,string_ppi - random
HAUS3,0.863820493221283,0.8504219452540079,0.013398547967274984,3,replogle_rpe1,500,string_ppi - random
HEATR1,0.8493896722793579,0.8430741826693217,0.006315489610036214,3,replogle_rpe1,500,string_ppi - random
KCNA10,0.20163785417874655,0.19354084134101868,0.008097012837727865,3,replogle_rpe1,500,string_ppi - random
LIMS1,0.2624327937761943,0.2533726692199707,0.00906012455622355,3,replogle_rpe1,500,string_ppi - random
LRRC37A3,-0.2815528412659963,-0.26826796929041546,-0.01328487197558085,3,replogle_rpe1,500,string_ppi - random
MALSU1,0.10197033236424129,0.11308917154868443,-0.011118839184443155,3,replogle_rpe1,500,string_ppi - random
MEN1,0.13266068696975708,0.130654439330101,0.002006247639656067,3,replogle_rpe1,500,string_ppi - random
METTL1,0.19159553945064545,0.19495147466659546,-0.003355935215950012,3,replogle_rpe1,500,string_ppi - random
MRPS31,0.06244906162222227,0.08182804783185323,-0.019378986209630966,3,replogle_rpe1,500,string_ppi - random
N6AMT1,0.2759307126204173,0.2758437792460124,8.693337440490723e-05,3,replogle_rpe1,500,string_ppi - random
NAA20,0.5114806294441223,0.4985208908716838,0.012959738572438559,3,replogle_rpe1,500,string_ppi - random
NCOA4,0.09693577885627747,0.09803263594706853,-0.0010968570907910664,3,replogle_rpe1,500,string_ppi - random
NDUFA4,-0.05445779487490654,-0.051864386846621834,-0.0025934080282847085,3,replogle_rpe1,500,string_ppi - random
NDUFS5,0.1634658674399058,0.15896038711071014,0.004505480329195659,3,replogle_rpe1,500,string_ppi - random
NOLC1,0.8871909777323405,0.8790450493494669,0.008145928382873535,3,replogle_rpe1,500,string_ppi - random
NOMO3,0.7202267249425253,0.7117896874745687,0.008437037467956543,3,replogle_rpe1,500,string_ppi - random
OVCA2,0.4114103615283966,0.40734249353408813,0.004067867994308472,3,replogle_rpe1,500,string_ppi - random
PGAM5,-0.0803815945982933,-0.06207479660709699,-0.018306797991196316,3,replogle_rpe1,500,string_ppi - random
POLR2D,0.5899587074915568,0.5847365061442057,0.005222201347351074,3,replogle_rpe1,500,string_ppi - random
POLR3C,0.7607948780059814,0.76584525903066,-0.005050381024678548,3,replogle_rpe1,500,string_ppi - random
PPP1R2,0.7672268748283386,0.764102836449941,0.0031240383783976236,3,replogle_rpe1,500,string_ppi - random
PRC1,0.8340321183204651,0.6416214009126028,0.19241071740786234,3,replogle_rpe1,500,string_ppi - random
PSTK,0.8275739947954813,0.8208110133806864,0.006762981414794922,3,replogle_rpe1,500,string_ppi - random
RRP12,0.9109060565630595,0.9030587871869405,0.007847269376118978,3,replogle_rpe1,500,string_ppi - random
RUVBL2,0.8899126648902893,0.8827467560768127,0.0071659088134765625,3,replogle_rpe1,500,string_ppi - random
SERBP1,0.020078207055727642,0.026830118770400684,-0.006751911714673042,3,replogle_rpe1,500,string_ppi - random
SETD5,0.7076730529467264,0.7024566332499186,0.005216419696807861,3,replogle_rpe1,500,string_ppi - random
SRCAP,0.13483000298341116,0.13726903001467386,-0.002439027031262716,3,replogle_rpe1,500,string_ppi - random
SRSF11,0.05256428197026253,0.05626029148697853,-0.0036960095167160034,3,replogle_rpe1,500,string_ppi - random
TAZ,0.5387823581695557,0.5408269166946411,-0.0020445585250854492,3,replogle_rpe1,500,string_ppi - random
TFAM,-0.04287864143649737,0.001044662669301033,-0.0439233041057984,3,replogle_rpe1,500,string_ppi - random
TRMT112,0.8949260115623474,0.8832302093505859,0.011695802211761475,3,replogle_rpe1,500,string_ppi - random
TRNT1,0.6600196162859598,0.6629777948061625,-0.0029581785202026367,3,replogle_rpe1,500,string_ppi - random
TSSK3,0.32944122950236004,0.32017863790194195,0.00926259160041809,3,replogle_rpe1,500,string_ppi - random
TVP23C,-0.23309491574764252,-0.2295389622449875,-0.0035559535026550293,3,replogle_rpe1,500,string_ppi - random
VPS35,0.8552297552426656,0.8468858997027079,0.008343855539957682,3,replogle_rpe1,500,string_ppi - random
WBP1,-0.28718705972035724,-0.28529975811640423,-0.0018873016039530437,3,replogle_rpe1,500,string_ppi - random
ACTB,-0.1388305500149727,-0.1282070018351078,-0.010623548179864883,2,replogle_rpe1,500,gene_ontology - random
ADRM1,0.5801383852958679,0.5723341107368469,0.007804274559020996,2,replogle_rpe1,500,gene_ontology - random
ALG2,0.7102529406547546,0.7129720449447632,-0.002719104290008545,2,replogle_rpe1,500,gene_ontology - random
CAMLG,0.31504468619823456,0.3205607682466507,-0.005516082048416138,2,replogle_rpe1,500,gene_ontology - random
CCDC6,-0.25962066650390625,-0.24078530073165894,-0.018835365772247314,2,replogle_rpe1,500,gene_ontology - random
CCDC78,0.17384468019008636,0.1741652488708496,-0.00032056868076324463,2,replogle_rpe1,500,gene_ontology - random
DDN,-0.20328857004642487,-0.2051299586892128,0.0018413886427879333,2,replogle_rpe1,500,gene_ontology - random
DDX46,0.8661390841007233,0.8618577718734741,0.0042813122272491455,2,replogle_rpe1,500,gene_ontology - random
EMC3,0.6486144661903381,0.6386866271495819,0.009927839040756226,2,replogle_rpe1,500,gene_ontology - random
FBXO42,-0.3666452169418335,-0.3654790222644806,-0.0011661946773529053,2,replogle_rpe1,500,gene_ontology - random
GEMIN4,0.7893064916133881,0.7895703315734863,-0.0002638399600982666,2,replogle_rpe1,500,gene_ontology - random
GFM1,0.18835876882076263,0.20453358441591263,-0.016174815595149994,2,replogle_rpe1,500,gene_ontology - random
GPS2,-0.09502856060862541,-0.08257796242833138,-0.012450598180294037,2,replogle_rpe1,500,gene_ontology - random
HAUS3,0.8579807281494141,0.8504633903503418,0.007517337799072266,2,replogle_rpe1,500,gene_ontology - random
HEATR1,0.8491179347038269,0.8431426584720612,0.005975276231765747,2,replogle_rpe1,500,gene_ontology - random
KCNA10,0.1993275061249733,0.19463803619146347,0.004689469933509827,2,replogle_rpe1,500,gene_ontology - random
LIMS1,0.26068346202373505,0.25287920236587524,0.007804259657859802,2,replogle_rpe1,500,gene_ontology - random
LRRC37A3,-0.27752329409122467,-0.2681371420621872,-0.009386152029037476,2,replogle_rpe1,500,gene_ontology - random
MALSU1,0.10616753995418549,0.11361981183290482,-0.00745227187871933,2,replogle_rpe1,500,gene_ontology - random
MEN1,0.13175959885120392,0.13171184808015823,4.7750771045684814e-05,2,replogle_rpe1,500,gene_ontology - random
METTL1,0.19211380183696747,0.195301353931427,-0.0031875520944595337,2,replogle_rpe1,500,gene_ontology - random
MRPS31,0.06065306439995766,0.08177389577031136,-0.0211208313703537,2,replogle_rpe1,500,gene_ontology - random
N6AMT1,0.2755464017391205,0.27606916427612305,-0.0005227625370025635,2,replogle_rpe1,500,gene_ontology - random
NAA20,0.5104073882102966,0.49722009897232056,0.013187289237976074,2,replogle_rpe1,500,gene_ontology - random
NCOA4,0.09813370555639267,0.09986663982272148,-0.0017329342663288116,2,replogle_rpe1,500,gene_ontology - random
NDUFA4,-0.054832084104418755,-0.05273590423166752,-0.002096179872751236,2,replogle_rpe1,500,gene_ontology - random
NDUFS5,0.161138616502285,0.15859536081552505,0.0025432556867599487,2,replogle_rpe1,500,gene_ontology - random
NOLC1,0.885370671749115,0.879070907831192,0.006299763917922974,2,replogle_rpe1,500,gene_ontology - random
NOMO3,0.718990296125412,0.7126370668411255,0.006353229284286499,2,replogle_rpe1,500,gene_ontology - random
OVCA2,0.4130966514348984,0.4069856107234955,0.006111040711402893,2,replogle_rpe1,500,gene_ontology - random
PGAM5,-0.07087090983986855,-0.06236362271010876,-0.008507287129759789,2,replogle_rpe1,500,gene_ontology - random
POLR2D,0.5899209380149841,0.5844306945800781,0.005490243434906006,2,replogle_rpe1,500,gene_ontology - random
POLR3C,0.7648228108882904,0.7658894062042236,-0.0010665953159332275,2,replogle_rpe1,500,gene_ontology - random
PPP1R2,0.7709108889102936,0.764739602804184,0.006171286106109619,2,replogle_rpe1,500,gene_ontology - random
PRC1,0.8283553719520569,0.826146274805069,0.002209097146987915,2,replogle_rpe1,500,gene_ontology - random
PSTK,0.8258492052555084,0.8206096291542053,0.005239576101303101,2,replogle_rpe1,500,gene_ontology - random
RRP12,0.9129725694656372,0.9032990336418152,0.009673535823822021,2,replogle_rpe1,500,gene_ontology - random
RUVBL2,0.8897633850574493,0.8844559788703918,0.005307406187057495,2,replogle_rpe1,500,gene_ontology - random
SERBP1,0.023922850377857685,0.026980488561093807,-0.003057638183236122,2,replogle_rpe1,500,gene_ontology - random
SETD5,0.7043856084346771,0.7033617794513702,0.0010238289833068848,2,replogle_rpe1,500,gene_ontology - random
SRCAP,0.13268230855464935,0.13722029328346252,-0.004537984728813171,2,replogle_rpe1,500,gene_ontology - random
SRSF11,0.05046121962368488,0.05631601996719837,-0.005854800343513489,2,replogle_rpe1,500,gene_ontology - random
TAZ,0.5381021797657013,0.5416061878204346,-0.0035040080547332764,2,replogle_rpe1,500,gene_ontology - random
TFAM,-0.031234262511134148,-0.002173330634832382,-0.029060931876301765,2,replogle_rpe1,500,gene_ontology - random
TRMT112,0.8921802341938019,0.8822677433490753,0.009912490844726562,2,replogle_rpe1,500,gene_ontology - random
TRNT1,0.6641265451908112,0.662134200334549,0.001992344856262207,2,replogle_rpe1,500,gene_ontology - random
TSSK3,0.3285881280899048,0.3188568353652954,0.009731292724609375,2,replogle_rpe1,500,gene_ontology - random
TVP23C,-0.23553722351789474,-0.2294778898358345,-0.006059333682060242,2,replogle_rpe1,500,gene_ontology - random
VPS35,0.8576256334781647,0.8469568192958832,0.010668814182281494,2,replogle_rpe1,500,gene_ontology - random
WBP1,-0.28351572155952454,-0.2849096953868866,0.0013939738273620605,2,replogle_rpe1,500,gene_ontology - random
ACTB,-0.2665821313858032,-0.2674696743488312,0.0008875429630279541,2,replogle_rpe1,1000,combined - no_graph
ADRM1,0.519503653049469,0.5234215557575226,-0.003917902708053589,2,replogle_rpe1,1000,combined - no_graph
ALG2,0.6877980828285217,0.6782018542289734,0.00959622859954834,2,replogle_rpe1,1000,combined - no_graph
CAMLG,0.2778087705373764,0.2664673775434494,0.011341392993927002,2,replogle_rpe1,1000,combined - no_graph
CCDC6,-0.2757447212934494,-0.29879897832870483,0.023054257035255432,2,replogle_rpe1,1000,combined - no_graph
CCDC78,0.16693899780511856,0.1586059033870697,0.008333094418048859,2,replogle_rpe1,1000,combined - no_graph
DDN,-0.17860756069421768,-0.18652959167957306,0.007922030985355377,2,replogle_rpe1,1000,combined - no_graph
DDX46,0.8326629400253296,0.8323144614696503,0.0003484785556793213,2,replogle_rpe1,1000,combined - no_graph
EMC3,0.6113297343254089,0.6221020519733429,-0.01077231764793396,2,replogle_rpe1,1000,combined - no_graph
FBXO42,-0.374551460146904,-0.38086871802806854,0.006317257881164551,2,replogle_rpe1,1000,combined - no_graph
GEMIN4,0.758680522441864,0.7503579556941986,0.008322566747665405,2,replogle_rpe1,1000,combined - no_graph
GFM1,0.2259678617119789,0.193237766623497,0.0327300950884819,2,replogle_rpe1,1000,combined - no_graph
GPS2,-0.05639593303203583,-0.06029707193374634,0.0039011389017105103,2,replogle_rpe1,1000,combined - no_graph
HAUS3,0.8394325077533722,0.8497666418552399,-0.010334134101867676,2,replogle_rpe1,1000,combined - no_graph
HEATR1,0.8195086419582367,0.8344500064849854,-0.014941364526748657,2,replogle_rpe1,1000,combined - no_graph
KCNA10,0.2012021839618683,0.2071630358695984,-0.0059608519077301025,2,replogle_rpe1,1000,combined - no_graph
LIMS1,0.20339111983776093,0.21150274574756622,-0.008111625909805298,2,replogle_rpe1,1000,combined - no_graph
LRRC37A3,-0.27177660167217255,-0.278405100107193,0.006628498435020447,2,replogle_rpe1,1000,combined - no_graph
MALSU1,0.11116432771086693,0.08088267594575882,0.03028165176510811,2,replogle_rpe1,1000,combined - no_graph
MEN1,0.14787480235099792,0.15247425436973572,-0.004599452018737793,2,replogle_rpe1,1000,combined - no_graph
METTL1,0.17875219881534576,0.17416459321975708,0.004587605595588684,2,replogle_rpe1,1000,combined - no_graph
MRPS31,0.043323613703250885,0.02058923989534378,0.022734373807907104,2,replogle_rpe1,1000,combined - no_graph
N6AMT1,0.30959443747997284,0.3155755400657654,-0.0059811025857925415,2,replogle_rpe1,1000,combined - no_graph
NAA20,0.4968307614326477,0.5086267292499542,-0.011795967817306519,2,replogle_rpe1,1000,combined - no_graph
NCOA4,0.059213217347860336,0.05282537639141083,0.006387840956449509,2,replogle_rpe1,1000,combined - no_graph
NDUFA4,-0.07000183314085007,-0.07788199186325073,0.007880158722400665,2,replogle_rpe1,1000,combined - no_graph
NDUFS5,0.16844377666711807,0.1646677628159523,0.0037760138511657715,2,replogle_rpe1,1000,combined - no_graph
NOLC1,0.8699940145015717,0.8795401453971863,-0.009546130895614624,2,replogle_rpe1,1000,combined - no_graph
NOMO3,0.6883261799812317,0.6975543797016144,-0.00922819972038269,2,replogle_rpe1,1000,combined - no_graph
OVCA2,0.32303620874881744,0.3306235671043396,-0.007587358355522156,2,replogle_rpe1,1000,combined - no_graph
PGAM5,-0.07046984508633614,-0.10097651183605194,0.030506666749715805,2,replogle_rpe1,1000,combined - no_graph
POLR2D,0.5727357864379883,0.5810904204845428,-0.008354634046554565,2,replogle_rpe1,1000,combined - no_graph
POLR3C,0.7394549548625946,0.7263645827770233,0.013090372085571289,2,replogle_rpe1,1000,combined - no_graph
PPP1R2,0.7491986155509949,0.7523352205753326,-0.0031366050243377686,2,replogle_rpe1,1000,combined - no_graph
PRC1,0.8008252680301666,0.8358749151229858,-0.035049647092819214,2,replogle_rpe1,1000,combined - no_graph
PSTK,0.7965860068798065,0.8025096356868744,-0.005923628807067871,2,replogle_rpe1,1000,combined - no_graph
RRP12,0.8955722153186798,0.9125169813632965,-0.0169447660446167,2,replogle_rpe1,1000,combined - no_graph
RUVBL2,0.8723236918449402,0.8793286681175232,-0.007004976272583008,2,replogle_rpe1,1000,combined - no_graph
SERBP1,0.02133342996239662,0.012895501684397459,0.008437928277999163,2,replogle_rpe1,1000,combined - no_graph
SETD5,0.678419291973114,0.6781896352767944,0.00022965669631958008,2,replogle_rpe1,1000,combined - no_graph
SRCAP,0.08556714281439781,0.07490430027246475,0.01066284254193306,2,replogle_rpe1,1000,combined - no_graph
SRSF11,0.05205053836107254,0.044121259823441505,0.007929278537631035,2,replogle_rpe1,1000,combined - no_graph
TAZ,0.49364808201789856,0.4904444068670273,0.003203675150871277,2,replogle_rpe1,1000,combined - no_graph
TFAM,0.0029852967709302902,-0.025899890810251236,0.028885187581181526,2,replogle_rpe1,1000,combined - no_graph
TRMT112,0.883014053106308,0.8994216322898865,-0.01640757918357849,2,replogle_rpe1,1000,combined - no_graph
TRNT1,0.6434686481952667,0.6233879029750824,0.020080745220184326,2,replogle_rpe1,1000,combined - no_graph
TSSK3,0.29124774038791656,0.3026690185070038,-0.01142127811908722,2,replogle_rpe1,1000,combined - no_graph
TVP23C,-0.17307039350271225,-0.17499510943889618,0.0019247159361839294,2,replogle_rpe1,1000,combined - no_graph
VPS35,0.8449698984622955,0.8627344369888306,-0.017764538526535034,2,replogle_rpe1,1000,combined - no_graph
WBP1,-0.23986096680164337,-0.24338951706886292,0.0035285502672195435,2,replogle_rpe1,1000,combined - no_graph
ACTB,-0.22436140477657318,-0.2674696743488312,0.043108269572257996,2,replogle_rpe1,1000,string_ppi - no_graph
ADRM1,0.5205056667327881,0.5234215557575226,-0.002915889024734497,2,replogle_rpe1,1000,string_ppi - no_graph
ALG2,0.6870115399360657,0.6782018542289734,0.008809685707092285,2,replogle_rpe1,1000,string_ppi - no_graph
CAMLG,0.2786548584699631,0.2664673775434494,0.012187480926513672,2,replogle_rpe1,1000,string_ppi - no_graph
CCDC6,-0.27317190170288086,-0.29879897832870483,0.025627076625823975,2,replogle_rpe1,1000,string_ppi - no_graph
CCDC78,0.16620949655771255,0.1586059033870697,0.007603593170642853,2,replogle_rpe1,1000,string_ppi - no_graph
DDN,-0.17826100438833237,-0.18652959167957306,0.008268587291240692,2,replogle_rpe1,1000,string_ppi - no_graph
DDX46,0.8352025747299194,0.8323144614696503,0.002888113260269165,2,replogle_rpe1,1000,string_ppi - no_graph
EMC3,0.609038770198822,0.6221020519733429,-0.013063281774520874,2,replogle_rpe1,1000,string_ppi - no_graph
FBXO42,-0.3757201284170151,-0.38086871802806854,0.005148589611053467,2,replogle_rpe1,1000,string_ppi - no_graph
GEMIN4,0.7609730958938599,0.7503579556941986,0.010615140199661255,2,replogle_rpe1,1000,string_ppi - no_graph
GFM1,0.21444469690322876,0.193237766623497,0.02120693027973175,2,replogle_rpe1,1000,string_ppi - no_graph
GPS2,-0.057330332696437836,-0.06029707193374634,0.002966739237308502,2,replogle_rpe1,1000,string_ppi - no_graph
HAUS3,0.8417482376098633,0.8497666418552399,-0.008018404245376587,2,replogle_rpe1,1000,string_ppi - no_graph
HEATR1,0.818172961473465,0.8344500064849854,-0.016277045011520386,2,replogle_rpe1,1000,string_ppi - no_graph
KCNA10,0.1996312141418457,0.2071630358695984,-0.0075318217277526855,2,replogle_rpe1,1000,string_ppi - no_graph
LIMS1,0.20410814881324768,0.21150274574756622,-0.0073945969343185425,2,replogle_rpe1,1000,string_ppi - no_graph
LRRC37A3,-0.2710195481777191,-0.278405100107193,0.007385551929473877,2,replogle_rpe1,1000,string_ppi - no_graph
MALSU1,0.110565897077322,0.08088267594575882,0.029683221131563187,2,replogle_rpe1,1000,string_ppi - no_graph
MEN1,0.14906874299049377,0.15247425436973572,-0.0034055113792419434,2,replogle_rpe1,1000,string_ppi - no_graph
METTL1,0.18124894052743912,0.17416459321975708,0.007084347307682037,2,replogle_rpe1,1000,string_ppi - no_graph
MRPS31,0.042613694444298744,0.02058923989534378,0.022024454548954964,2,replogle_rpe1,1000,string_ppi - no_graph
N6AMT1,0.311304971575737,0.3155755400657654,-0.004270568490028381,2,replogle_rpe1,1000,string_ppi - no_graph
NAA20,0.4948824644088745,0.5086267292499542,-0.013744264841079712,2,replogle_rpe1,1000,string_ppi - no_graph
NCOA4,0.058283861726522446,0.05282537639141083,0.005458485335111618,2,replogle_rpe1,1000,string_ppi - no_graph
NDUFA4,-0.06738895922899246,-0.07788199186325073,0.01049303263425827,2,replogle_rpe1,1000,string_ppi - no_graph
NDUFS5,0.1706993207335472,0.1646677628159523,0.00603155791759491,2,replogle_rpe1,1000,string_ppi - no_graph
NOLC1,0.8528253734111786,0.8795401453971863,-0.02671477198600769,2,replogle_rpe1,1000,string_ppi - no_graph
NOMO3,0.6874371469020844,0.6975543797016144,-0.01011723279953003,2,replogle_rpe1,1000,string_ppi - no_graph
OVCA2,0.32278531789779663,0.3306235671043396,-0.007838249206542969,2,replogle_rpe1,1000,string_ppi - no_graph
PGAM5,-0.07400976866483688,-0.10097651183605194,0.026966743171215057,2,replogle_rpe1,1000,string_ppi - no_graph
POLR2D,0.5713705122470856,0.5810904204845428,-0.009719908237457275,2,replogle_rpe1,1000,string_ppi - no_graph
POLR3C,0.7398260533809662,0.7263645827770233,0.013461470603942871,2,replogle_rpe1,1000,string_ppi - no_graph
PPP1R2,0.7482008039951324,0.7523352205753326,-0.004134416580200195,2,replogle_rpe1,1000,string_ppi - no_graph
PRC1,0.7936279475688934,0.8358749151229858,-0.04224696755409241,2,replogle_rpe1,1000,string_ppi - no_graph
PSTK,0.7963854372501373,0.8025096356868744,-0.0061241984367370605,2,replogle_rpe1,1000,string_ppi - no_graph
RRP12,0.8954209089279175,0.9125169813632965,-0.01709607243537903,2,replogle_rpe1,1000,string_ppi - no_graph
RUVBL2,0.8751113414764404,0.8793286681175232,-0.004217326641082764,2,replogle_rpe1,1000,string_ppi - no_graph
SERBP1,0.021417632699012756,0.012895501684397459,0.008522131014615297,2,replogle_rpe1,1000,string_ppi - no_graph
SETD5,0.6784985959529877,0.6781896352767944,0.0003089606761932373,2,replogle_rpe1,1000,string_ppi - no_graph
SRCAP,0.08410778269171715,0.07490430027246475,0.009203482419252396,2,replogle_rpe1,1000,string_ppi - no_graph
SRSF11,0.05104608274996281,0.044121259823441505,0.006924822926521301,2,replogle_rpe1,1000,string_ppi - no_graph
TAZ,0.49600864946842194,0.4904444068670273,0.005564242601394653,2,replogle_rpe1,1000,string_ppi - no_graph
TFAM,-0.0005013630725443363,-0.025899890810251236,0.0253985277377069,2,replogle_rpe1,1000,string_ppi - no_graph
TRMT112,0.8823003470897675,0.8994216322898865,-0.01712128520011902,2,replogle_rpe1,1000,string_ppi - no_graph
TRNT1,0.6452479362487793,0.6233879029750824,0.0218600332736969,2,replogle_rpe1,1000,string_ppi - no_graph
TSSK3,0.29365676641464233,0.3026690185070038,-0.00901225209236145,2,replogle_rpe1,1000,string_ppi - no_graph
TVP23C,-0.17617708444595337,-0.17499510943889618,-0.00118197500705719,2,replogle_rpe1,1000,string_ppi - no_graph
VPS35,0.8444426953792572,0.8627344369888306,-0.018291741609573364,2,replogle_rpe1,1000,string_ppi - no_graph
WBP1,-0.240372933447361,-0.24338951706886292,0.0030165836215019226,2,replogle_rpe1,1000,string_ppi - no_graph
ACTB,-0.26946550607681274,-0.2674696743488312,-0.0019958317279815674,2,replogle_rpe1,1000,gene_ontology - no_graph
ADRM1,0.5153311789035797,0.5234215557575226,-0.008090376853942871,2,replogle_rpe1,1000,gene_ontology - no_graph
ALG2,0.688197135925293,0.6782018542289734,0.00999528169631958,2,replogle_rpe1,1000,gene_ontology - no_graph
CAMLG,0.2797814607620239,0.2664673775434494,0.013314083218574524,2,replogle_rpe1,1000,gene_ontology - no_graph
CCDC6,-0.2725611925125122,-0.29879897832870483,0.026237785816192627,2,replogle_rpe1,1000,gene_ontology - no_graph
CCDC78,0.16675833612680435,0.1586059033870697,0.00815243273973465,2,replogle_rpe1,1000,gene_ontology - no_graph
DDN,-0.17847901582717896,-0.18652959167957306,0.008050575852394104,2,replogle_rpe1,1000,gene_ontology - no_graph
DDX46,0.8332802653312683,0.8323144614696503,0.000965803861618042,2,replogle_rpe1,1000,gene_ontology - no_graph
EMC3,0.608330100774765,0.6221020519733429,-0.01377195119857788,2,replogle_rpe1,1000,gene_ontology - no_graph
FBXO42,-0.3746520131826401,-0.38086871802806854,0.006216704845428467,2,replogle_rpe1,1000,gene_ontology - no_graph
GEMIN4,0.7610497772693634,0.7503579556941986,0.010691821575164795,2,replogle_rpe1,1000,gene_ontology - no_graph
GFM1,0.22560948878526688,0.193237766623497,0.03237172216176987,2,replogle_rpe1,1000,gene_ontology - no_graph
GPS2,-0.05643307417631149,-0.06029707193374634,0.003863997757434845,2,replogle_rpe1,1000,gene_ontology - no_graph
HAUS3,0.8388550281524658,0.8497666418552399,-0.010911613702774048,2,replogle_rpe1,1000,gene_ontology - no_graph
HEATR1,0.818069726228714,0.8344500064849854,-0.016380280256271362,2,replogle_rpe1,1000,gene_ontology - no_graph
KCNA10,0.20029444992542267,0.2071630358695984,-0.00686858594417572,2,replogle_rpe1,1000,gene_ontology - no_graph
LIMS1,0.20243333280086517,0.21150274574756622,-0.00906941294670105,2,replogle_rpe1,1000,gene_ontology - no_graph
LRRC37A3,-0.2695566564798355,-0.278405100107193,0.008848443627357483,2,replogle_rpe1,1000,gene_ontology - no_graph
MALSU1,0.11080754175782204,0.08088267594575882,0.029924865812063217,2,replogle_rpe1,1000,gene_ontology - no_graph
MEN1,0.1484012007713318,0.15247425436973572,-0.004073053598403931,2,replogle_rpe1,1000,gene_ontology - no_graph
METTL1,0.17891940474510193,0.17416459321975708,0.004754811525344849,2,replogle_rpe1,1000,gene_ontology - no_graph
MRPS31,0.04351936839520931,0.02058923989534378,0.022930128499865532,2,replogle_rpe1,1000,gene_ontology - no_graph
N6AMT1,0.3092578202486038,0.3155755400657654,-0.00631771981716156,2,replogle_rpe1,1000,gene_ontology - no_graph
NAA20,0.4939154386520386,0.5086267292499542,-0.01471129059791565,2,replogle_rpe1,1000,gene_ontology - no_graph
NCOA4,0.057740332558751106,0.05282537639141083,0.004914956167340279,2,replogle_rpe1,1000,gene_ontology - no_graph
NDUFA4,-0.06816961988806725,-0.07788199186325073,0.009712371975183487,2,replogle_rpe1,1000,gene_ontology - no_graph
NDUFS5,0.1692437082529068,0.1646677628159523,0.004575945436954498,2,replogle_rpe1,1000,gene_ontology - no_graph
NOLC1,0.862576812505722,0.8795401453971863,-0.016963332891464233,2,replogle_rpe1,1000,gene_ontology - no_graph
NOMO3,0.686387300491333,0.6975543797016144,-0.011167079210281372,2,replogle_rpe1,1000,gene_ontology - no_graph
OVCA2,0.32465142011642456,0.3306235671043396,-0.005972146987915039,2,replogle_rpe1,1000,gene_ontology - no_graph
PGAM5,-0.07329932972788811,-0.10097651183605194,0.027677182108163834,2,replogle_rpe1,1000,gene_ontology - no_graph
POLR2D,0.5731351375579834,0.5810904204845428,-0.007955282926559448,2,replogle_rpe1,1000,gene_ontology - no_graph
POLR3C,0.7398821711540222,0.7263645827770233,0.013517588376998901,2,replogle_rpe1,1000,gene_ontology - no_graph
PPP1R2,0.7508222162723541,0.7523352205753326,-0.0015130043029785156,2,replogle_rpe1,1000,gene_ontology - no_graph
PRC1,0.8015929460525513,0.8358749151229858,-0.03428196907043457,2,replogle_rpe1,1000,gene_ontology - no_graph
PSTK,0.7971549332141876,0.8025096356868744,-0.005354702472686768,2,replogle_rpe1,1000,gene_ontology - no_graph
RRP12,0.894413024187088,0.9125169813632965,-0.018103957176208496,2,replogle_rpe1,1000,gene_ontology - no_graph
RUVBL2,0.8742756247520447,0.8793286681175232,-0.005053043365478516,2,replogle_rpe1,1000,gene_ontology - no_graph
SERBP1,0.020957003347575665,0.012895501684397459,0.008061501663178205,2,replogle_rpe1,1000,gene_ontology - no_graph
SETD5,0.6767270863056183,0.6781896352767944,-0.0014625489711761475,2,replogle_rpe1,1000,gene_ontology - no_graph
SRCAP,0.08448188006877899,0.07490430027246475,0.00957757979631424,2,replogle_rpe1,1000,gene_ontology - no_graph
SRSF11,0.05206579342484474,0.044121259823441505,0.007944533601403236,2,replogle_rpe1,1000,gene_ontology - no_graph
TAZ,0.4947696775197983,0.4904444068670273,0.004325270652770996,2,replogle_rpe1,1000,gene_ontology - no_graph
TFAM,-0.0016226274892687798,-0.025899890810251236,0.024277263320982456,2,replogle_rpe1,1000,gene_ontology - no_graph
TRMT112,0.8805999457836151,0.8994216322898865,-0.018821686506271362,2,replogle_rpe1,1000,gene_ontology - no_graph
TRNT1,0.6459207236766815,0.6233879029750824,0.02253282070159912,2,replogle_rpe1,1000,gene_ontology - no_graph
TSSK3,0.29080820083618164,0.3026690185070038,-0.011860817670822144,2,replogle_rpe1,1000,gene_ontology - no_graph
TVP23C,-0.17522531747817993,-0.17499510943889618,-0.00023020803928375244,2,replogle_rpe1,1000,gene_ontology - no_graph
VPS35,0.8468907475471497,0.8627344369888306,-0.015843689441680908,2,replogle_rpe1,1000,gene_ontology - no_graph
WBP1,-0.23932719230651855,-0.24338951706886292,0.00406232476234436,2,replogle_rpe1,1000,gene_ontology - no_graph
ACTB,-0.24762097746133804,-0.2674696743488312,0.019848696887493134,2,replogle_rpe1,1000,random - no_graph
ADRM1,0.5163801312446594,0.5234215557575226,-0.007041424512863159,2,replogle_rpe1,1000,random - no_graph
ALG2,0.6886860132217407,0.6782018542289734,0.010484158992767334,2,replogle_rpe1,1000,random - no_graph
CAMLG,0.2806747555732727,0.2664673775434494,0.014207378029823303,2,replogle_rpe1,1000,random - no_graph
CCDC6,-0.26679082214832306,-0.29879897832870483,0.032008156180381775,2,replogle_rpe1,1000,random - no_graph
CCDC78,0.16573750227689743,0.1586059033870697,0.007131598889827728,2,replogle_rpe1,1000,random - no_graph
DDN,-0.179529570043087,-0.18652959167957306,0.0070000216364860535,2,replogle_rpe1,1000,random - no_graph
DDX46,0.8328468799591064,0.8323144614696503,0.0005324184894561768,2,replogle_rpe1,1000,random - no_graph
EMC3,0.6080209314823151,0.6221020519733429,-0.014081120491027832,2,replogle_rpe1,1000,random - no_graph
FBXO42,-0.3731754720211029,-0.38086871802806854,0.007693246006965637,2,replogle_rpe1,1000,random - no_graph
GEMIN4,0.7607342600822449,0.7503579556941986,0.010376304388046265,2,replogle_rpe1,1000,random - no_graph
GFM1,0.2252582386136055,0.193237766623497,0.03202047199010849,2,replogle_rpe1,1000,random - no_graph
GPS2,-0.05864580348134041,-0.06029707193374634,0.0016512684524059296,2,replogle_rpe1,1000,random - no_graph
HAUS3,0.838838517665863,0.8497666418552399,-0.010928124189376831,2,replogle_rpe1,1000,random - no_graph
HEATR1,0.8093207478523254,0.8344500064849854,-0.025129258632659912,2,replogle_rpe1,1000,random - no_graph
KCNA10,0.19955986738204956,0.2071630358695984,-0.007603168487548828,2,replogle_rpe1,1000,random - no_graph
LIMS1,0.20215962827205658,0.21150274574756622,-0.009343117475509644,2,replogle_rpe1,1000,random - no_graph
LRRC37A3,-0.26578715443611145,-0.278405100107193,0.012617945671081543,2,replogle_rpe1,1000,random - no_graph
MALSU1,0.1113593652844429,0.08088267594575882,0.030476689338684082,2,replogle_rpe1,1000,random - no_graph
MEN1,0.14826853573322296,0.15247425436973572,-0.004205718636512756,2,replogle_rpe1,1000,random - no_graph
METTL1,0.17949087917804718,0.17416459321975708,0.0053262859582901,2,replogle_rpe1,1000,random - no_graph
MRPS31,0.0463398490101099,0.02058923989534378,0.02575060911476612,2,replogle_rpe1,1000,random - no_graph
N6AMT1,0.3099556565284729,0.3155755400657654,-0.0056198835372924805,2,replogle_rpe1,1000,random - no_graph
NAA20,0.48962825536727905,0.5086267292499542,-0.01899847388267517,2,replogle_rpe1,1000,random - no_graph
NCOA4,0.05645822919905186,0.05282537639141083,0.0036328528076410294,2,replogle_rpe1,1000,random - no_graph
NDUFA4,-0.06278792209923267,-0.07788199186325073,0.015094069764018059,2,replogle_rpe1,1000,random - no_graph
NDUFS5,0.16980605572462082,0.1646677628159523,0.005138292908668518,2,replogle_rpe1,1000,random - no_graph
NOLC1,0.8656150996685028,0.8795401453971863,-0.013925045728683472,2,replogle_rpe1,1000,random - no_graph
NOMO3,0.685191810131073,0.6975543797016144,-0.012362569570541382,2,replogle_rpe1,1000,random - no_graph
OVCA2,0.3233666867017746,0.3306235671043396,-0.0072568804025650024,2,replogle_rpe1,1000,random - no_graph
PGAM5,-0.0707423985004425,-0.10097651183605194,0.030234113335609436,2,replogle_rpe1,1000,random - no_graph
POLR2D,0.5712323188781738,0.5810904204845428,-0.009858101606369019,2,replogle_rpe1,1000,random - no_graph
POLR3C,0.7398180067539215,0.7263645827770233,0.013453423976898193,2,replogle_rpe1,1000,random - no_graph
PPP1R2,0.7479203343391418,0.7523352205753326,-0.004414886236190796,2,replogle_rpe1,1000,random - no_graph
PRC1,0.7867180705070496,0.8358749151229858,-0.04915684461593628,2,replogle_rpe1,1000,random - no_graph
PSTK,0.795613169670105,0.8025096356868744,-0.006896466016769409,2,replogle_rpe1,1000,random - no_graph
RRP12,0.8922664523124695,0.9125169813632965,-0.020250529050827026,2,replogle_rpe1,1000,random - no_graph
RUVBL2,0.8741707503795624,0.8793286681175232,-0.005157917737960815,2,replogle_rpe1,1000,random - no_graph
SERBP1,0.021048175171017647,0.012895501684397459,0.008152673486620188,2,replogle_rpe1,1000,random - no_graph
SETD5,0.6767420768737793,0.6781896352767944,-0.0014475584030151367,2,replogle_rpe1,1000,random - no_graph
SRCAP,0.08455456420779228,0.07490430027246475,0.00965026393532753,2,replogle_rpe1,1000,random - no_graph
SRSF11,0.05282474681735039,0.044121259823441505,0.008703486993908882,2,replogle_rpe1,1000,random - no_graph
TAZ,0.5001399219036102,0.4904444068670273,0.009695515036582947,2,replogle_rpe1,1000,random - no_graph
TFAM,0.008060690946877003,-0.025899890810251236,0.03396058175712824,2,replogle_rpe1,1000,random - no_graph
TRMT112,0.8806436061859131,0.8994216322898865,-0.01877802610397339,2,replogle_rpe1,1000,random - no_graph
TRNT1,0.6466896533966064,0.6233879029750824,0.023301750421524048,2,replogle_rpe1,1000,random - no_graph
TSSK3,0.29805491864681244,0.3026690185070038,-0.004614099860191345,2,replogle_rpe1,1000,random - no_graph
TVP23C,-0.172946959733963,-0.17499510943889618,0.0020481497049331665,2,replogle_rpe1,1000,random - no_graph
VPS35,0.8421586751937866,0.8627344369888306,-0.020575761795043945,2,replogle_rpe1,1000,random - no_graph
WBP1,-0.23968874663114548,-0.24338951706886292,0.0037007704377174377,2,replogle_rpe1,1000,random - no_graph
ACTB,-0.2643590172131856,-0.21195885042349497,-0.05240016678969065,3,replogle_rpe1,1000,combined - random
ADRM1,0.5191469788551331,0.5162579417228699,0.0028890371322631836,3,replogle_rpe1,1000,combined - random
ALG2,0.6874491373697916,0.6887678503990173,-0.0013187130292256672,3,replogle_rpe1,1000,combined - random
CAMLG,0.27834080656369525,0.28030115365982056,-0.0019603470961252847,3,replogle_rpe1,1000,combined - random
CCDC6,-0.278002808491389,-0.2681122620900472,-0.009890546401341757,3,replogle_rpe1,1000,combined - random
CCDC78,0.16715339322884878,0.1657602141300837,0.0013931790987650554,3,replogle_rpe1,1000,combined - random
DDN,-0.17894326150417328,-0.17936396102110544,0.0004206995169321696,3,replogle_rpe1,1000,combined - random
DDX46,0.8327423334121704,0.8329124450683594,-0.00017011165618896484,3,replogle_rpe1,1000,combined - random
EMC3,0.6110320289929708,0.6080922484397888,0.0029397805531819663,3,replogle_rpe1,1000,combined - random
FBXO42,-0.37470918893814087,-0.37241384387016296,-0.0022953450679779053,3,replogle_rpe1,1000,combined - random
GEMIN4,0.7587462067604065,0.7597669561704,-0.0010207494099934895,3,replogle_rpe1,1000,combined - random
GFM1,0.22491958737373352,0.2253524363040924,-0.0004328489303588867,3,replogle_rpe1,1000,combined - random
GPS2,-0.056449922422568,-0.05734483152627945,0.0008949091037114462,3,replogle_rpe1,1000,combined - random
HAUS3,0.8398285706837972,0.838109016418457,0.0017195542653401692,3,replogle_rpe1,1000,combined - random
HEATR1,0.8187122146288554,0.812132994333903,0.006579220294952393,3,replogle_rpe1,1000,combined - random
KCNA10,0.20100675026575723,0.20079964896043143,0.00020710130532582602,3,replogle_rpe1,1000,combined - random
LIMS1,0.20360670487085977,0.20322653651237488,0.000380168358484904,3,replogle_rpe1,1000,combined - random
LRRC37A3,-0.2718842724959056,-0.26673513650894165,-0.005149135986963908,3,replogle_rpe1,1000,combined - random
MALSU1,0.11086369802554448,0.11160186926523845,-0.0007381712396939596,3,replogle_rpe1,1000,combined - random
MEN1,0.14779373506704965,0.14810063441594443,-0.00030689934889475506,3,replogle_rpe1,1000,combined - random
METTL1,0.1781477928161621,0.179619570573171,-0.0014717777570088704,3,replogle_rpe1,1000,combined - random
MRPS31,0.04359032462040583,0.04622319216529528,-0.00263286754488945,3,replogle_rpe1,1000,combined - random
N6AMT1,0.30993881821632385,0.30887718002001446,0.0010616381963094075,3,replogle_rpe1,1000,combined - random
NAA20,0.49651654561360675,0.4896010955174764,0.006915450096130371,3,replogle_rpe1,1000,combined - random
NCOA4,0.058982269217570625,0.05741372083624204,0.0015685483813285828,3,replogle_rpe1,1000,combined - random
NDUFA4,-0.06925449520349503,-0.06407563760876656,-0.00517885759472847,3,replogle_rpe1,1000,combined - random
NDUFS5,0.16832958658536276,0.16925141712029776,-0.0009218305349349976,3,replogle_rpe1,1000,combined - random
NOLC1,0.8693933486938477,0.8658635218938192,0.003529826800028483,3,replogle_rpe1,1000,combined - random
NOMO3,0.6882142623265585,0.6853148738543192,0.0028993884722391763,3,replogle_rpe1,1000,combined - random
OVCA2,0.32349923253059387,0.3234583338101705,4.089872042338053e-05,3,replogle_rpe1,1000,combined - random
PGAM5,-0.0700166920820872,-0.07043894131978352,0.00042224923769632977,3,replogle_rpe1,1000,combined - random
POLR2D,0.5725714763005575,0.5710237820943197,0.001547694206237793,3,replogle_rpe1,1000,combined - random
POLR3C,0.7395515839258829,0.7391867836316427,0.00036480029424031574,3,replogle_rpe1,1000,combined - random
PPP1R2,0.7491486271222433,0.7468717892964681,0.0022768378257751465,3,replogle_rpe1,1000,combined - random
PRC1,0.8015558123588562,0.7898299694061279,0.011725842952728271,3,replogle_rpe1,1000,combined - random
PSTK,0.7965241471926371,0.7955837448438009,0.0009404023488362631,3,replogle_rpe1,1000,combined - random
RRP12,0.8950725595156351,0.8917654355367025,0.0033071239789326987,3,replogle_rpe1,1000,combined - random
RUVBL2,0.8731467127799988,0.8738095362981161,-0.0006628235181172689,3,replogle_rpe1,1000,combined - random
SERBP1,0.021267478664716084,0.021463584154844284,-0.00019610549012819925,3,replogle_rpe1,1000,combined - random
SETD5,0.6779680450757345,0.6768091718355814,0.0011588732401529949,3,replogle_rpe1,1000,combined - random
SRCAP,0.08543659498294194,0.08452883611122768,0.000907758871714274,3,replogle_rpe1,1000,combined - random
SRSF11,0.05242925509810448,0.052825890481472015,-0.00039663538336753845,3,replogle_rpe1,1000,combined - random
TAZ,0.4935816129048665,0.4995895524819692,-0.006007939577102661,3,replogle_rpe1,1000,combined - random
TFAM,0.003654889762401581,0.00830621582766374,-0.004651326065262158,3,replogle_rpe1,1000,combined - random
TRMT112,0.8831881483395895,0.8806193073590597,0.002568840980529785,3,replogle_rpe1,1000,combined - random
TRNT1,0.6433994968732198,0.6464161475499471,-0.003016650676727295,3,replogle_rpe1,1000,combined - random
TSSK3,0.29101434350013733,0.2950163384278615,-0.004001994927724202,3,replogle_rpe1,1000,combined - random
TVP23C,-0.17314280569553375,-0.172030508518219,-0.0011122971773147583,3,replogle_rpe1,1000,combined - random
VPS35,0.8447006940841675,0.842005213101705,0.002695480982462565,3,replogle_rpe1,1000,combined - random
WBP1,-0.23985058069229126,-0.24020250141620636,0.0003519207239151001,3,replogle_rpe1,1000,combined - random
ACTB,-0.22022892038027445,-0.21195885042349497,-0.00827006995677948,3,replogle_rpe1,1000,string_ppi - random
ADRM1,0.5206581354141235,0.5162579417228699,0.004400193691253662,3,replogle_rpe1,1000,string_ppi - random
ALG2,0.6871333916982015,0.6887678503990173,-0.0016344587008158367,3,replogle_rpe1,1000,string_ppi - random
CAMLG,0.27895129720369977,0.28030115365982056,-0.0013498564561208088,3,replogle_rpe1,1000,string_ppi - random
CCDC6,-0.2728934685389201,-0.2681122620900472,-0.004781206448872884,3,replogle_rpe1,1000,string_ppi - random
CCDC78,0.1657798339923223,0.1657602141300837,1.9619862238566082e-05,3,replogle_rpe1,1000,string_ppi - random
DDN,-0.1785267392794291,-0.17936396102110544,0.0008372217416763306,3,replogle_rpe1,1000,string_ppi - random
DDX46,0.8352319399515787,0.8329124450683594,0.002319494883219401,3,replogle_rpe1,1000,string_ppi - random
EMC3,0.6094398498535156,0.6080922484397888,0.0013476014137268066,3,replogle_rpe1,1000,string_ppi - random
FBXO42,-0.37551790475845337,-0.37241384387016296,-0.0031040608882904053,3,replogle_rpe1,1000,string_ppi - random
GEMIN4,0.7609070142110189,0.7597669561704,0.0011400580406188965,3,replogle_rpe1,1000,string_ppi - random
GFM1,0.21804983417193094,0.2253524363040924,-0.007302602132161458,3,replogle_rpe1,1000,string_ppi - random
GPS2,-0.057623145480950676,-0.05734483152627945,-0.00027831395467122394,3,replogle_rpe1,1000,string_ppi - random
HAUS3,0.8420197566350301,0.838109016418457,0.003910740216573079,3,replogle_rpe1,1000,string_ppi - random
HEATR1,0.8186466892560323,0.812132994333903,0.0065136949221293134,3,replogle_rpe1,1000,string_ppi - random
KCNA10,0.20003827412923178,0.20079964896043143,-0.000761374831199646,3,replogle_rpe1,1000,string_ppi - random
LIMS1,0.20433342456817627,0.20322653651237488,0.0011068880558013916,3,replogle_rpe1,1000,string_ppi - random
LRRC37A3,-0.2711660861968994,-0.26673513650894165,-0.004430949687957764,3,replogle_rpe1,1000,string_ppi - random
MALSU1,0.10961223393678665,0.11160186926523845,-0.0019896353284517923,3,replogle_rpe1,1000,string_ppi - random
MEN1,0.1487935185432434,0.14810063441594443,0.0006928841272989908,3,replogle_rpe1,1000,string_ppi - random
METTL1,0.18034342428048453,0.179619570573171,0.0007238537073135376,3,replogle_rpe1,1000,string_ppi - random
MRPS31,0.04379575823744138,0.04622319216529528,-0.0024274339278539023,3,replogle_rpe1,1000,string_ppi - random
N6AMT1,0.310722937186559,0.30887718002001446,0.0018457571665445964,3,replogle_rpe1,1000,string_ppi - random
NAA20,0.49452852209409076,0.4896010955174764,0.00492742657661438,3,replogle_rpe1,1000,string_ppi - random
NCOA4,0.05842331672708193,0.05741372083624204,0.0010095958908398945,3,replogle_rpe1,1000,string_ppi - random
NDUFA4,-0.06732109189033508,-0.06407563760876656,-0.0032454542815685272,3,replogle_rpe1,1000,string_ppi - random
NDUFS5,0.17056218286355337,0.16925141712029776,0.0013107657432556152,3,replogle_rpe1,1000,string_ppi - random
NOLC1,0.8570989370346069,0.8658635218938192,-0.00876458485921224,3,replogle_rpe1,1000,string_ppi - random
NOMO3,0.6881119807561239,0.6853148738543192,0.002797106901804606,3,replogle_rpe1,1000,string_ppi - random
OVCA2,0.3233614961306254,0.3234583338101705,-9.683767954508464e-05,3,replogle_rpe1,1000,string_ppi - random
PGAM5,-0.07371810575326283,-0.07043894131978352,-0.003279164433479309,3,replogle_rpe1,1000,string_ppi - random
POLR2D,0.5711474617322286,0.5710237820943197,0.00012367963790893555,3,replogle_rpe1,1000,string_ppi - random
POLR3C,0.7401613593101501,0.7391867836316427,0.0009745756785074869,3,replogle_rpe1,1000,string_ppi - random
PPP1R2,0.7488899032274882,0.7468717892964681,0.002018113931020101,3,replogle_rpe1,1000,string_ppi - random
PRC1,0.7945986191431681,0.7898299694061279,0.004768649737040202,3,replogle_rpe1,1000,string_ppi - random
PSTK,0.7964066863059998,0.7955837448438009,0.0008229414621988932,3,replogle_rpe1,1000,string_ppi - random
RRP12,0.8950505455334982,0.8917654355367025,0.0032851099967956543,3,replogle_rpe1,1000,string_ppi - random
RUVBL2,0.8755723635355631,0.8738095362981161,0.0017628272374471028,3,replogle_rpe1,1000,string_ppi - random
SERBP1,0.021457867075999577,0.021463584154844284,-5.717078844706218e-06,3,replogle_rpe1,1000,string_ppi - random
SETD5,0.6784546971321106,0.6768091718355814,0.001645525296529134,3,replogle_rpe1,1000,string_ppi - random
SRCAP,0.08327201257149379,0.08452883611122768,-0.0012568235397338867,3,replogle_rpe1,1000,string_ppi - random
SRSF11,0.05136307949821154,0.052825890481472015,-0.0014628109832604725,3,replogle_rpe1,1000,string_ppi - random
TAZ,0.49658893545468646,0.4995895524819692,-0.003000617027282715,3,replogle_rpe1,1000,string_ppi - random
TFAM,0.0019476025675733883,0.00830621582766374,-0.006358613260090351,3,replogle_rpe1,1000,string_ppi - random
TRMT112,0.8833762804667155,0.8806193073590597,0.0027569731076558432,3,replogle_rpe1,1000,string_ppi - random
TRNT1,0.6451155145963033,0.6464161475499471,-0.0013006329536437988,3,replogle_rpe1,1000,string_ppi - random
TSSK3,0.2927758991718292,0.2950163384278615,-0.002240439256032308,3,replogle_rpe1,1000,string_ppi - random
TVP23C,-0.1759131799141566,-0.172030508518219,-0.0038826713959376016,3,replogle_rpe1,1000,string_ppi - random
VPS35,0.8449400266011556,0.842005213101705,0.0029348134994506836,3,replogle_rpe1,1000,string_ppi - random
WBP1,-0.24045845369497934,-0.24020250141620636,-0.0002559522787729899,3,replogle_rpe1,1000,string_ppi - random
ACTB,-0.2699524561564128,-0.21195885042349497,-0.057993605732917786,3,replogle_rpe1,1000,gene_ontology - random
ADRM1,0.5154632131258646,0.5162579417228699,-0.0007947285970052084,3,replogle_rpe1,1000,gene_ontology - random
ALG2,0.6877119938532511,0.6887678503990173,-0.0010558565457661946,3,replogle_rpe1,1000,gene_ontology - random
CAMLG,0.28046202659606934,0.28030115365982056,0.0001608729362487793,3,replogle_rpe1,1000,gene_ontology - random
CCDC6,-0.27280184626579285,-0.2681122620900472,-0.0046895841757456464,3,replogle_rpe1,1000,gene_ontology - random
CCDC78,0.16665048897266388,0.1657602141300837,0.0008902748425801595,3,replogle_rpe1,1000,gene_ontology - random
DDN,-0.17862296104431152,-0.17936396102110544,0.0007409999767939249,3,replogle_rpe1,1000,gene_ontology - random
DDX46,0.8333344260851542,0.8329124450683594,0.0004219810167948405,3,replogle_rpe1,1000,gene_ontology - random
EMC3,0.6090681354204813,0.6080922484397888,0.0009758869806925455,3,replogle_rpe1,1000,gene_ontology - random
FBXO42,-0.3747659424940745,-0.37241384387016296,-0.0023520986239115396,3,replogle_rpe1,1000,gene_ontology - random
GEMIN4,0.7606183886528015,0.7597669561704,0.0008514324824015299,3,replogle_rpe1,1000,gene_ontology - random
GFM1,0.22559703886508942,0.2253524363040924,0.0002446025609970093,3,replogle_rpe1,1000,gene_ontology - random
GPS2,-0.05746553341547648,-0.05734483152627945,-0.00012070188919703166,3,replogle_rpe1,1000,gene_ontology - random
HAUS3,0.8390243053436279,0.838109016418457,0.0009152889251708984,3,replogle_rpe1,1000,gene_ontology - random
HEATR1,0.818280835946401,0.812132994333903,0.006147841612497966,3,replogle_rpe1,1000,gene_ontology - random
KCNA10,0.20025797684987387,0.20079964896043143,-0.0005416721105575562,3,replogle_rpe1,1000,gene_ontology - random
LIMS1,0.20261181394259134,0.20322653651237488,-0.0006147225697835287,3,replogle_rpe1,1000,gene_ontology - random
LRRC37A3,-0.269742488861084,-0.26673513650894165,-0.003007352352142334,3,replogle_rpe1,1000,gene_ontology - random
MALSU1,0.10941416770219803,0.11160186926523845,-0.0021877015630404153,3,replogle_rpe1,1000,gene_ontology - random
MEN1,0.14831181367238364,0.14810063441594443,0.00021117925643920898,3,replogle_rpe1,1000,gene_ontology - random
METTL1,0.17887249092260996,0.179619570573171,-0.0007470796505610148,3,replogle_rpe1,1000,gene_ontology - random
MRPS31,0.043679444740215935,0.04622319216529528,-0.0025437474250793457,3,replogle_rpe1,1000,gene_ontology - random
N6AMT1,0.3091157575448354,0.30887718002001446,0.00023857752482096353,3,replogle_rpe1,1000,gene_ontology - random
NAA20,0.49449945489565533,0.4896010955174764,0.004898359378178914,3,replogle_rpe1,1000,gene_ontology - random
NCOA4,0.057881892969210945,0.05741372083624204,0.0004681721329689026,3,replogle_rpe1,1000,gene_ontology - random
NDUFA4,-0.06826907893021901,-0.06407563760876656,-0.004193441321452458,3,replogle_rpe1,1000,gene_ontology - random
NDUFS5,0.16897990306218466,0.16925141712029776,-0.00027151405811309814,3,replogle_rpe1,1000,gene_ontology - random
NOLC1,0.8641280929247538,0.8658635218938192,-0.0017354289690653484,3,replogle_rpe1,1000,gene_ontology - random
NOMO3,0.686912735303243,0.6853148738543192,0.0015978614489237468,3,replogle_rpe1,1000,gene_ontology - random
OVCA2,0.3242226441701253,0.3234583338101705,0.000764310359954834,3,replogle_rpe1,1000,gene_ontology - random
PGAM5,-0.07294198125600815,-0.07043894131978352,-0.0025030399362246194,3,replogle_rpe1,1000,gene_ontology - random
POLR2D,0.5729194482167562,0.5710237820943197,0.0018956661224365234,3,replogle_rpe1,1000,gene_ontology - random
POLR3C,0.7400326331456503,0.7391867836316427,0.0008458495140075684,3,replogle_rpe1,1000,gene_ontology - random
PPP1R2,0.7509933908780416,0.7468717892964681,0.004121601581573486,3,replogle_rpe1,1000,gene_ontology - random
PRC1,0.7999779383341471,0.7898299694061279,0.010147968928019205,3,replogle_rpe1,1000,gene_ontology - random
PSTK,0.7969191869099935,0.7955837448438009,0.001335442066192627,3,replogle_rpe1,1000,gene_ontology - random
RRP12,0.894667406876882,0.8917654355367025,0.0029019713401794434,3,replogle_rpe1,1000,gene_ontology - random
RUVBL2,0.8744926055272421,0.8738095362981161,0.0006830692291259766,3,replogle_rpe1,1000,gene_ontology - random
SERBP1,0.020911632105708122,0.021463584154844284,-0.0005519520491361618,3,replogle_rpe1,1000,gene_ontology - random
SETD5,0.6771498521169027,0.6768091718355814,0.0003406802813212077,3,replogle_rpe1,1000,gene_ontology - random
SRCAP,0.08452281852563222,0.08452883611122768,-6.0175855954488116e-06,3,replogle_rpe1,1000,gene_ontology - random
SRSF11,0.052349597215652466,0.052825890481472015,-0.00047629326581954956,3,replogle_rpe1,1000,gene_ontology - random
TAZ,0.4946913917859395,0.4995895524819692,-0.004898160696029663,3,replogle_rpe1,1000,gene_ontology - random
TFAM,0.00014531301955382028,0.00830621582766374,-0.008160902808109919,3,replogle_rpe1,1000,gene_ontology - random
TRMT112,0.8814279437065125,0.8806193073590597,0.0008086363474527994,3,replogle_rpe1,1000,gene_ontology - random
TRNT1,0.6460672418276469,0.6464161475499471,-0.0003489057223002116,3,replogle_rpe1,1000,gene_ontology - random
TSSK3,0.2908571759859721,0.2950163384278615,-0.004159162441889445,3,replogle_rpe1,1000,gene_ontology - random
TVP23C,-0.17471817135810852,-0.172030508518219,-0.0026876628398895264,3,replogle_rpe1,1000,gene_ontology - random
VPS35,0.8459270199139913,0.842005213101705,0.003921806812286377,3,replogle_rpe1,1000,gene_ontology - random
WBP1,-0.23897466560204825,-0.24020250141620636,0.0012278358141581218,3,replogle_rpe1,1000,gene_ontology - random
